customer_id,signup_date,gender,city,channel,is_premium,age
CUST-00001,2023-04-25,F,Santa Marta,social_media,0,39
CUST-00002,2023-01-26,F,Barranquilla,presencial,0,33
CUST-00003,2023-10-09,M,Santa Marta,social_media,0,41
CUST-00004,2023-09-08,M,Cúcuta,social_media,0,50
CUST-00005,2023-08-17,M,Bogotá,social_media,1,32
CUST-00006,2023-05-23,F,Cartagena,presencial,1,32
CUST-00007,2023-04-15,F,Bogotá,online,0,50
CUST-00008,2024-07-12,M,Barranquilla,presencial,0,42
CUST-00009,2023-03-31,F,Cartagena,social_media,0,30
CUST-00010,2024-08-27,M,Cali,social_media,0,40
CUST-00011,2024-03-08,M,Medellín,online,1,30
CUST-00012,2023-02-02,F,Bucaramanga,social_media,0,30
CUST-00013,2023-01-31,F,Cali,online,0,37
CUST-00014,2023-04-06,F,Cúcuta,social_media,0,18
CUST-00015,2023-08-12,F,Bogotá,social_media,1,18
CUST-00016,2023-08-27,M,Cartagena,presencial,1,29
CUST-00017,2024-06-01,F,Medellín,presencial,0,24
CUST-00018,2023-01-28,F,Medellín,online,0,38
CUST-00019,2024-07-28,F,Barranquilla,presencial,1,25
CUST-00020,2023-07-23,F,Barranquilla,online,0,20
CUST-00021,2024-07-12,M,Barranquilla,presencial,0,49
CUST-00022,2024-03-05,M,Pereira,online,1,32
CUST-00023,2023-08-14,F,Bogotá,social_media,0,35
CUST-00024,2024-04-04,F,Manizales,online,0,20
CUST-00025,2024-08-26,M,Cúcuta,presencial,1,29
CUST-00026,2023-10-12,M,Santa Marta,online,0,36
CUST-00027,2023-01-07,F,Cúcuta,presencial,0,23
CUST-00028,2023-06-13,M,Bucaramanga,social_media,0,38
CUST-00029,2024-03-08,M,Barranquilla,presencial,1,28
CUST-00030,2023-12-15,M,Bucaramanga,social_media,0,32
CUST-00031,2023-10-12,M,Cúcuta,social_media,1,28
CUST-00032,2023-06-09,F,Pereira,presencial,0,53
CUST-00033,2023-08-09,M,Bucaramanga,social_media,0,34
CUST-00034,2023-12-11,M,Bogotá,presencial,0,24
CUST-00035,2023-04-15,F,Cartagena,online,1,43
CUST-00036,2023-04-05,F,Manizales,social_media,0,22
CUST-00037,2024-01-25,F,Manizales,online,1,37
CUST-00038,2023-04-10,M,Cúcuta,online,0,18
CUST-00039,2024-01-03,F,Santa Marta,presencial,1,21
CUST-00040,2023-12-19,M,Barranquilla,presencial,0,36
CUST-00041,2023-09-28,F,Cúcuta,social_media,0,42
CUST-00042,2023-02-14,M,Bucaramanga,presencial,0,36
CUST-00043,2024-04-15,F,Pereira,online,0,33
CUST-00044,2024-07-03,F,Cartagena,online,0,31
CUST-00045,2023-05-08,M,Manizales,online,0,20
CUST-00046,2024-01-23,F,Cali,social_media,0,27
CUST-00047,2023-03-22,F,Manizales,presencial,0,30
CUST-00048,2024-07-19,F,Cartagena,online,0,45
CUST-00049,2023-10-28,F,Bogotá,social_media,0,38
CUST-00050,2024-01-06,F,Bucaramanga,presencial,1,18
CUST-00051,2024-08-14,M,Medellín,presencial,0,38
CUST-00052,2023-07-16,M,Pereira,online,1,31
CUST-00053,2023-03-13,F,Santa Marta,social_media,0,28
CUST-00054,2023-02-16,F,Cali,online,0,41
CUST-00055,2023-08-22,M,Cúcuta,online,0,45
CUST-00056,2023-10-24,M,Barranquilla,social_media,0,44
CUST-00057,2023-03-23,F,Barranquilla,online,0,26
CUST-00058,2023-08-27,M,Barranquilla,social_media,0,31
CUST-00059,2023-04-14,F,Cali,social_media,0,38
CUST-00060,2024-01-25,F,Cartagena,online,0,44
CUST-00061,2023-10-12,F,Santa Marta,online,1,30
CUST-00062,2024-04-09,F,Manizales,presencial,0,33
CUST-00063,2024-01-09,M,Cúcuta,presencial,0,23
CUST-00064,2023-06-16,M,Medellín,social_media,0,23
CUST-00065,2024-01-15,M,Santa Marta,social_media,1,43
CUST-00066,2023-12-30,F,Cúcuta,social_media,0,48
CUST-00067,2023-08-03,M,Medellín,presencial,0,34
CUST-00068,2023-10-01,F,Pereira,online,0,45
CUST-00069,2023-03-15,F,Cartagena,online,0,38
CUST-00070,2023-06-25,M,Pereira,presencial,1,28
CUST-00071,2024-06-30,F,Cartagena,online,0,38
CUST-00072,2023-09-08,F,Bucaramanga,online,1,50
CUST-00073,2023-06-17,F,Manizales,online,1,34
CUST-00074,2024-04-18,M,Bogotá,presencial,0,50
CUST-00075,2024-01-24,F,Bogotá,social_media,0,18
CUST-00076,2023-10-04,M,Cartagena,online,1,43
CUST-00077,2024-07-24,F,Bogotá,online,0,35
CUST-00078,2023-08-13,M,Cali,social_media,1,32
CUST-00079,2023-11-29,F,Cúcuta,online,1,35
CUST-00080,2023-02-27,M,Santa Marta,online,1,18
CUST-00081,2023-08-23,M,Pereira,social_media,1,32
CUST-00082,2023-02-02,F,Bucaramanga,presencial,1,38
CUST-00083,2023-11-20,F,Manizales,presencial,0,49
CUST-00084,2024-02-15,F,Manizales,online,0,29
CUST-00085,2023-10-02,F,Bucaramanga,online,0,26
CUST-00086,2023-03-09,M,Barranquilla,social_media,1,29
CUST-00087,2023-08-05,F,Barranquilla,social_media,1,44
CUST-00088,2024-08-03,M,Barranquilla,online,0,38
CUST-00089,2023-11-19,F,Bucaramanga,online,0,29
CUST-00090,2023-08-06,M,Bogotá,presencial,0,40
CUST-00091,2024-05-26,M,Medellín,presencial,1,35
CUST-00092,2024-02-10,M,Bucaramanga,presencial,0,44
CUST-00093,2024-04-14,F,Bogotá,presencial,0,27
CUST-00094,2023-05-27,F,Santa Marta,social_media,1,31
CUST-00095,2023-09-29,M,Bucaramanga,presencial,0,31
CUST-00096,2023-05-23,M,Pereira,presencial,1,20
CUST-00097,2023-09-10,M,Bogotá,online,1,37
CUST-00098,2024-07-28,M,Manizales,presencial,1,37
CUST-00099,2024-07-05,M,Cartagena,online,0,35
CUST-00100,2023-09-27,F,Cartagena,online,0,32
CUST-00101,2024-08-21,M,Bucaramanga,presencial,1,20
CUST-00102,2024-03-14,F,Pereira,presencial,0,30
CUST-00103,2024-08-20,F,Pereira,online,0,31
CUST-00104,2024-02-13,F,Cartagena,social_media,1,26
CUST-00105,2024-01-06,M,Bogotá,online,0,33
CUST-00106,2023-08-13,M,Santa Marta,social_media,0,39
CUST-00107,2023-05-22,M,Bucaramanga,social_media,0,53
CUST-00108,2024-06-05,M,Santa Marta,presencial,1,36
CUST-00109,2024-05-20,F,Barranquilla,presencial,1,37
CUST-00110,2023-04-04,F,Medellín,presencial,0,34
CUST-00111,2023-02-18,F,Cali,presencial,0,18
CUST-00112,2023-04-23,M,Barranquilla,online,0,34
CUST-00113,2023-06-06,M,Cúcuta,social_media,0,35
CUST-00114,2023-06-13,M,Manizales,online,0,59
CUST-00115,2024-03-08,M,Cali,social_media,0,33
CUST-00116,2023-03-07,M,Manizales,online,0,38
CUST-00117,2024-01-30,M,Bucaramanga,social_media,0,34
CUST-00118,2024-01-26,F,Barranquilla,presencial,1,23
CUST-00119,2024-04-24,F,Pereira,social_media,0,46
CUST-00120,2024-06-25,M,Cartagena,presencial,1,42
CUST-00121,2023-09-15,F,Cartagena,social_media,1,42
CUST-00122,2024-07-20,F,Santa Marta,online,0,25
CUST-00123,2023-01-12,F,Cali,social_media,0,49
CUST-00124,2023-04-28,F,Cúcuta,online,1,20
CUST-00125,2024-07-03,M,Barranquilla,online,1,40
CUST-00126,2023-10-01,F,Cartagena,presencial,0,56
CUST-00127,2023-12-15,M,Bogotá,social_media,0,25
CUST-00128,2023-04-25,M,Pereira,online,0,29
CUST-00129,2023-10-28,F,Manizales,social_media,0,35
CUST-00130,2024-03-21,M,Bucaramanga,presencial,0,29
CUST-00131,2023-06-11,F,Santa Marta,presencial,0,19
CUST-00132,2024-04-09,M,Cali,social_media,0,35
CUST-00133,2023-01-04,M,Medellín,online,0,24
CUST-00134,2023-09-27,F,Cartagena,online,1,39
CUST-00135,2024-05-27,F,Santa Marta,online,1,25
CUST-00136,2023-07-02,M,Bogotá,social_media,1,50
CUST-00137,2024-06-03,F,Bogotá,online,0,27
CUST-00138,2023-04-19,M,Cúcuta,online,0,31
CUST-00139,2023-11-02,F,Cali,online,1,43
CUST-00140,2024-06-03,M,Cúcuta,presencial,0,22
CUST-00141,2023-07-23,M,Cali,online,0,37
CUST-00142,2023-06-06,M,Cartagena,social_media,0,48
CUST-00143,2024-01-18,M,Barranquilla,social_media,1,18
CUST-00144,2023-06-15,M,Bucaramanga,online,0,36
CUST-00145,2024-07-06,F,Manizales,social_media,0,37
CUST-00146,2024-06-27,M,Manizales,social_media,0,42
CUST-00147,2023-01-01,F,Barranquilla,online,1,22
CUST-00148,2023-11-28,F,Bogotá,presencial,0,21
CUST-00149,2024-05-15,M,Pereira,online,0,40
CUST-00150,2023-01-20,M,Bucaramanga,social_media,0,37
CUST-00151,2023-04-25,F,Cartagena,social_media,0,37
CUST-00152,2024-01-07,M,Barranquilla,online,0,38
CUST-00153,2023-11-11,M,Bucaramanga,social_media,0,28
CUST-00154,2023-09-03,F,Manizales,presencial,1,37
CUST-00155,2023-03-01,F,Bucaramanga,online,1,37
CUST-00156,2023-09-04,F,Cali,social_media,0,27
CUST-00157,2024-08-03,F,Santa Marta,presencial,0,53
CUST-00158,2023-03-22,F,Cali,social_media,0,39
CUST-00159,2023-03-29,F,Barranquilla,presencial,1,23
CUST-00160,2024-05-12,M,Cartagena,social_media,0,41
CUST-00161,2023-03-12,F,Medellín,online,0,25
CUST-00162,2024-06-29,F,Cúcuta,social_media,0,42
CUST-00163,2023-05-09,M,Cúcuta,online,0,46
CUST-00164,2023-05-12,M,Medellín,presencial,0,26
CUST-00165,2024-05-01,M,Bucaramanga,presencial,0,44
CUST-00166,2024-07-16,M,Medellín,social_media,0,39
CUST-00167,2023-06-19,M,Cúcuta,online,1,43
CUST-00168,2023-09-29,M,Bogotá,online,1,53
CUST-00169,2024-06-24,F,Manizales,presencial,0,32
CUST-00170,2024-03-09,M,Cúcuta,presencial,0,27
CUST-00171,2023-08-05,M,Cúcuta,social_media,0,26
CUST-00172,2024-07-06,M,Bogotá,presencial,0,26
CUST-00173,2023-07-25,M,Cúcuta,presencial,0,34
CUST-00174,2023-11-16,F,Bucaramanga,online,0,38
CUST-00175,2024-02-13,M,Bogotá,online,1,37
CUST-00176,2024-01-18,M,Manizales,online,0,43
CUST-00177,2024-03-24,F,Cartagena,presencial,0,35
CUST-00178,2024-06-13,F,Cali,social_media,0,49
CUST-00179,2024-04-07,F,Cartagena,social_media,0,32
CUST-00180,2023-05-04,M,Bogotá,presencial,1,62
CUST-00181,2023-09-11,F,Bogotá,social_media,1,41
CUST-00182,2023-08-19,F,Barranquilla,presencial,0,26
CUST-00183,2023-03-07,F,Santa Marta,social_media,1,24
CUST-00184,2023-12-13,M,Santa Marta,presencial,0,39
CUST-00185,2023-01-22,M,Bogotá,online,1,32
CUST-00186,2024-08-25,F,Cali,social_media,0,42
CUST-00187,2024-07-21,M,Barranquilla,online,0,39
CUST-00188,2023-08-24,M,Medellín,online,0,34
CUST-00189,2024-08-25,M,Pereira,social_media,0,26
CUST-00190,2023-08-14,M,Cali,presencial,1,19
CUST-00191,2023-01-08,M,Bogotá,online,0,30
CUST-00192,2023-03-14,F,Bogotá,online,0,43
CUST-00193,2023-03-02,F,Cali,presencial,1,37
CUST-00194,2023-08-23,F,Bucaramanga,presencial,0,22
CUST-00195,2023-03-11,F,Barranquilla,social_media,0,36
CUST-00196,2023-02-02,M,Bogotá,social_media,1,38
CUST-00197,2023-12-05,F,Pereira,presencial,1,26
CUST-00198,2023-03-14,F,Medellín,online,0,36
CUST-00199,2024-06-10,M,Cartagena,presencial,0,35
CUST-00200,2023-09-01,M,Manizales,social_media,1,23
CUST-00201,2023-10-13,M,Pereira,online,0,38
CUST-00202,2024-05-12,M,Manizales,online,0,40
CUST-00203,2023-08-08,F,Cúcuta,social_media,0,45
CUST-00204,2024-07-06,M,Bucaramanga,online,0,45
CUST-00205,2023-05-16,M,Pereira,presencial,0,21
CUST-00206,2024-08-07,M,Santa Marta,social_media,1,25
CUST-00207,2024-08-13,M,Bucaramanga,online,0,40
CUST-00208,2024-04-29,M,Santa Marta,social_media,1,40
CUST-00209,2023-09-06,M,Medellín,online,0,40
CUST-00210,2024-04-29,F,Medellín,presencial,0,72
CUST-00211,2024-02-21,F,Medellín,social_media,0,40
CUST-00212,2023-07-14,F,Bucaramanga,online,1,46
CUST-00213,2023-04-07,M,Medellín,presencial,0,44
CUST-00214,2023-04-10,M,Cali,presencial,0,41
CUST-00215,2024-03-17,F,Manizales,presencial,1,31
CUST-00216,2023-12-29,F,Manizales,online,1,42
CUST-00217,2024-03-09,F,Barranquilla,online,0,27
CUST-00218,2024-02-25,F,Santa Marta,presencial,0,32
CUST-00219,2024-04-23,M,Manizales,presencial,0,30
CUST-00220,2023-02-25,F,Bogotá,presencial,0,35
CUST-00221,2023-04-11,M,Manizales,presencial,1,58
CUST-00222,2023-03-04,M,Bogotá,presencial,0,18
CUST-00223,2024-02-17,M,Barranquilla,online,0,41
CUST-00224,2023-12-14,F,Cúcuta,social_media,0,18
CUST-00225,2023-04-22,F,Bucaramanga,social_media,0,30
CUST-00226,2023-09-12,F,Pereira,social_media,1,45
CUST-00227,2023-07-16,M,Cúcuta,online,1,35
CUST-00228,2023-07-14,M,Barranquilla,social_media,0,24
CUST-00229,2024-07-03,F,Manizales,social_media,0,27
CUST-00230,2024-04-04,M,Manizales,social_media,0,41
CUST-00231,2023-05-24,F,Santa Marta,social_media,0,27
CUST-00232,2024-03-08,M,Bucaramanga,presencial,0,37
CUST-00233,2023-07-07,M,Barranquilla,online,1,35
CUST-00234,2023-10-13,M,Medellín,social_media,0,28
CUST-00235,2024-04-18,M,Pereira,presencial,0,56
CUST-00236,2023-09-13,M,Cúcuta,social_media,0,41
CUST-00237,2023-03-19,M,Cali,social_media,0,18
CUST-00238,2024-03-29,M,Cali,social_media,0,36
CUST-00239,2024-07-17,F,Cali,social_media,1,28
CUST-00240,2023-04-11,M,Barranquilla,social_media,0,43
CUST-00241,2023-02-21,M,Medellín,presencial,0,27
CUST-00242,2024-07-07,F,Cartagena,social_media,0,33
CUST-00243,2023-01-16,F,Cali,presencial,0,40
CUST-00244,2023-04-06,F,Cúcuta,social_media,0,43
CUST-00245,2023-08-31,F,Cartagena,online,0,22
CUST-00246,2023-06-20,M,Pereira,presencial,1,31
CUST-00247,2024-02-21,M,Santa Marta,social_media,1,30
CUST-00248,2024-05-12,F,Medellín,presencial,1,28
CUST-00249,2024-05-07,M,Santa Marta,social_media,0,52
CUST-00250,2023-08-07,F,Cúcuta,social_media,0,39
CUST-00251,2024-02-15,M,Bucaramanga,presencial,0,22
CUST-00252,2023-03-02,M,Bucaramanga,social_media,0,44
CUST-00253,2023-06-18,M,Cali,social_media,0,56
CUST-00254,2024-01-24,M,Cúcuta,social_media,0,45
CUST-00255,2023-01-03,M,Santa Marta,social_media,1,19
CUST-00256,2024-02-04,F,Barranquilla,social_media,0,30
CUST-00257,2023-09-29,M,Cartagena,social_media,1,47
CUST-00258,2024-04-10,M,Cali,presencial,0,27
CUST-00259,2023-10-20,M,Cartagena,online,0,39
CUST-00260,2024-03-09,M,Manizales,social_media,1,42
CUST-00261,2024-07-23,M,Manizales,presencial,0,25
CUST-00262,2024-05-13,F,Manizales,online,1,34
CUST-00263,2023-06-08,M,Bucaramanga,presencial,0,18
CUST-00264,2023-07-14,F,Bogotá,online,0,24
CUST-00265,2023-10-31,M,Cúcuta,online,0,32
CUST-00266,2023-08-11,M,Bucaramanga,online,0,22
CUST-00267,2023-03-01,F,Cúcuta,presencial,1,51
CUST-00268,2024-08-16,M,Pereira,online,0,20
CUST-00269,2024-07-09,M,Santa Marta,social_media,0,30
CUST-00270,2023-03-04,F,Manizales,social_media,1,36
CUST-00271,2023-11-18,M,Manizales,online,1,49
CUST-00272,2023-02-28,F,Pereira,online,0,20
CUST-00273,2023-02-21,F,Medellín,social_media,0,46
CUST-00274,2024-08-21,F,Bogotá,presencial,1,35
CUST-00275,2024-05-03,M,Medellín,presencial,1,25
CUST-00276,2024-05-29,M,Bucaramanga,social_media,1,39
CUST-00277,2024-06-27,F,Medellín,presencial,0,36
CUST-00278,2023-06-11,M,Cúcuta,presencial,0,28
CUST-00279,2023-02-28,F,Barranquilla,online,0,35
CUST-00280,2024-06-04,M,Cúcuta,presencial,0,31
CUST-00281,2023-03-24,F,Cali,social_media,0,36
CUST-00282,2023-07-10,M,Bucaramanga,presencial,0,41
CUST-00283,2023-03-12,F,Manizales,online,0,50
CUST-00284,2023-03-11,M,Bucaramanga,social_media,0,22
CUST-00285,2023-08-29,F,Medellín,social_media,1,56
CUST-00286,2024-02-18,M,Cartagena,social_media,1,18
CUST-00287,2023-05-03,F,Bucaramanga,online,0,33
CUST-00288,2024-08-06,M,Santa Marta,social_media,1,40
CUST-00289,2023-09-10,M,Bucaramanga,online,1,37
CUST-00290,2024-08-15,F,Cúcuta,online,0,28
CUST-00291,2024-08-31,M,Cartagena,presencial,0,32
CUST-00292,2023-02-10,M,Bogotá,social_media,0,30
CUST-00293,2023-03-25,M,Cúcuta,presencial,0,29
CUST-00294,2024-03-05,M,Cartagena,presencial,0,43
CUST-00295,2024-08-20,F,Cartagena,online,0,38
CUST-00296,2024-08-01,M,Bucaramanga,presencial,0,28
CUST-00297,2024-06-19,M,Pereira,presencial,0,43
CUST-00298,2023-11-20,F,Barranquilla,presencial,0,38
CUST-00299,2023-09-25,M,Pereira,social_media,0,43
CUST-00300,2023-07-29,F,Cartagena,presencial,0,41
CUST-00301,2023-11-18,M,Bucaramanga,online,0,26
CUST-00302,2023-09-02,F,Barranquilla,social_media,0,29
CUST-00303,2023-09-29,M,Manizales,online,1,42
CUST-00304,2024-02-10,F,Santa Marta,social_media,0,41
CUST-00305,2023-05-15,F,Medellín,social_media,0,34
CUST-00306,2023-11-04,F,Barranquilla,social_media,1,36
CUST-00307,2024-04-13,M,Manizales,online,1,47
CUST-00308,2023-11-20,F,Manizales,presencial,0,29
CUST-00309,2023-03-16,M,Santa Marta,social_media,0,40
CUST-00310,2023-01-10,F,Cali,online,0,32
CUST-00311,2024-04-14,F,Bogotá,social_media,0,32
CUST-00312,2024-07-30,F,Santa Marta,presencial,0,45
CUST-00313,2023-04-13,M,Bogotá,social_media,0,43
CUST-00314,2023-03-17,M,Cali,online,1,43
CUST-00315,2024-07-04,F,Cali,social_media,0,48
CUST-00316,2023-08-07,F,Santa Marta,online,0,35
CUST-00317,2024-06-02,F,Bogotá,presencial,0,41
CUST-00318,2023-09-29,F,Pereira,presencial,1,31
CUST-00319,2023-05-16,F,Medellín,social_media,0,38
CUST-00320,2023-12-24,F,Pereira,presencial,0,33
CUST-00321,2023-03-12,F,Bogotá,online,0,35
CUST-00322,2023-09-08,F,Cúcuta,social_media,0,40
CUST-00323,2024-01-14,M,Cúcuta,online,0,26
CUST-00324,2023-10-19,F,Manizales,social_media,1,55
CUST-00325,2023-06-11,M,Cúcuta,online,0,24
CUST-00326,2024-03-24,F,Cúcuta,social_media,0,22
CUST-00327,2024-07-10,M,Medellín,online,0,46
CUST-00328,2023-11-06,M,Cali,online,1,42
CUST-00329,2024-06-25,F,Manizales,social_media,0,41
CUST-00330,2023-01-09,M,Cali,online,1,41
CUST-00331,2024-07-21,M,Bogotá,presencial,0,34
CUST-00332,2023-11-03,F,Santa Marta,online,0,26
CUST-00333,2023-04-17,F,Manizales,social_media,1,35
CUST-00334,2023-05-18,F,Barranquilla,presencial,0,28
CUST-00335,2023-09-28,M,Manizales,presencial,0,44
CUST-00336,2023-04-29,F,Cartagena,online,0,33
CUST-00337,2023-04-20,M,Cali,online,0,26
CUST-00338,2024-07-20,F,Bogotá,online,0,31
CUST-00339,2023-06-09,F,Cúcuta,presencial,0,39
CUST-00340,2023-10-06,M,Cartagena,presencial,0,29
CUST-00341,2023-10-16,M,Bucaramanga,presencial,0,26
CUST-00342,2023-08-04,M,Barranquilla,social_media,0,37
CUST-00343,2023-12-18,F,Pereira,social_media,0,37
CUST-00344,2023-07-28,F,Cali,online,0,29
CUST-00345,2023-09-28,F,Pereira,social_media,0,30
CUST-00346,2024-06-01,M,Bogotá,social_media,1,37
CUST-00347,2024-05-15,M,Pereira,online,0,20
CUST-00348,2023-09-15,M,Bogotá,online,0,20
CUST-00349,2023-02-22,M,Bogotá,presencial,0,27
CUST-00350,2023-04-05,F,Medellín,presencial,0,32
CUST-00351,2024-03-09,M,Medellín,online,0,38
CUST-00352,2023-10-11,M,Barranquilla,online,0,49
CUST-00353,2023-02-15,F,Bogotá,social_media,0,43
CUST-00354,2023-01-04,F,Barranquilla,social_media,0,33
CUST-00355,2023-12-08,M,Medellín,social_media,0,34
CUST-00356,2023-05-14,M,Barranquilla,online,0,24
CUST-00357,2023-09-26,M,Barranquilla,online,0,34
CUST-00358,2023-06-15,M,Santa Marta,presencial,0,32
CUST-00359,2024-03-28,M,Santa Marta,social_media,0,38
CUST-00360,2024-07-18,M,Bogotá,presencial,1,26
CUST-00361,2024-03-13,F,Cartagena,online,0,40
CUST-00362,2024-07-28,F,Pereira,social_media,0,50
CUST-00363,2023-01-10,F,Barranquilla,presencial,1,33
CUST-00364,2023-04-25,F,Cartagena,online,0,39
CUST-00365,2023-03-19,M,Medellín,presencial,1,41
CUST-00366,2023-06-02,M,Cali,social_media,0,30
CUST-00367,2024-07-12,M,Pereira,presencial,0,37
CUST-00368,2023-02-06,M,Cúcuta,presencial,0,35
CUST-00369,2024-01-14,F,Pereira,online,0,35
CUST-00370,2024-08-19,M,Barranquilla,social_media,1,27
CUST-00371,2024-07-19,M,Bogotá,presencial,1,35
CUST-00372,2023-06-01,M,Bogotá,online,0,39
CUST-00373,2024-03-16,M,Barranquilla,social_media,0,49
CUST-00374,2023-05-11,F,Barranquilla,online,1,44
CUST-00375,2023-02-12,M,Bucaramanga,social_media,1,56
CUST-00376,2023-11-12,F,Pereira,online,0,27
CUST-00377,2024-01-09,M,Santa Marta,online,1,43
CUST-00378,2023-02-10,M,Santa Marta,online,1,36
CUST-00379,2024-01-02,M,Cúcuta,presencial,0,56
CUST-00380,2023-08-04,F,Cartagena,presencial,0,26
CUST-00381,2023-09-13,M,Cúcuta,online,1,26
CUST-00382,2023-04-16,M,Cali,social_media,0,29
CUST-00383,2023-12-29,M,Cali,online,0,18
CUST-00384,2024-07-27,F,Bucaramanga,presencial,0,29
CUST-00385,2024-02-21,F,Bogotá,social_media,1,27
CUST-00386,2023-06-08,M,Pereira,presencial,0,36
CUST-00387,2023-08-31,F,Cali,online,0,38
CUST-00388,2023-06-16,M,Cartagena,presencial,0,53
CUST-00389,2023-07-01,M,Pereira,presencial,0,44
CUST-00390,2024-02-27,F,Pereira,presencial,1,29
CUST-00391,2023-01-26,M,Santa Marta,online,1,26
CUST-00392,2023-07-03,M,Bogotá,presencial,0,39
CUST-00393,2023-12-07,F,Cali,online,0,21
CUST-00394,2024-02-26,F,Santa Marta,online,0,53
CUST-00395,2023-09-12,F,Manizales,presencial,0,46
CUST-00396,2023-10-01,F,Medellín,social_media,1,30
CUST-00397,2023-06-13,M,Manizales,presencial,1,18
CUST-00398,2023-04-21,M,Manizales,presencial,0,48
CUST-00399,2024-01-27,M,Medellín,presencial,0,33
CUST-00400,2023-02-09,M,Manizales,social_media,0,47
CUST-00401,2024-04-26,M,Cali,social_media,0,19
CUST-00402,2023-08-16,M,Pereira,online,0,29
CUST-00403,2023-07-24,M,Santa Marta,social_media,0,35
CUST-00404,2024-04-16,M,Barranquilla,social_media,0,35
CUST-00405,2023-12-25,F,Bucaramanga,presencial,0,30
CUST-00406,2023-11-09,M,Santa Marta,online,1,41
CUST-00407,2023-08-22,M,Cartagena,online,0,24
CUST-00408,2023-08-17,M,Bogotá,social_media,1,33
CUST-00409,2023-01-25,M,Cali,social_media,0,36
CUST-00410,2023-07-17,M,Santa Marta,presencial,0,40
CUST-00411,2024-02-13,F,Cali,social_media,0,42
CUST-00412,2023-12-03,F,Cúcuta,social_media,0,23
CUST-00413,2023-10-13,F,Medellín,online,0,19
CUST-00414,2023-03-13,M,Barranquilla,social_media,0,47
CUST-00415,2023-10-13,M,Cartagena,presencial,1,38
CUST-00416,2023-12-26,M,Pereira,online,1,27
CUST-00417,2024-06-05,M,Pereira,online,0,50
CUST-00418,2024-02-14,F,Santa Marta,social_media,0,36
CUST-00419,2024-07-03,F,Manizales,presencial,0,46
CUST-00420,2023-12-06,M,Medellín,online,0,35
CUST-00421,2023-01-29,M,Manizales,presencial,0,55
CUST-00422,2023-04-29,F,Manizales,presencial,1,52
CUST-00423,2023-09-25,F,Cartagena,social_media,0,32
CUST-00424,2023-07-02,F,Cali,presencial,1,44
CUST-00425,2024-08-17,F,Santa Marta,online,0,41
CUST-00426,2023-09-29,F,Pereira,social_media,0,48
CUST-00427,2023-02-09,F,Bogotá,online,0,25
CUST-00428,2023-04-22,F,Manizales,presencial,0,41
CUST-00429,2024-03-20,M,Cúcuta,presencial,1,45
CUST-00430,2023-12-20,M,Cartagena,social_media,1,18
CUST-00431,2023-11-18,F,Bucaramanga,social_media,0,23
CUST-00432,2024-03-22,M,Santa Marta,online,1,18
CUST-00433,2024-06-07,F,Cúcuta,online,0,32
CUST-00434,2023-04-29,M,Manizales,presencial,0,42
CUST-00435,2024-01-30,F,Cali,social_media,1,50
CUST-00436,2024-08-13,M,Cartagena,presencial,0,35
CUST-00437,2023-07-14,F,Barranquilla,presencial,0,51
CUST-00438,2023-09-18,M,Bogotá,online,0,21
CUST-00439,2023-02-15,M,Cartagena,online,0,18
CUST-00440,2024-03-22,F,Cúcuta,online,0,34
CUST-00441,2023-01-02,F,Pereira,social_media,0,38
CUST-00442,2024-06-16,F,Bogotá,online,0,34
CUST-00443,2024-07-05,M,Barranquilla,social_media,0,18
CUST-00444,2023-07-21,M,Bucaramanga,presencial,0,34
CUST-00445,2024-01-08,M,Santa Marta,social_media,1,21
CUST-00446,2024-03-17,M,Manizales,online,0,41
CUST-00447,2023-03-13,F,Medellín,social_media,0,38
CUST-00448,2023-12-05,F,Cali,social_media,0,25
CUST-00449,2023-11-18,M,Cúcuta,online,0,29
CUST-00450,2023-05-08,F,Cartagena,online,0,24
CUST-00451,2023-11-04,F,Pereira,presencial,1,34
CUST-00452,2024-06-03,F,Cali,social_media,0,44
CUST-00453,2023-11-13,F,Pereira,presencial,0,25
CUST-00454,2024-02-23,M,Cartagena,presencial,1,40
CUST-00455,2023-12-01,F,Cúcuta,social_media,1,29
CUST-00456,2024-02-17,F,Bucaramanga,presencial,0,27
CUST-00457,2023-10-30,F,Bucaramanga,social_media,0,33
CUST-00458,2024-07-21,M,Barranquilla,presencial,0,24
CUST-00459,2023-05-11,F,Manizales,presencial,0,29
CUST-00460,2023-07-16,M,Santa Marta,social_media,0,23
CUST-00461,2024-03-06,M,Medellín,online,0,54
CUST-00462,2024-01-24,F,Santa Marta,social_media,0,35
CUST-00463,2023-06-28,F,Barranquilla,online,1,28
CUST-00464,2024-08-05,M,Bucaramanga,social_media,0,37
CUST-00465,2023-11-05,M,Pereira,social_media,0,33
CUST-00466,2024-02-20,M,Barranquilla,online,0,32
CUST-00467,2024-07-15,M,Manizales,online,0,41
CUST-00468,2023-01-01,F,Cúcuta,social_media,0,42
CUST-00469,2023-11-08,M,Manizales,social_media,0,29
CUST-00470,2023-10-21,F,Bogotá,social_media,1,29
CUST-00471,2023-08-04,F,Manizales,online,0,32
CUST-00472,2024-03-16,M,Cúcuta,social_media,0,18
CUST-00473,2024-08-16,F,Cali,online,0,19
CUST-00474,2023-11-26,M,Cartagena,presencial,1,48
CUST-00475,2024-04-21,M,Cúcuta,online,1,51
CUST-00476,2024-03-28,M,Manizales,presencial,1,32
CUST-00477,2024-03-28,F,Bucaramanga,social_media,0,40
CUST-00478,2023-08-07,F,Barranquilla,social_media,1,38
CUST-00479,2024-06-07,M,Barranquilla,online,1,65
CUST-00480,2024-04-29,F,Barranquilla,presencial,0,46
CUST-00481,2023-06-23,F,Bucaramanga,social_media,0,33
CUST-00482,2023-03-28,F,Pereira,social_media,1,25
CUST-00483,2023-10-18,F,Cartagena,presencial,1,18
CUST-00484,2024-06-11,F,Cúcuta,social_media,1,37
CUST-00485,2023-12-10,M,Manizales,social_media,0,27
CUST-00486,2023-04-06,F,Pereira,online,1,20
CUST-00487,2023-08-29,F,Manizales,social_media,0,28
CUST-00488,2023-11-14,M,Barranquilla,presencial,0,24
CUST-00489,2023-08-19,F,Manizales,social_media,1,51
CUST-00490,2023-07-23,F,Bucaramanga,online,1,43
CUST-00491,2023-05-31,F,Cali,social_media,0,34
CUST-00492,2023-01-26,M,Manizales,presencial,1,49
CUST-00493,2023-02-17,F,Pereira,social_media,0,35
CUST-00494,2023-09-08,F,Cúcuta,presencial,0,26
CUST-00495,2024-05-01,M,Cartagena,online,1,50
CUST-00496,2023-03-16,M,Barranquilla,social_media,1,40
CUST-00497,2024-04-11,F,Bogotá,social_media,0,24
CUST-00498,2024-02-29,M,Cúcuta,online,0,33
CUST-00499,2024-08-12,M,Cali,presencial,0,26
CUST-00500,2023-07-19,M,Medellín,presencial,1,21
CUST-00501,2024-01-29,F,Manizales,social_media,1,44
CUST-00502,2024-05-21,F,Manizales,presencial,1,54
CUST-00503,2024-02-14,M,Cartagena,presencial,0,21
CUST-00504,2023-09-07,M,Cartagena,social_media,1,40
CUST-00505,2023-06-01,M,Barranquilla,presencial,1,28
CUST-00506,2023-01-06,M,Bogotá,presencial,0,30
CUST-00507,2023-04-20,F,Bogotá,social_media,0,29
CUST-00508,2024-03-11,M,Bucaramanga,social_media,0,26
CUST-00509,2023-08-13,F,Barranquilla,presencial,1,35
CUST-00510,2023-06-30,M,Barranquilla,social_media,0,26
CUST-00511,2024-06-14,F,Cali,presencial,1,37
CUST-00512,2024-04-20,F,Santa Marta,presencial,0,34
CUST-00513,2023-02-21,M,Cali,presencial,0,32
CUST-00514,2024-07-24,F,Manizales,presencial,1,25
CUST-00515,2023-09-13,F,Medellín,social_media,0,29
CUST-00516,2023-05-05,F,Barranquilla,social_media,0,42
CUST-00517,2024-04-12,M,Bogotá,online,0,40
CUST-00518,2023-05-17,F,Cartagena,social_media,0,25
CUST-00519,2024-04-20,F,Medellín,online,1,35
CUST-00520,2024-06-27,M,Bogotá,presencial,1,42
CUST-00521,2024-07-26,M,Bogotá,social_media,0,18
CUST-00522,2023-11-21,F,Medellín,presencial,1,40
CUST-00523,2024-03-29,F,Cartagena,online,0,28
CUST-00524,2024-05-31,M,Santa Marta,social_media,0,40
CUST-00525,2024-03-12,M,Bucaramanga,social_media,1,27
CUST-00526,2024-07-15,F,Barranquilla,social_media,0,18
CUST-00527,2024-04-01,F,Cali,social_media,0,18
CUST-00528,2023-06-12,M,Manizales,presencial,1,35
CUST-00529,2024-05-01,M,Cali,social_media,0,37
CUST-00530,2024-04-05,F,Bogotá,online,0,25
CUST-00531,2023-09-23,F,Barranquilla,social_media,0,41
CUST-00532,2023-09-11,M,Cartagena,online,1,18
CUST-00533,2023-10-11,F,Cartagena,online,0,34
CUST-00534,2024-06-17,F,Cartagena,presencial,0,22
CUST-00535,2024-05-11,F,Manizales,social_media,1,28
CUST-00536,2023-09-02,F,Manizales,online,1,35
CUST-00537,2023-10-09,M,Barranquilla,social_media,0,26
CUST-00538,2024-03-26,M,Santa Marta,presencial,0,31
CUST-00539,2023-03-21,F,Bogotá,presencial,0,45
CUST-00540,2023-10-20,F,Cartagena,social_media,0,29
CUST-00541,2023-08-29,F,Cartagena,online,0,43
CUST-00542,2023-10-06,F,Cartagena,presencial,0,23
CUST-00543,2023-12-10,M,Manizales,online,0,40
CUST-00544,2023-11-24,F,Santa Marta,online,0,49
CUST-00545,2024-07-07,F,Cali,social_media,0,18
CUST-00546,2023-03-24,M,Santa Marta,presencial,1,27
CUST-00547,2023-05-22,M,Manizales,social_media,0,40
CUST-00548,2023-06-04,F,Cali,social_media,0,32
CUST-00549,2023-08-25,M,Medellín,social_media,1,38
CUST-00550,2024-01-28,M,Barranquilla,online,0,28
CUST-00551,2023-06-06,F,Medellín,social_media,0,35
CUST-00552,2023-08-08,F,Barranquilla,presencial,1,33
CUST-00553,2023-03-07,M,Cartagena,online,0,46
CUST-00554,2024-02-29,F,Medellín,social_media,0,37
CUST-00555,2024-02-22,M,Manizales,presencial,1,38
CUST-00556,2023-12-05,M,Bogotá,social_media,0,30
CUST-00557,2024-07-09,M,Cali,social_media,1,30
CUST-00558,2024-04-22,F,Pereira,social_media,1,30
CUST-00559,2024-03-01,F,Cúcuta,online,0,38
CUST-00560,2023-03-05,M,Bogotá,social_media,0,30
CUST-00561,2023-07-31,M,Medellín,presencial,1,37
CUST-00562,2024-03-06,F,Cali,social_media,0,55
CUST-00563,2024-02-03,M,Medellín,social_media,1,43
CUST-00564,2024-08-21,M,Medellín,online,0,31
CUST-00565,2023-01-21,F,Bucaramanga,social_media,0,47
CUST-00566,2024-08-12,F,Pereira,presencial,0,30
CUST-00567,2024-01-25,F,Bucaramanga,presencial,0,18
CUST-00568,2024-05-03,F,Bucaramanga,social_media,0,24
CUST-00569,2023-01-07,M,Santa Marta,presencial,0,18
CUST-00570,2023-12-27,F,Manizales,presencial,1,31
CUST-00571,2023-11-02,F,Manizales,social_media,0,35
CUST-00572,2024-02-04,M,Bucaramanga,presencial,0,51
CUST-00573,2024-03-05,M,Cartagena,presencial,0,38
CUST-00574,2024-07-05,M,Santa Marta,social_media,1,32
CUST-00575,2024-07-13,F,Medellín,online,0,43
CUST-00576,2023-08-14,M,Pereira,online,1,18
CUST-00577,2024-05-14,F,Bucaramanga,social_media,1,37
CUST-00578,2023-08-13,M,Pereira,online,0,42
CUST-00579,2023-10-07,F,Barranquilla,online,0,20
CUST-00580,2024-03-22,M,Santa Marta,online,0,46
CUST-00581,2024-05-12,F,Pereira,online,0,38
CUST-00582,2023-01-30,F,Medellín,social_media,0,30
CUST-00583,2024-02-03,M,Barranquilla,online,0,41
CUST-00584,2023-12-11,M,Cartagena,online,0,57
CUST-00585,2024-02-19,F,Medellín,social_media,0,36
CUST-00586,2023-06-19,M,Cúcuta,social_media,0,37
CUST-00587,2024-04-23,F,Manizales,online,1,30
CUST-00588,2023-05-11,F,Bogotá,presencial,0,26
CUST-00589,2024-06-30,F,Cali,social_media,0,43
CUST-00590,2023-01-28,M,Bogotá,social_media,1,26
CUST-00591,2024-02-08,F,Cartagena,online,0,35
CUST-00592,2024-08-29,F,Manizales,presencial,0,30
CUST-00593,2024-07-31,F,Pereira,social_media,0,39
CUST-00594,2023-01-28,F,Santa Marta,social_media,1,38
CUST-00595,2023-03-27,M,Medellín,social_media,0,45
CUST-00596,2024-03-14,M,Manizales,presencial,0,29
CUST-00597,2023-05-19,F,Manizales,social_media,0,32
CUST-00598,2024-04-17,M,Bucaramanga,social_media,0,25
CUST-00599,2023-07-06,M,Cali,presencial,0,30
CUST-00600,2023-02-21,F,Medellín,social_media,0,38
CUST-00601,2023-09-24,M,Manizales,presencial,0,42
CUST-00602,2024-01-24,M,Bucaramanga,presencial,0,25
CUST-00603,2023-12-02,M,Barranquilla,presencial,0,43
CUST-00604,2023-08-05,M,Cartagena,online,1,48
CUST-00605,2024-04-10,M,Cartagena,social_media,1,39
CUST-00606,2023-12-01,M,Santa Marta,social_media,0,53
CUST-00607,2023-12-12,F,Santa Marta,social_media,1,27
CUST-00608,2024-01-24,M,Manizales,presencial,0,22
CUST-00609,2023-10-12,F,Manizales,online,1,18
CUST-00610,2024-03-07,F,Medellín,presencial,0,49
CUST-00611,2023-09-16,F,Cali,social_media,0,41
CUST-00612,2023-03-25,M,Manizales,presencial,1,34
CUST-00613,2024-04-26,M,Cartagena,online,1,37
CUST-00614,2023-01-20,F,Pereira,social_media,0,23
CUST-00615,2024-07-06,F,Manizales,presencial,0,59
CUST-00616,2023-02-23,F,Bucaramanga,online,1,36
CUST-00617,2023-12-25,M,Cartagena,presencial,0,36
CUST-00618,2023-08-18,M,Manizales,presencial,1,42
CUST-00619,2023-03-12,M,Bogotá,social_media,1,39
CUST-00620,2023-02-11,F,Bogotá,online,1,37
CUST-00621,2023-02-01,M,Bogotá,presencial,0,27
CUST-00622,2023-09-11,M,Cali,online,0,39
CUST-00623,2023-07-24,F,Cúcuta,social_media,0,53
CUST-00624,2023-01-21,M,Bucaramanga,social_media,1,48
CUST-00625,2023-06-06,F,Bucaramanga,social_media,1,50
CUST-00626,2023-09-02,M,Cartagena,online,0,29
CUST-00627,2023-05-10,F,Pereira,online,1,25
CUST-00628,2024-04-29,M,Cartagena,presencial,0,33
CUST-00629,2023-04-28,F,Medellín,online,1,35
CUST-00630,2024-07-31,M,Barranquilla,social_media,0,45
CUST-00631,2023-08-12,F,Bogotá,presencial,0,18
CUST-00632,2024-04-21,F,Pereira,online,0,50
CUST-00633,2023-09-20,M,Barranquilla,social_media,0,33
CUST-00634,2024-01-13,M,Barranquilla,social_media,1,30
CUST-00635,2023-06-21,F,Barranquilla,presencial,0,24
CUST-00636,2023-04-28,M,Cali,social_media,1,18
CUST-00637,2023-06-17,F,Manizales,online,1,43
CUST-00638,2023-11-15,F,Barranquilla,social_media,0,35
CUST-00639,2023-04-21,M,Manizales,presencial,1,22
CUST-00640,2024-08-15,M,Santa Marta,social_media,0,22
CUST-00641,2023-01-27,M,Bogotá,social_media,1,31
CUST-00642,2023-11-16,F,Barranquilla,online,0,51
CUST-00643,2024-08-12,F,Bucaramanga,online,1,32
CUST-00644,2024-01-20,M,Manizales,online,0,19
CUST-00645,2024-02-11,F,Bucaramanga,online,1,32
CUST-00646,2023-07-23,F,Bucaramanga,social_media,0,32
CUST-00647,2023-03-19,M,Cúcuta,online,0,18
CUST-00648,2024-08-29,F,Barranquilla,social_media,0,34
CUST-00649,2023-09-06,F,Santa Marta,online,0,32
CUST-00650,2023-04-15,F,Pereira,online,0,41
CUST-00651,2023-11-05,M,Bucaramanga,online,1,53
CUST-00652,2023-05-04,M,Bogotá,social_media,0,46
CUST-00653,2024-08-02,F,Medellín,online,1,32
CUST-00654,2023-02-12,M,Bucaramanga,social_media,1,23
CUST-00655,2023-12-22,F,Bogotá,online,0,60
CUST-00656,2024-06-29,M,Cartagena,online,0,35
CUST-00657,2024-03-14,F,Bogotá,presencial,1,35
CUST-00658,2024-01-15,F,Cali,online,0,34
CUST-00659,2023-03-12,F,Pereira,social_media,0,36
CUST-00660,2024-06-02,F,Cartagena,presencial,0,33
CUST-00661,2023-12-16,M,Cúcuta,social_media,1,29
CUST-00662,2023-01-13,F,Bogotá,social_media,0,29
CUST-00663,2024-03-06,F,Bogotá,presencial,0,34
CUST-00664,2024-05-16,M,Manizales,online,0,29
CUST-00665,2023-04-19,M,Santa Marta,presencial,0,27
CUST-00666,2024-03-19,F,Pereira,social_media,0,36
CUST-00667,2024-01-06,F,Cali,online,1,32
CUST-00668,2024-04-15,M,Bucaramanga,presencial,0,50
CUST-00669,2023-06-06,F,Cali,social_media,1,18
CUST-00670,2024-03-21,F,Cúcuta,online,0,45
CUST-00671,2023-06-30,F,Barranquilla,social_media,0,47
CUST-00672,2024-06-18,F,Barranquilla,online,0,18
CUST-00673,2023-10-04,F,Cali,online,1,31
CUST-00674,2024-07-05,F,Cúcuta,presencial,1,31
CUST-00675,2024-05-10,F,Bucaramanga,online,0,20
CUST-00676,2024-04-21,F,Cartagena,social_media,0,27
CUST-00677,2024-03-22,F,Santa Marta,online,1,23
CUST-00678,2024-08-29,M,Santa Marta,social_media,0,52
CUST-00679,2023-10-02,M,Cali,online,0,44
CUST-00680,2023-11-27,M,Santa Marta,online,0,47
CUST-00681,2023-09-09,F,Cali,presencial,0,42
CUST-00682,2023-03-30,F,Barranquilla,online,0,23
CUST-00683,2023-10-13,F,Bogotá,online,0,29
CUST-00684,2024-04-06,M,Cartagena,social_media,0,39
CUST-00685,2023-09-07,M,Santa Marta,social_media,0,22
CUST-00686,2024-04-20,F,Medellín,social_media,1,42
CUST-00687,2024-08-06,M,Barranquilla,online,0,32
CUST-00688,2024-01-24,M,Cúcuta,social_media,0,31
CUST-00689,2023-12-11,F,Medellín,social_media,0,42
CUST-00690,2023-01-30,F,Manizales,online,1,39
CUST-00691,2024-05-21,M,Santa Marta,social_media,0,31
CUST-00692,2023-11-29,F,Cali,presencial,1,46
CUST-00693,2023-07-06,M,Santa Marta,presencial,0,24
CUST-00694,2024-05-14,M,Bucaramanga,social_media,1,41
CUST-00695,2023-08-06,M,Bucaramanga,social_media,0,40
CUST-00696,2023-12-30,F,Pereira,social_media,0,31
CUST-00697,2023-09-22,M,Cartagena,online,1,38
CUST-00698,2023-12-15,M,Bucaramanga,presencial,0,22
CUST-00699,2023-10-14,F,Bogotá,presencial,1,44
CUST-00700,2023-10-10,F,Cali,social_media,0,33
CUST-00701,2024-07-23,M,Santa Marta,social_media,0,29
CUST-00702,2023-01-11,F,Cartagena,online,1,45
CUST-00703,2024-06-13,F,Cartagena,online,1,27
CUST-00704,2023-07-15,M,Manizales,presencial,1,20
CUST-00705,2023-03-29,F,Medellín,online,0,19
CUST-00706,2023-09-05,M,Pereira,presencial,1,41
CUST-00707,2024-02-21,F,Santa Marta,social_media,0,22
CUST-00708,2024-05-15,F,Pereira,social_media,0,52
CUST-00709,2024-07-22,M,Cartagena,presencial,0,18
CUST-00710,2023-09-04,M,Bucaramanga,social_media,1,51
CUST-00711,2024-05-02,F,Barranquilla,online,0,37
CUST-00712,2024-05-17,F,Pereira,social_media,1,34
CUST-00713,2024-04-03,F,Bogotá,social_media,0,29
CUST-00714,2023-01-18,M,Barranquilla,presencial,0,38
CUST-00715,2023-04-06,F,Cali,online,0,34
CUST-00716,2023-10-29,M,Barranquilla,online,0,46
CUST-00717,2023-08-15,F,Bogotá,social_media,0,36
CUST-00718,2024-02-19,F,Medellín,social_media,0,36
CUST-00719,2023-09-07,F,Santa Marta,online,0,31
CUST-00720,2023-11-10,F,Pereira,online,0,34
CUST-00721,2024-08-18,F,Bucaramanga,presencial,0,38
CUST-00722,2024-01-13,M,Medellín,social_media,0,18
CUST-00723,2024-04-29,M,Bogotá,social_media,0,21
CUST-00724,2024-07-20,M,Medellín,online,0,42
CUST-00725,2024-06-27,F,Pereira,presencial,0,36
CUST-00726,2023-12-19,M,Medellín,online,0,33
CUST-00727,2024-03-11,M,Cali,social_media,0,35
CUST-00728,2024-07-17,F,Manizales,social_media,1,38
CUST-00729,2023-12-05,F,Pereira,social_media,0,29
CUST-00730,2023-12-27,M,Santa Marta,social_media,1,27
CUST-00731,2024-04-09,M,Barranquilla,presencial,1,36
CUST-00732,2023-10-05,M,Pereira,social_media,1,25
CUST-00733,2023-11-10,M,Bogotá,online,1,39
CUST-00734,2023-09-15,M,Medellín,presencial,0,18
CUST-00735,2023-08-25,M,Pereira,presencial,0,45
CUST-00736,2023-05-04,M,Medellín,social_media,0,39
CUST-00737,2023-07-17,F,Bucaramanga,presencial,0,37
CUST-00738,2023-11-20,M,Cúcuta,social_media,0,44
CUST-00739,2023-05-03,F,Santa Marta,presencial,0,51
CUST-00740,2024-07-02,F,Cartagena,presencial,1,45
CUST-00741,2023-07-09,F,Cúcuta,online,0,18
CUST-00742,2023-07-16,M,Pereira,online,0,22
CUST-00743,2023-08-10,M,Bogotá,online,0,28
CUST-00744,2024-05-10,F,Manizales,presencial,1,35
CUST-00745,2023-10-11,M,Santa Marta,online,0,40
CUST-00746,2024-08-26,M,Cartagena,online,0,27
CUST-00747,2024-06-21,F,Bucaramanga,online,1,36
CUST-00748,2023-10-17,M,Manizales,presencial,0,27
CUST-00749,2023-04-13,F,Barranquilla,social_media,1,28
CUST-00750,2023-07-18,F,Medellín,online,1,20
CUST-00751,2023-10-31,F,Cúcuta,presencial,0,25
CUST-00752,2023-08-21,F,Manizales,presencial,0,21
CUST-00753,2024-01-05,M,Medellín,social_media,0,25
CUST-00754,2023-07-03,F,Cartagena,online,0,45
CUST-00755,2023-11-06,M,Bucaramanga,presencial,1,25
CUST-00756,2023-01-15,M,Cartagena,presencial,0,61
CUST-00757,2024-06-30,M,Bucaramanga,presencial,1,39
CUST-00758,2023-05-10,M,Bucaramanga,social_media,0,36
CUST-00759,2023-10-08,F,Cali,online,1,26
CUST-00760,2023-02-16,F,Cali,presencial,0,42
CUST-00761,2023-02-25,F,Santa Marta,presencial,0,29
CUST-00762,2024-07-20,F,Cali,presencial,0,36
CUST-00763,2023-10-27,F,Cali,presencial,0,60
CUST-00764,2023-05-10,M,Medellín,online,0,34
CUST-00765,2024-05-17,F,Pereira,online,0,46
CUST-00766,2023-04-16,M,Cúcuta,presencial,0,27
CUST-00767,2023-01-13,M,Cúcuta,presencial,0,34
CUST-00768,2024-08-10,F,Barranquilla,presencial,0,52
CUST-00769,2023-10-19,M,Bogotá,social_media,1,28
CUST-00770,2024-04-25,M,Bucaramanga,social_media,0,53
CUST-00771,2024-05-05,F,Cartagena,social_media,1,42
CUST-00772,2024-03-27,F,Medellín,presencial,1,29
CUST-00773,2023-12-15,F,Bucaramanga,social_media,1,41
CUST-00774,2023-07-08,M,Bogotá,online,0,44
CUST-00775,2023-02-22,F,Cali,social_media,0,41
CUST-00776,2023-09-16,F,Barranquilla,presencial,0,19
CUST-00777,2024-05-04,M,Cali,online,0,27
CUST-00778,2023-04-27,F,Bucaramanga,presencial,0,32
CUST-00779,2023-03-08,M,Barranquilla,online,0,34
CUST-00780,2024-02-15,M,Bogotá,social_media,0,41
CUST-00781,2024-05-18,F,Cartagena,social_media,0,36
CUST-00782,2023-03-17,M,Cartagena,online,1,21
CUST-00783,2024-08-13,M,Santa Marta,online,0,38
CUST-00784,2023-02-24,F,Manizales,presencial,0,41
CUST-00785,2023-06-05,F,Manizales,online,0,40
CUST-00786,2023-06-02,F,Cartagena,presencial,0,45
CUST-00787,2024-07-30,M,Manizales,online,0,43
CUST-00788,2023-11-08,M,Cúcuta,online,0,39
CUST-00789,2023-03-29,F,Pereira,social_media,0,34
CUST-00790,2023-09-12,F,Bogotá,social_media,0,18
CUST-00791,2023-05-02,F,Pereira,presencial,0,39
CUST-00792,2024-07-25,M,Manizales,presencial,0,37
CUST-00793,2024-03-02,F,Cali,presencial,0,37
CUST-00794,2023-08-20,M,Santa Marta,online,1,22
CUST-00795,2024-06-19,F,Manizales,online,0,24
CUST-00796,2024-01-25,M,Medellín,presencial,0,45
CUST-00797,2024-04-06,M,Bucaramanga,online,0,34
CUST-00798,2024-03-29,F,Barranquilla,social_media,0,41
CUST-00799,2023-11-01,M,Cali,online,1,35
CUST-00800,2024-08-25,M,Bucaramanga,social_media,0,35
CUST-00801,2024-03-15,F,Cúcuta,presencial,0,44
CUST-00802,2023-11-09,F,Santa Marta,online,0,29
CUST-00803,2024-08-05,M,Medellín,presencial,1,35
CUST-00804,2023-03-03,M,Cúcuta,social_media,1,30
CUST-00805,2023-04-12,M,Cúcuta,presencial,1,30
CUST-00806,2023-08-01,F,Cúcuta,social_media,0,31
CUST-00807,2023-08-05,M,Cartagena,social_media,1,37
CUST-00808,2023-09-28,M,Bucaramanga,presencial,0,30
CUST-00809,2023-03-25,F,Barranquilla,social_media,0,47
CUST-00810,2023-06-10,F,Pereira,presencial,1,26
CUST-00811,2023-09-03,F,Medellín,presencial,1,33
CUST-00812,2023-06-27,F,Pereira,presencial,0,30
CUST-00813,2024-07-19,F,Medellín,social_media,1,49
CUST-00814,2023-03-18,M,Bogotá,social_media,0,36
CUST-00815,2023-06-10,M,Cartagena,online,0,45
CUST-00816,2023-01-03,M,Medellín,presencial,1,20
CUST-00817,2024-02-23,F,Manizales,presencial,0,37
CUST-00818,2024-04-06,F,Manizales,presencial,0,43
CUST-00819,2024-08-31,F,Bogotá,presencial,0,35
CUST-00820,2024-04-26,M,Barranquilla,presencial,0,45
CUST-00821,2023-10-26,F,Santa Marta,presencial,0,29
CUST-00822,2023-02-03,F,Cartagena,presencial,0,49
CUST-00823,2023-08-26,F,Cúcuta,online,1,57
CUST-00824,2023-10-23,M,Bucaramanga,online,0,31
CUST-00825,2023-10-17,F,Cali,presencial,0,30
CUST-00826,2024-04-09,F,Cartagena,presencial,1,49
CUST-00827,2023-03-14,M,Bogotá,online,0,50
CUST-00828,2023-08-28,F,Manizales,online,0,29
CUST-00829,2023-09-28,F,Bucaramanga,presencial,0,30
CUST-00830,2024-08-26,F,Medellín,presencial,0,32
CUST-00831,2023-07-22,M,Barranquilla,online,1,21
CUST-00832,2024-03-11,F,Barranquilla,online,0,25
CUST-00833,2023-04-28,F,Santa Marta,presencial,0,24
CUST-00834,2024-07-11,M,Santa Marta,online,0,27
CUST-00835,2023-08-19,M,Cartagena,presencial,0,34
CUST-00836,2023-06-02,F,Cali,social_media,1,37
CUST-00837,2023-09-30,M,Bogotá,presencial,0,50
CUST-00838,2023-05-26,F,Bucaramanga,presencial,0,25
CUST-00839,2023-03-15,M,Manizales,presencial,1,44
CUST-00840,2023-03-03,F,Bogotá,online,0,32
CUST-00841,2023-06-19,F,Bogotá,presencial,1,34
CUST-00842,2023-11-11,F,Pereira,presencial,0,41
CUST-00843,2024-08-05,M,Pereira,online,0,23
CUST-00844,2023-10-23,M,Medellín,social_media,0,38
CUST-00845,2024-03-25,F,Cali,social_media,1,36
CUST-00846,2023-05-08,F,Medellín,online,1,39
CUST-00847,2024-04-24,F,Bucaramanga,presencial,1,37
CUST-00848,2023-11-08,F,Manizales,social_media,0,59
CUST-00849,2024-02-17,M,Manizales,social_media,0,28
CUST-00850,2023-10-06,M,Bogotá,online,0,29
CUST-00851,2024-05-27,F,Santa Marta,social_media,1,28
CUST-00852,2024-07-06,M,Manizales,social_media,0,29
CUST-00853,2024-05-20,M,Santa Marta,online,0,28
CUST-00854,2024-03-24,M,Santa Marta,social_media,0,46
CUST-00855,2023-03-24,F,Bucaramanga,presencial,0,49
CUST-00856,2023-02-10,F,Cali,online,0,29
CUST-00857,2024-03-18,M,Bogotá,presencial,0,26
CUST-00858,2023-11-27,M,Manizales,presencial,0,39
CUST-00859,2023-09-14,F,Cúcuta,online,0,29
CUST-00860,2023-01-27,F,Cali,social_media,1,41
CUST-00861,2023-04-04,F,Pereira,online,0,37
CUST-00862,2023-08-23,M,Cúcuta,social_media,1,19
CUST-00863,2024-08-12,M,Bucaramanga,presencial,1,50
CUST-00864,2024-08-24,M,Cali,social_media,0,52
CUST-00865,2023-01-22,F,Bucaramanga,presencial,0,28
CUST-00866,2023-10-03,F,Cali,presencial,0,31
CUST-00867,2024-08-13,F,Santa Marta,presencial,0,37
CUST-00868,2023-02-11,F,Bogotá,online,0,38
CUST-00869,2023-06-29,F,Manizales,social_media,0,41
CUST-00870,2024-04-26,M,Cartagena,social_media,0,55
CUST-00871,2024-06-15,M,Barranquilla,social_media,0,33
CUST-00872,2024-03-28,M,Bogotá,presencial,0,27
CUST-00873,2023-10-12,F,Santa Marta,online,1,21
CUST-00874,2023-07-05,M,Santa Marta,social_media,0,27
CUST-00875,2024-08-22,F,Cartagena,social_media,0,34
CUST-00876,2024-03-22,M,Santa Marta,online,0,52
CUST-00877,2024-05-18,M,Cúcuta,social_media,0,29
CUST-00878,2023-04-04,F,Santa Marta,online,0,37
CUST-00879,2024-04-26,M,Pereira,online,0,34
CUST-00880,2023-12-23,M,Manizales,social_media,0,46
CUST-00881,2024-02-23,M,Bogotá,online,0,60
CUST-00882,2023-12-08,M,Barranquilla,online,0,29
CUST-00883,2023-11-25,M,Cúcuta,social_media,0,30
CUST-00884,2023-04-18,M,Cúcuta,presencial,1,45
CUST-00885,2023-06-14,M,Barranquilla,social_media,0,41
CUST-00886,2023-12-04,F,Santa Marta,social_media,0,53
CUST-00887,2024-02-26,M,Cali,presencial,0,40
CUST-00888,2024-05-22,F,Cúcuta,online,0,31
CUST-00889,2023-10-23,M,Cúcuta,social_media,0,40
CUST-00890,2024-02-15,F,Bogotá,presencial,0,46
CUST-00891,2024-07-17,F,Cartagena,presencial,1,43
CUST-00892,2023-02-07,M,Pereira,social_media,0,40
CUST-00893,2024-04-10,F,Barranquilla,social_media,0,45
CUST-00894,2023-04-01,F,Santa Marta,presencial,0,46
CUST-00895,2023-11-19,M,Bucaramanga,social_media,0,48
CUST-00896,2023-09-16,F,Bucaramanga,presencial,0,41
CUST-00897,2023-11-28,M,Cali,social_media,0,33
CUST-00898,2023-04-29,F,Cúcuta,presencial,1,36
CUST-00899,2024-02-18,F,Cúcuta,social_media,0,47
CUST-00900,2024-06-10,F,Cartagena,social_media,0,26
CUST-00901,2023-01-02,F,Cúcuta,social_media,1,38
CUST-00902,2024-07-09,M,Bucaramanga,online,1,31
CUST-00903,2024-04-18,M,Barranquilla,social_media,0,35
CUST-00904,2024-02-28,M,Cali,presencial,1,47
CUST-00905,2023-02-25,M,Cartagena,presencial,1,36
CUST-00906,2023-07-12,M,Pereira,online,1,35
CUST-00907,2024-06-14,F,Bucaramanga,online,1,21
CUST-00908,2024-01-06,M,Medellín,online,1,42
CUST-00909,2024-05-25,F,Bogotá,social_media,0,41
CUST-00910,2024-03-28,M,Cartagena,social_media,1,56
CUST-00911,2023-02-22,M,Cartagena,presencial,0,31
CUST-00912,2023-07-28,M,Bucaramanga,presencial,0,37
CUST-00913,2023-10-01,M,Cali,social_media,0,37
CUST-00914,2024-07-16,F,Bogotá,presencial,1,50
CUST-00915,2023-05-15,M,Barranquilla,social_media,0,34
CUST-00916,2023-10-22,F,Barranquilla,online,1,37
CUST-00917,2024-03-24,F,Cúcuta,social_media,0,41
CUST-00918,2024-05-11,M,Medellín,social_media,0,36
CUST-00919,2023-05-05,F,Manizales,social_media,0,30
CUST-00920,2023-01-30,F,Bucaramanga,presencial,0,36
CUST-00921,2023-09-03,M,Cali,social_media,1,45
CUST-00922,2023-06-12,F,Bogotá,social_media,0,24
CUST-00923,2023-11-15,M,Cali,social_media,0,36
CUST-00924,2024-07-18,M,Manizales,online,0,27
CUST-00925,2023-01-15,F,Barranquilla,social_media,1,46
CUST-00926,2024-07-19,F,Cali,social_media,1,19
CUST-00927,2024-02-22,F,Barranquilla,social_media,0,29
CUST-00928,2023-04-06,F,Barranquilla,presencial,0,38
CUST-00929,2023-08-19,F,Medellín,online,0,50
CUST-00930,2023-04-27,F,Barranquilla,online,0,34
CUST-00931,2024-04-17,F,Santa Marta,social_media,0,29
CUST-00932,2023-05-01,M,Barranquilla,social_media,1,53
CUST-00933,2023-06-07,M,Bogotá,presencial,1,20
CUST-00934,2024-05-25,M,Bogotá,social_media,0,18
CUST-00935,2023-10-26,F,Bogotá,presencial,1,39
CUST-00936,2024-06-05,F,Cartagena,social_media,0,29
CUST-00937,2023-10-07,F,Bucaramanga,presencial,0,24
CUST-00938,2024-03-01,M,Bucaramanga,online,0,42
CUST-00939,2024-05-09,M,Bucaramanga,social_media,0,37
CUST-00940,2024-04-28,M,Santa Marta,presencial,0,29
CUST-00941,2023-09-07,F,Bogotá,presencial,0,22
CUST-00942,2024-04-12,M,Cúcuta,social_media,1,43
CUST-00943,2024-07-18,M,Bucaramanga,presencial,1,41
CUST-00944,2023-05-29,F,Manizales,social_media,0,34
CUST-00945,2024-01-28,M,Manizales,social_media,0,53
CUST-00946,2023-07-15,M,Cali,presencial,0,24
CUST-00947,2024-06-04,M,Cartagena,presencial,0,19
CUST-00948,2023-05-20,F,Cúcuta,presencial,1,28
CUST-00949,2023-03-13,M,Barranquilla,online,0,34
CUST-00950,2023-10-10,F,Bogotá,social_media,0,37
CUST-00951,2024-02-29,F,Santa Marta,social_media,0,32
CUST-00952,2023-12-15,M,Cartagena,online,1,38
CUST-00953,2024-06-03,M,Medellín,online,0,22
CUST-00954,2023-10-01,F,Medellín,presencial,1,49
CUST-00955,2023-01-03,F,Pereira,social_media,0,34
CUST-00956,2023-10-17,F,Barranquilla,online,0,46
CUST-00957,2023-11-02,F,Bogotá,online,0,38
CUST-00958,2024-08-24,F,Cartagena,social_media,1,39
CUST-00959,2024-08-16,M,Medellín,social_media,0,40
CUST-00960,2024-05-16,F,Pereira,social_media,0,39
CUST-00961,2023-06-02,M,Santa Marta,presencial,0,41
CUST-00962,2024-04-02,F,Bogotá,online,0,48
CUST-00963,2024-07-05,M,Medellín,presencial,1,36
CUST-00964,2024-05-10,F,Bucaramanga,social_media,1,42
CUST-00965,2023-12-20,M,Manizales,social_media,1,34
CUST-00966,2023-12-07,M,Pereira,online,0,49
CUST-00967,2024-07-19,F,Santa Marta,presencial,0,28
CUST-00968,2024-07-10,F,Medellín,presencial,1,53
CUST-00969,2024-01-22,M,Santa Marta,presencial,1,34
CUST-00970,2024-04-11,M,Barranquilla,social_media,0,20
CUST-00971,2023-11-26,M,Cali,online,0,36
CUST-00972,2023-07-13,F,Pereira,presencial,1,28
CUST-00973,2023-09-02,F,Cartagena,social_media,0,43
CUST-00974,2024-08-08,F,Cartagena,social_media,0,28
CUST-00975,2024-01-28,F,Medellín,presencial,0,30
CUST-00976,2023-08-28,M,Bucaramanga,online,1,18
CUST-00977,2024-02-25,F,Bucaramanga,online,0,30
CUST-00978,2023-02-14,F,Barranquilla,presencial,0,18
CUST-00979,2023-11-22,F,Cartagena,social_media,1,19
CUST-00980,2024-04-29,F,Pereira,social_media,0,42
CUST-00981,2024-01-26,F,Manizales,presencial,1,42
CUST-00982,2024-01-31,M,Bucaramanga,social_media,0,39
CUST-00983,2023-06-05,F,Cartagena,social_media,1,25
CUST-00984,2024-05-22,M,Cali,presencial,0,34
CUST-00985,2023-02-07,F,Pereira,social_media,0,34
CUST-00986,2023-05-10,F,Manizales,presencial,0,23
CUST-00987,2024-05-29,F,Cali,presencial,0,50
CUST-00988,2024-08-27,F,Cartagena,presencial,0,43
CUST-00989,2023-12-06,M,Medellín,social_media,0,32
CUST-00990,2023-04-13,M,Cúcuta,presencial,0,35
CUST-00991,2024-03-26,F,Cúcuta,social_media,0,37
CUST-00992,2023-04-13,M,Barranquilla,presencial,0,18
CUST-00993,2024-06-22,M,Barranquilla,online,0,32
CUST-00994,2024-04-12,F,Manizales,social_media,0,28
CUST-00995,2023-01-16,M,Cali,social_media,0,24
CUST-00996,2023-05-28,M,Cartagena,social_media,0,32
CUST-00997,2024-02-24,F,Cartagena,online,0,52
CUST-00998,2023-06-08,F,Medellín,presencial,0,41
CUST-00999,2023-03-18,M,Santa Marta,online,1,29
CUST-01000,2024-04-25,F,Barranquilla,presencial,0,40
CUST-01001,2023-09-29,F,Santa Marta,presencial,0,48
CUST-01002,2023-12-13,F,Santa Marta,presencial,0,44
CUST-01003,2024-02-12,M,Medellín,presencial,0,35
CUST-01004,2023-03-24,F,Santa Marta,presencial,1,28
CUST-01005,2023-12-03,F,Santa Marta,online,1,41
CUST-01006,2024-06-30,M,Medellín,social_media,1,38
CUST-01007,2024-01-25,M,Bucaramanga,online,1,43
CUST-01008,2023-11-21,M,Santa Marta,social_media,0,41
CUST-01009,2024-05-14,M,Barranquilla,social_media,0,45
CUST-01010,2024-07-08,M,Medellín,social_media,0,29
CUST-01011,2023-02-06,F,Pereira,online,1,48
CUST-01012,2023-03-12,M,Santa Marta,presencial,0,36
CUST-01013,2023-08-29,F,Bucaramanga,presencial,0,55
CUST-01014,2023-10-22,M,Barranquilla,social_media,0,28
CUST-01015,2023-08-21,F,Bogotá,presencial,0,52
CUST-01016,2023-04-03,F,Barranquilla,presencial,0,36
CUST-01017,2024-03-20,M,Cali,online,0,28
CUST-01018,2023-04-11,M,Pereira,presencial,0,30
CUST-01019,2023-04-13,M,Cúcuta,presencial,0,31
CUST-01020,2024-03-30,M,Cartagena,online,0,39
CUST-01021,2023-06-20,M,Cali,presencial,0,40
CUST-01022,2023-11-03,M,Medellín,social_media,0,29
CUST-01023,2023-01-30,F,Medellín,online,0,34
CUST-01024,2023-02-17,F,Cartagena,presencial,1,56
CUST-01025,2023-11-29,F,Manizales,presencial,0,52
CUST-01026,2023-02-27,F,Manizales,online,0,39
CUST-01027,2023-10-28,F,Cartagena,social_media,0,35
CUST-01028,2024-01-03,M,Medellín,online,0,36
CUST-01029,2024-01-19,M,Barranquilla,social_media,1,41
CUST-01030,2024-03-17,F,Pereira,online,0,24
CUST-01031,2023-05-30,F,Bucaramanga,presencial,1,32
CUST-01032,2023-09-08,M,Cúcuta,online,0,18
CUST-01033,2024-06-27,M,Pereira,online,0,38
CUST-01034,2024-02-26,M,Cartagena,social_media,1,41
CUST-01035,2024-08-02,M,Medellín,online,0,30
CUST-01036,2023-07-04,F,Manizales,social_media,0,50
CUST-01037,2023-06-24,F,Medellín,online,1,22
CUST-01038,2023-06-29,M,Manizales,presencial,0,20
CUST-01039,2023-03-22,M,Pereira,online,0,37
CUST-01040,2024-01-27,F,Cali,presencial,0,45
CUST-01041,2023-09-04,F,Barranquilla,social_media,1,51
CUST-01042,2024-05-24,F,Pereira,social_media,1,30
CUST-01043,2024-08-20,M,Barranquilla,social_media,0,45
CUST-01044,2023-05-27,F,Santa Marta,social_media,1,34
CUST-01045,2023-08-26,M,Pereira,online,0,33
CUST-01046,2024-04-17,M,Bogotá,online,0,43
CUST-01047,2023-09-18,M,Bogotá,online,0,41
CUST-01048,2024-04-15,F,Barranquilla,presencial,1,19
CUST-01049,2023-09-19,F,Santa Marta,online,1,49
CUST-01050,2023-01-10,M,Barranquilla,presencial,0,48
CUST-01051,2024-04-21,F,Cartagena,presencial,0,28
CUST-01052,2023-10-22,M,Bogotá,online,1,38
CUST-01053,2024-07-13,F,Medellín,presencial,1,39
CUST-01054,2023-06-11,M,Barranquilla,social_media,0,37
CUST-01055,2023-03-17,M,Barranquilla,online,0,29
CUST-01056,2024-03-28,F,Cúcuta,online,1,28
CUST-01057,2023-12-20,F,Bucaramanga,presencial,1,34
CUST-01058,2024-08-24,M,Bucaramanga,online,1,46
CUST-01059,2023-11-03,F,Manizales,online,0,40
CUST-01060,2024-03-10,M,Santa Marta,presencial,1,31
CUST-01061,2023-09-14,M,Bogotá,online,1,42
CUST-01062,2024-04-12,M,Bogotá,online,0,18
CUST-01063,2023-11-06,M,Bucaramanga,online,1,46
CUST-01064,2023-07-23,M,Barranquilla,presencial,1,18
CUST-01065,2024-01-29,M,Barranquilla,online,0,31
CUST-01066,2024-05-09,M,Bogotá,online,0,23
CUST-01067,2023-04-20,M,Santa Marta,online,0,22
CUST-01068,2023-08-31,F,Cali,social_media,0,46
CUST-01069,2024-01-26,F,Cartagena,online,0,30
CUST-01070,2024-08-08,M,Cúcuta,presencial,0,38
CUST-01071,2024-01-03,M,Bogotá,social_media,1,34
CUST-01072,2024-08-11,M,Manizales,presencial,0,39
CUST-01073,2023-10-30,F,Cali,online,1,35
CUST-01074,2023-10-30,M,Bogotá,online,0,22
CUST-01075,2023-01-23,M,Cúcuta,online,0,44
CUST-01076,2024-02-10,M,Bucaramanga,social_media,0,30
CUST-01077,2023-10-09,F,Bogotá,online,0,19
CUST-01078,2023-01-09,F,Cali,presencial,0,30
CUST-01079,2024-08-02,F,Cartagena,social_media,0,50
CUST-01080,2023-02-20,M,Barranquilla,presencial,1,43
CUST-01081,2024-05-23,M,Pereira,presencial,1,31
CUST-01082,2023-10-21,F,Bucaramanga,presencial,1,31
CUST-01083,2023-08-24,M,Cali,presencial,1,31
CUST-01084,2023-12-27,F,Manizales,presencial,0,55
CUST-01085,2023-08-13,F,Manizales,online,0,38
CUST-01086,2023-07-14,M,Medellín,presencial,0,39
CUST-01087,2023-09-14,M,Pereira,presencial,1,45
CUST-01088,2023-05-21,M,Bogotá,online,0,37
CUST-01089,2023-04-10,M,Medellín,social_media,0,32
CUST-01090,2023-02-10,F,Manizales,online,0,33
CUST-01091,2023-11-13,F,Bogotá,social_media,0,34
CUST-01092,2024-03-27,F,Medellín,presencial,0,34
CUST-01093,2023-02-04,F,Bogotá,online,0,42
CUST-01094,2024-08-16,F,Cartagena,social_media,0,35
CUST-01095,2024-01-09,F,Pereira,social_media,0,42
CUST-01096,2023-05-15,M,Bucaramanga,online,0,34
CUST-01097,2023-04-03,F,Bucaramanga,online,0,35
CUST-01098,2023-10-30,M,Bucaramanga,online,0,18
CUST-01099,2023-12-01,M,Manizales,online,1,44
CUST-01100,2024-03-01,F,Cartagena,online,0,38
CUST-01101,2023-06-29,F,Cúcuta,presencial,1,44
CUST-01102,2023-07-25,M,Pereira,presencial,0,18
CUST-01103,2023-05-16,M,Cali,online,0,55
CUST-01104,2024-07-06,F,Santa Marta,online,0,33
CUST-01105,2024-01-10,F,Cúcuta,presencial,0,46
CUST-01106,2024-06-27,M,Cali,social_media,0,24
CUST-01107,2024-05-28,F,Bucaramanga,presencial,0,41
CUST-01108,2023-10-07,F,Cali,online,0,24
CUST-01109,2023-06-18,F,Bogotá,social_media,0,28
CUST-01110,2023-09-21,F,Bogotá,online,0,54
CUST-01111,2024-05-08,F,Cali,social_media,1,33
CUST-01112,2023-10-30,M,Barranquilla,online,0,37
CUST-01113,2023-12-13,F,Medellín,presencial,1,43
CUST-01114,2023-04-28,F,Santa Marta,online,1,39
CUST-01115,2024-04-24,M,Manizales,presencial,1,36
CUST-01116,2023-03-19,M,Cali,social_media,0,38
CUST-01117,2023-05-25,F,Pereira,presencial,0,59
CUST-01118,2023-08-20,F,Barranquilla,social_media,1,34
CUST-01119,2024-02-11,M,Cartagena,online,0,37
CUST-01120,2024-07-24,F,Barranquilla,presencial,0,45
CUST-01121,2024-01-10,F,Santa Marta,social_media,0,46
CUST-01122,2023-04-03,F,Pereira,social_media,0,46
CUST-01123,2024-02-09,M,Barranquilla,social_media,1,41
CUST-01124,2023-01-15,F,Manizales,social_media,1,23
CUST-01125,2023-09-28,F,Medellín,online,1,51
CUST-01126,2024-07-03,M,Pereira,online,0,23
CUST-01127,2023-05-07,F,Bogotá,online,0,38
CUST-01128,2024-04-10,F,Manizales,social_media,0,27
CUST-01129,2024-01-13,F,Bucaramanga,online,0,34
CUST-01130,2023-09-26,F,Cartagena,social_media,0,38
CUST-01131,2024-08-21,M,Santa Marta,social_media,0,38
CUST-01132,2024-01-26,M,Santa Marta,social_media,0,39
CUST-01133,2024-01-16,F,Cali,presencial,0,51
CUST-01134,2023-04-21,F,Santa Marta,online,1,39
CUST-01135,2023-08-28,F,Santa Marta,online,1,32
CUST-01136,2024-04-27,F,Medellín,presencial,0,44
CUST-01137,2023-01-26,M,Cartagena,presencial,0,46
CUST-01138,2024-07-28,M,Medellín,presencial,1,22
CUST-01139,2023-12-02,M,Bogotá,presencial,1,40
CUST-01140,2023-08-15,F,Pereira,social_media,1,42
CUST-01141,2023-03-06,F,Barranquilla,online,0,32
CUST-01142,2024-04-20,F,Cartagena,online,0,48
CUST-01143,2023-11-06,M,Barranquilla,online,0,33
CUST-01144,2024-02-23,M,Bucaramanga,social_media,0,36
CUST-01145,2023-04-30,M,Medellín,online,0,33
CUST-01146,2023-05-24,M,Manizales,presencial,1,35
CUST-01147,2023-02-16,M,Barranquilla,online,0,24
CUST-01148,2023-02-08,F,Manizales,online,1,20
CUST-01149,2023-11-08,F,Cali,social_media,0,50
CUST-01150,2024-05-19,F,Cartagena,presencial,0,26
CUST-01151,2023-04-29,M,Cali,presencial,0,25
CUST-01152,2023-04-10,F,Pereira,presencial,0,18
CUST-01153,2023-08-29,F,Cali,online,1,28
CUST-01154,2024-07-04,M,Manizales,presencial,0,21
CUST-01155,2023-05-19,M,Santa Marta,presencial,1,51
CUST-01156,2024-02-02,M,Medellín,online,1,45
CUST-01157,2024-04-09,F,Cali,social_media,1,28
CUST-01158,2024-01-15,M,Pereira,online,0,57
CUST-01159,2024-07-07,F,Cartagena,social_media,0,44
CUST-01160,2024-03-05,F,Cúcuta,social_media,0,31
CUST-01161,2024-08-24,M,Pereira,presencial,0,18
CUST-01162,2023-06-08,F,Medellín,presencial,1,57
CUST-01163,2024-02-29,M,Barranquilla,online,0,21
CUST-01164,2023-04-12,M,Bogotá,social_media,1,18
CUST-01165,2024-05-16,F,Cartagena,online,1,45
CUST-01166,2024-02-22,F,Manizales,presencial,1,59
CUST-01167,2023-10-14,F,Bogotá,social_media,0,48
CUST-01168,2023-02-03,M,Pereira,presencial,0,40
CUST-01169,2024-01-15,F,Pereira,presencial,0,40
CUST-01170,2023-08-11,M,Pereira,presencial,1,43
CUST-01171,2024-03-30,M,Bogotá,social_media,0,42
CUST-01172,2024-03-31,F,Cali,social_media,0,37
CUST-01173,2023-08-30,F,Medellín,presencial,0,36
CUST-01174,2024-01-07,F,Cartagena,social_media,0,34
CUST-01175,2023-04-12,F,Medellín,presencial,0,27
CUST-01176,2024-01-12,M,Cartagena,presencial,0,32
CUST-01177,2024-07-11,F,Cartagena,presencial,1,18
CUST-01178,2024-01-03,M,Barranquilla,social_media,0,34
CUST-01179,2023-03-04,F,Pereira,online,1,25
CUST-01180,2024-02-12,F,Cúcuta,online,0,23
CUST-01181,2023-10-10,F,Bucaramanga,social_media,0,36
CUST-01182,2023-07-14,M,Medellín,social_media,1,48
CUST-01183,2023-05-06,F,Barranquilla,presencial,0,44
CUST-01184,2024-04-10,M,Pereira,presencial,1,19
CUST-01185,2023-04-04,F,Santa Marta,online,1,25
CUST-01186,2023-08-06,F,Santa Marta,presencial,0,44
CUST-01187,2023-01-22,M,Cali,online,0,25
CUST-01188,2023-02-21,M,Bogotá,online,0,32
CUST-01189,2023-12-08,F,Santa Marta,social_media,1,40
CUST-01190,2023-09-07,F,Manizales,social_media,0,25
CUST-01191,2023-05-09,M,Pereira,social_media,1,36
CUST-01192,2024-08-01,F,Bucaramanga,online,0,21
CUST-01193,2023-07-30,M,Cúcuta,social_media,0,28
CUST-01194,2023-03-12,F,Pereira,online,0,38
CUST-01195,2024-07-21,M,Santa Marta,social_media,0,19
CUST-01196,2023-08-01,M,Bucaramanga,online,1,39
CUST-01197,2024-08-23,M,Cúcuta,presencial,0,34
CUST-01198,2023-08-10,M,Cali,presencial,0,40
CUST-01199,2023-08-27,M,Cali,online,0,37
CUST-01200,2023-12-03,F,Barranquilla,online,0,48
CUST-01201,2023-06-01,F,Cúcuta,presencial,0,36
CUST-01202,2023-01-03,F,Cúcuta,online,0,30
CUST-01203,2023-10-11,F,Manizales,online,0,36
CUST-01204,2023-05-29,F,Cúcuta,presencial,0,40
CUST-01205,2023-05-14,F,Santa Marta,online,1,35
CUST-01206,2024-07-07,F,Manizales,social_media,0,35
CUST-01207,2023-09-14,F,Cúcuta,presencial,0,27
CUST-01208,2023-06-28,F,Medellín,social_media,0,28
CUST-01209,2023-04-23,M,Barranquilla,online,1,20
CUST-01210,2023-01-27,M,Barranquilla,online,0,52
CUST-01211,2023-05-15,F,Medellín,social_media,1,22
CUST-01212,2023-01-16,M,Manizales,online,0,28
CUST-01213,2024-01-02,F,Cali,online,0,27
CUST-01214,2023-09-01,M,Medellín,social_media,0,43
CUST-01215,2024-08-25,M,Pereira,online,1,32
CUST-01216,2023-11-28,M,Bogotá,presencial,0,47
CUST-01217,2023-01-17,F,Bucaramanga,social_media,0,28
CUST-01218,2023-06-28,F,Cali,social_media,0,37
CUST-01219,2023-09-29,F,Cali,social_media,0,26
CUST-01220,2023-02-23,F,Cartagena,social_media,0,56
CUST-01221,2023-05-10,M,Cali,presencial,0,23
CUST-01222,2024-03-07,F,Barranquilla,social_media,0,38
CUST-01223,2024-06-22,M,Cali,social_media,1,41
CUST-01224,2023-04-27,F,Pereira,online,0,39
CUST-01225,2023-03-07,M,Cali,social_media,0,33
CUST-01226,2024-05-02,M,Cúcuta,online,0,33
CUST-01227,2024-04-04,M,Barranquilla,social_media,1,35
CUST-01228,2024-01-06,M,Medellín,social_media,1,33
CUST-01229,2024-06-09,F,Medellín,presencial,1,44
CUST-01230,2024-08-30,F,Santa Marta,online,0,57
CUST-01231,2023-04-22,M,Bogotá,presencial,0,29
CUST-01232,2024-04-07,F,Bogotá,online,0,21
CUST-01233,2024-05-30,F,Cúcuta,social_media,1,34
CUST-01234,2023-08-15,M,Bogotá,presencial,0,60
CUST-01235,2023-02-14,F,Cali,online,0,26
CUST-01236,2024-06-17,F,Medellín,online,0,51
CUST-01237,2023-11-05,F,Cali,presencial,0,51
CUST-01238,2024-04-14,M,Cartagena,online,1,29
CUST-01239,2023-02-01,F,Santa Marta,social_media,1,40
CUST-01240,2023-03-04,M,Medellín,online,0,51
CUST-01241,2024-05-05,M,Bogotá,social_media,0,31
CUST-01242,2024-02-16,M,Bucaramanga,online,0,32
CUST-01243,2024-03-12,F,Cali,presencial,0,29
CUST-01244,2023-04-21,F,Pereira,social_media,0,24
CUST-01245,2024-05-17,F,Bucaramanga,online,1,28
CUST-01246,2024-03-30,M,Pereira,social_media,0,22
CUST-01247,2023-03-17,F,Cartagena,presencial,1,35
CUST-01248,2023-03-24,M,Bogotá,online,1,27
CUST-01249,2023-11-26,F,Cali,online,1,37
CUST-01250,2023-06-01,M,Cali,social_media,0,19
CUST-01251,2023-03-09,F,Pereira,presencial,0,38
CUST-01252,2023-05-10,F,Cali,presencial,1,43
CUST-01253,2023-10-09,F,Cartagena,online,1,18
CUST-01254,2024-08-22,M,Barranquilla,social_media,1,38
CUST-01255,2024-07-15,M,Barranquilla,online,1,47
CUST-01256,2023-11-29,F,Pereira,online,0,22
CUST-01257,2024-01-26,M,Bogotá,social_media,0,51
CUST-01258,2024-06-27,M,Pereira,presencial,0,39
CUST-01259,2023-10-29,M,Manizales,online,0,27
CUST-01260,2024-04-09,F,Cali,online,0,34
CUST-01261,2024-06-01,F,Cali,social_media,0,40
CUST-01262,2024-03-16,F,Barranquilla,social_media,0,35
CUST-01263,2023-04-12,M,Bucaramanga,online,0,40
CUST-01264,2023-04-28,F,Pereira,presencial,0,25
CUST-01265,2024-07-18,M,Bogotá,social_media,1,36
CUST-01266,2023-08-09,M,Barranquilla,online,1,20
CUST-01267,2024-03-16,F,Pereira,presencial,1,33
CUST-01268,2024-04-07,F,Medellín,social_media,0,25
CUST-01269,2023-08-22,F,Bogotá,social_media,0,27
CUST-01270,2024-02-28,M,Bogotá,online,1,47
CUST-01271,2023-12-14,M,Cúcuta,social_media,0,45
CUST-01272,2024-04-09,F,Bucaramanga,online,0,41
CUST-01273,2024-02-13,M,Cartagena,social_media,0,24
CUST-01274,2024-03-01,F,Bogotá,presencial,0,31
CUST-01275,2023-04-08,F,Cúcuta,presencial,0,47
CUST-01276,2023-11-17,F,Cali,social_media,0,36
CUST-01277,2024-03-13,F,Pereira,online,0,58
CUST-01278,2023-11-17,F,Santa Marta,social_media,0,38
CUST-01279,2023-09-19,F,Santa Marta,online,1,36
CUST-01280,2024-01-19,M,Bucaramanga,social_media,0,31
CUST-01281,2023-06-06,M,Cali,presencial,0,36
CUST-01282,2024-04-30,F,Bogotá,online,0,33
CUST-01283,2023-03-10,F,Cali,presencial,1,42
CUST-01284,2023-04-04,M,Cúcuta,presencial,0,44
CUST-01285,2023-03-29,M,Medellín,presencial,0,27
CUST-01286,2023-04-06,F,Cartagena,social_media,0,21
CUST-01287,2024-03-18,F,Manizales,online,1,18
CUST-01288,2023-04-09,M,Cartagena,presencial,1,40
CUST-01289,2024-01-17,F,Bogotá,online,0,23
CUST-01290,2023-05-14,M,Cali,online,1,18
CUST-01291,2024-07-23,F,Cartagena,presencial,0,38
CUST-01292,2023-03-03,M,Pereira,social_media,0,59
CUST-01293,2024-08-23,F,Cartagena,presencial,1,34
CUST-01294,2024-07-29,F,Cúcuta,presencial,0,43
CUST-01295,2024-07-29,F,Cartagena,online,0,35
CUST-01296,2023-12-04,M,Pereira,social_media,1,34
CUST-01297,2023-05-06,F,Manizales,online,0,44
CUST-01298,2024-02-25,M,Manizales,social_media,0,32
CUST-01299,2023-12-29,M,Pereira,presencial,0,37
CUST-01300,2024-03-09,M,Cali,social_media,0,38
CUST-01301,2023-02-22,M,Medellín,online,0,28
CUST-01302,2023-10-22,F,Bogotá,presencial,0,44
CUST-01303,2023-11-16,F,Bucaramanga,social_media,0,33
CUST-01304,2023-12-27,F,Santa Marta,social_media,1,27
CUST-01305,2023-04-17,M,Cali,online,0,40
CUST-01306,2024-08-14,F,Cartagena,social_media,0,26
CUST-01307,2024-06-03,M,Santa Marta,presencial,0,35
CUST-01308,2023-08-06,M,Santa Marta,social_media,0,34
CUST-01309,2023-06-08,M,Pereira,online,0,45
CUST-01310,2024-05-08,F,Barranquilla,social_media,0,39
CUST-01311,2023-08-18,M,Medellín,presencial,1,34
CUST-01312,2023-04-21,F,Medellín,presencial,0,43
CUST-01313,2023-12-25,F,Barranquilla,social_media,0,48
CUST-01314,2024-07-23,F,Bogotá,social_media,0,40
CUST-01315,2024-01-12,M,Barranquilla,presencial,0,35
CUST-01316,2023-04-28,F,Bucaramanga,online,0,21
CUST-01317,2023-10-13,M,Bucaramanga,presencial,0,24
CUST-01318,2024-08-10,M,Pereira,social_media,1,31
CUST-01319,2023-08-20,M,Cartagena,social_media,1,28
CUST-01320,2024-03-15,M,Santa Marta,online,1,33
CUST-01321,2024-07-28,F,Medellín,presencial,1,35
CUST-01322,2024-07-24,F,Medellín,presencial,0,40
CUST-01323,2023-01-27,F,Barranquilla,online,0,34
CUST-01324,2023-10-01,F,Barranquilla,presencial,0,39
CUST-01325,2023-01-30,M,Barranquilla,online,0,35
CUST-01326,2023-07-04,M,Bogotá,presencial,1,18
CUST-01327,2023-10-07,M,Barranquilla,online,0,25
CUST-01328,2023-11-13,M,Cartagena,online,1,33
CUST-01329,2023-12-14,F,Santa Marta,online,1,22
CUST-01330,2023-12-26,F,Cali,social_media,1,40
CUST-01331,2023-01-07,M,Cali,social_media,1,50
CUST-01332,2023-07-05,M,Cartagena,social_media,0,47
CUST-01333,2023-05-27,M,Cúcuta,presencial,0,32
CUST-01334,2024-08-02,M,Bucaramanga,online,0,49
CUST-01335,2024-02-15,F,Cali,presencial,1,36
CUST-01336,2023-03-13,M,Bogotá,presencial,0,31
CUST-01337,2023-05-26,F,Cúcuta,online,0,28
CUST-01338,2023-02-01,F,Manizales,social_media,0,31
CUST-01339,2023-04-04,M,Bogotá,presencial,0,31
CUST-01340,2024-06-27,M,Medellín,presencial,0,36
CUST-01341,2023-08-09,F,Cali,presencial,1,36
CUST-01342,2024-01-21,F,Bucaramanga,social_media,0,35
CUST-01343,2024-03-05,M,Barranquilla,online,0,39
CUST-01344,2024-04-09,F,Barranquilla,online,0,46
CUST-01345,2023-12-16,M,Santa Marta,presencial,0,44
CUST-01346,2023-06-11,M,Bucaramanga,online,0,20
CUST-01347,2024-01-14,F,Medellín,social_media,0,18
CUST-01348,2023-11-16,F,Pereira,online,0,44
CUST-01349,2023-11-29,M,Cali,presencial,0,21
CUST-01350,2024-08-04,M,Santa Marta,presencial,1,32
CUST-01351,2023-03-28,F,Bucaramanga,online,1,23
CUST-01352,2023-02-23,F,Manizales,presencial,0,18
CUST-01353,2023-06-09,F,Bogotá,social_media,0,40
CUST-01354,2023-06-11,F,Medellín,social_media,0,42
CUST-01355,2023-02-20,M,Bucaramanga,social_media,0,29
CUST-01356,2023-03-25,M,Cali,social_media,0,18
CUST-01357,2023-10-06,M,Bogotá,presencial,0,29
CUST-01358,2024-03-29,F,Bucaramanga,presencial,1,38
CUST-01359,2024-03-10,F,Cartagena,online,0,20
CUST-01360,2024-05-12,M,Santa Marta,presencial,1,36
CUST-01361,2024-03-28,F,Bucaramanga,online,0,34
CUST-01362,2024-02-29,F,Cartagena,presencial,0,40
CUST-01363,2023-10-07,F,Bogotá,online,0,36
CUST-01364,2023-08-09,F,Bogotá,online,1,25
CUST-01365,2024-06-08,F,Bogotá,social_media,0,46
CUST-01366,2023-04-27,F,Pereira,online,1,33
CUST-01367,2023-12-20,M,Bucaramanga,online,0,34
CUST-01368,2024-03-16,M,Cartagena,online,0,25
CUST-01369,2023-04-24,M,Barranquilla,online,0,30
CUST-01370,2023-10-18,M,Manizales,online,0,26
CUST-01371,2024-08-30,F,Manizales,social_media,0,33
CUST-01372,2024-05-13,M,Cartagena,online,0,52
CUST-01373,2024-06-23,M,Barranquilla,online,0,21
CUST-01374,2023-11-12,M,Medellín,online,0,18
CUST-01375,2023-02-16,M,Pereira,presencial,1,49
CUST-01376,2023-08-14,F,Cartagena,presencial,0,32
CUST-01377,2024-02-09,F,Cali,social_media,0,28
CUST-01378,2023-02-26,M,Santa Marta,online,1,45
CUST-01379,2023-01-08,M,Santa Marta,online,0,28
CUST-01380,2023-07-29,F,Cúcuta,presencial,0,53
CUST-01381,2023-11-05,F,Manizales,online,1,41
CUST-01382,2023-08-05,M,Bogotá,social_media,0,30
CUST-01383,2023-05-21,F,Cali,online,1,56
CUST-01384,2023-09-19,F,Medellín,social_media,0,28
CUST-01385,2023-10-24,M,Barranquilla,presencial,0,42
CUST-01386,2023-12-02,F,Medellín,social_media,0,37
CUST-01387,2023-05-03,M,Manizales,social_media,0,48
CUST-01388,2023-01-08,M,Bogotá,social_media,0,50
CUST-01389,2024-05-24,F,Barranquilla,social_media,0,35
CUST-01390,2024-03-16,F,Cartagena,social_media,0,27
CUST-01391,2023-06-29,F,Cúcuta,social_media,0,39
CUST-01392,2023-05-13,F,Barranquilla,social_media,0,28
CUST-01393,2024-01-25,F,Manizales,social_media,0,55
CUST-01394,2024-06-29,F,Medellín,social_media,0,36
CUST-01395,2023-08-24,M,Santa Marta,presencial,0,31
CUST-01396,2024-05-27,F,Medellín,social_media,0,36
CUST-01397,2024-07-26,M,Medellín,social_media,0,21
CUST-01398,2023-12-29,F,Medellín,online,0,25
CUST-01399,2023-03-15,F,Cúcuta,online,0,47
CUST-01400,2024-02-11,F,Manizales,online,0,28
CUST-01401,2023-02-13,F,Cali,social_media,0,24
CUST-01402,2024-03-22,F,Cúcuta,presencial,0,40
CUST-01403,2023-01-20,M,Cúcuta,presencial,0,46
CUST-01404,2024-04-15,M,Manizales,online,0,42
CUST-01405,2023-03-21,M,Pereira,online,1,44
CUST-01406,2023-11-17,F,Cúcuta,social_media,0,27
CUST-01407,2024-08-12,F,Barranquilla,presencial,0,20
CUST-01408,2024-03-15,F,Pereira,presencial,0,50
CUST-01409,2024-08-10,M,Manizales,online,1,31
CUST-01410,2024-02-19,M,Bucaramanga,presencial,1,32
CUST-01411,2024-03-03,F,Bucaramanga,online,0,48
CUST-01412,2023-10-24,M,Cali,online,0,40
CUST-01413,2023-04-28,F,Cartagena,social_media,0,39
CUST-01414,2024-02-19,F,Cúcuta,online,1,56
CUST-01415,2023-01-22,M,Medellín,social_media,0,28
CUST-01416,2023-11-29,M,Cartagena,presencial,0,44
CUST-01417,2023-06-25,M,Cartagena,presencial,1,35
CUST-01418,2024-04-16,M,Pereira,online,0,37
CUST-01419,2024-01-06,F,Barranquilla,online,0,50
CUST-01420,2023-04-01,F,Bucaramanga,social_media,1,40
CUST-01421,2024-03-23,M,Santa Marta,social_media,1,40
CUST-01422,2023-04-19,M,Barranquilla,presencial,0,45
CUST-01423,2023-09-07,M,Bucaramanga,presencial,1,31
CUST-01424,2024-03-22,M,Santa Marta,online,1,26
CUST-01425,2024-08-26,F,Cúcuta,online,1,24
CUST-01426,2024-02-15,F,Bogotá,social_media,0,18
CUST-01427,2024-06-20,F,Manizales,online,0,55
CUST-01428,2023-03-22,F,Bogotá,social_media,0,23
CUST-01429,2024-02-10,F,Barranquilla,presencial,1,32
CUST-01430,2023-11-14,F,Cali,presencial,0,32
CUST-01431,2023-12-14,F,Barranquilla,online,0,38
CUST-01432,2023-08-15,M,Pereira,social_media,0,43
CUST-01433,2023-12-08,F,Santa Marta,online,0,43
CUST-01434,2023-06-22,M,Santa Marta,online,0,29
CUST-01435,2023-03-20,M,Cúcuta,social_media,0,33
CUST-01436,2024-06-06,M,Bogotá,online,1,37
CUST-01437,2023-04-27,F,Cúcuta,social_media,0,32
CUST-01438,2024-06-27,F,Bogotá,social_media,0,51
CUST-01439,2024-06-06,F,Santa Marta,online,1,39
CUST-01440,2023-07-18,F,Barranquilla,social_media,0,42
CUST-01441,2023-12-24,M,Cali,presencial,0,41
CUST-01442,2023-12-26,F,Santa Marta,presencial,1,46
CUST-01443,2023-06-01,M,Cartagena,presencial,0,36
CUST-01444,2023-08-30,F,Bucaramanga,presencial,0,22
CUST-01445,2023-04-16,F,Bogotá,online,1,38
CUST-01446,2023-05-30,M,Bogotá,presencial,0,28
CUST-01447,2023-09-20,M,Pereira,presencial,0,29
CUST-01448,2023-07-22,M,Cúcuta,presencial,0,40
CUST-01449,2023-06-27,F,Manizales,presencial,0,47
CUST-01450,2023-06-06,F,Manizales,online,0,35
CUST-01451,2023-03-19,M,Pereira,presencial,0,38
CUST-01452,2023-07-01,F,Santa Marta,social_media,0,52
CUST-01453,2024-05-20,M,Bogotá,social_media,0,37
CUST-01454,2024-04-20,F,Medellín,online,1,61
CUST-01455,2024-07-31,M,Cali,online,0,40
CUST-01456,2024-08-16,M,Cartagena,online,0,18
CUST-01457,2024-04-04,F,Barranquilla,presencial,0,42
CUST-01458,2024-08-01,M,Barranquilla,online,1,38
CUST-01459,2023-11-27,F,Manizales,presencial,1,47
CUST-01460,2023-11-20,F,Manizales,online,1,41
CUST-01461,2023-06-04,M,Pereira,social_media,0,33
CUST-01462,2024-03-26,M,Bogotá,social_media,0,22
CUST-01463,2023-03-11,F,Cúcuta,presencial,0,32
CUST-01464,2024-04-25,F,Barranquilla,online,0,26
CUST-01465,2024-03-28,M,Bogotá,social_media,1,29
CUST-01466,2023-11-07,M,Cartagena,presencial,0,40
CUST-01467,2023-10-09,M,Cali,social_media,0,51
CUST-01468,2024-08-28,F,Cali,online,1,38
CUST-01469,2023-02-27,F,Barranquilla,presencial,0,23
CUST-01470,2023-12-27,F,Medellín,social_media,1,39
CUST-01471,2024-06-03,M,Pereira,online,0,46
CUST-01472,2023-03-17,M,Barranquilla,presencial,1,28
CUST-01473,2023-11-14,F,Cartagena,social_media,1,33
CUST-01474,2024-04-17,F,Medellín,social_media,0,35
CUST-01475,2024-04-07,M,Bucaramanga,presencial,0,27
CUST-01476,2023-02-08,F,Santa Marta,online,0,41
CUST-01477,2023-02-28,M,Manizales,presencial,0,33
CUST-01478,2024-01-13,M,Manizales,social_media,1,39
CUST-01479,2023-10-21,M,Medellín,social_media,0,26
CUST-01480,2023-03-20,F,Barranquilla,social_media,0,30
CUST-01481,2023-04-03,F,Manizales,online,1,42
CUST-01482,2024-08-31,M,Bogotá,social_media,0,31
CUST-01483,2024-06-03,M,Manizales,social_media,0,52
CUST-01484,2024-01-29,F,Cali,presencial,1,31
CUST-01485,2024-04-18,M,Manizales,social_media,0,37
CUST-01486,2024-08-17,F,Bucaramanga,presencial,0,44
CUST-01487,2024-07-21,F,Pereira,social_media,0,20
CUST-01488,2023-02-12,F,Medellín,presencial,1,18
CUST-01489,2024-04-05,M,Bogotá,presencial,0,19
CUST-01490,2024-08-08,M,Bucaramanga,presencial,0,47
CUST-01491,2023-07-12,M,Cali,presencial,0,29
CUST-01492,2023-11-26,M,Barranquilla,online,0,60
CUST-01493,2024-05-02,F,Santa Marta,social_media,0,29
CUST-01494,2024-05-28,M,Cali,online,1,36
CUST-01495,2023-06-04,F,Medellín,social_media,0,50
CUST-01496,2023-03-05,M,Medellín,presencial,0,55
CUST-01497,2024-04-06,M,Medellín,social_media,0,55
CUST-01498,2023-04-16,M,Bucaramanga,presencial,0,47
CUST-01499,2023-12-18,M,Medellín,social_media,0,45
CUST-01500,2023-03-28,M,Pereira,presencial,0,40
CUST-01501,2024-05-31,F,Pereira,social_media,0,42
CUST-01502,2023-06-26,M,Pereira,social_media,1,29
CUST-01503,2023-02-10,M,Medellín,social_media,0,26
CUST-01504,2023-09-11,M,Pereira,presencial,0,34
CUST-01505,2024-03-24,M,Cúcuta,social_media,0,33
CUST-01506,2024-03-25,M,Manizales,presencial,0,30
CUST-01507,2024-06-20,F,Manizales,online,0,41
CUST-01508,2024-06-19,M,Medellín,social_media,0,44
CUST-01509,2023-06-12,F,Cartagena,presencial,1,35
CUST-01510,2024-01-08,M,Bucaramanga,presencial,0,49
CUST-01511,2024-01-17,F,Santa Marta,presencial,0,23
CUST-01512,2023-10-17,M,Bucaramanga,online,0,33
CUST-01513,2024-02-01,M,Cúcuta,presencial,1,27
CUST-01514,2024-02-23,F,Bucaramanga,online,0,18
CUST-01515,2023-12-13,M,Cúcuta,online,0,34
CUST-01516,2023-02-23,F,Cúcuta,presencial,0,33
CUST-01517,2023-12-09,M,Bucaramanga,social_media,1,50
CUST-01518,2023-03-09,F,Santa Marta,online,0,41
CUST-01519,2023-12-04,F,Cúcuta,presencial,0,24
CUST-01520,2023-04-07,F,Pereira,online,0,53
CUST-01521,2024-07-25,M,Bogotá,presencial,1,47
CUST-01522,2024-01-31,F,Bogotá,presencial,0,40
CUST-01523,2023-10-18,M,Barranquilla,online,1,32
CUST-01524,2023-09-16,F,Medellín,presencial,1,25
CUST-01525,2023-06-03,F,Cali,online,0,31
CUST-01526,2023-12-08,F,Pereira,presencial,0,45
CUST-01527,2023-03-25,M,Pereira,social_media,0,53
CUST-01528,2024-08-19,M,Cali,social_media,0,50
CUST-01529,2023-05-25,M,Medellín,online,0,30
CUST-01530,2023-12-25,F,Bogotá,online,0,23
CUST-01531,2023-11-14,M,Santa Marta,online,0,36
CUST-01532,2024-02-06,M,Cúcuta,online,0,18
CUST-01533,2023-05-13,F,Cali,social_media,1,38
CUST-01534,2023-03-28,F,Santa Marta,online,0,33
CUST-01535,2023-11-14,M,Barranquilla,presencial,0,30
CUST-01536,2024-07-26,M,Cúcuta,presencial,0,19
CUST-01537,2024-01-21,M,Bucaramanga,online,0,40
CUST-01538,2023-12-03,F,Pereira,presencial,0,29
CUST-01539,2023-05-11,F,Cúcuta,online,0,23
CUST-01540,2024-06-23,F,Bucaramanga,presencial,1,18
CUST-01541,2023-04-06,F,Bogotá,presencial,0,34
CUST-01542,2024-03-09,F,Bucaramanga,online,0,52
CUST-01543,2024-06-04,M,Bucaramanga,online,1,51
CUST-01544,2024-01-06,M,Cartagena,social_media,0,30
CUST-01545,2023-01-19,M,Cali,online,0,28
CUST-01546,2024-01-07,F,Cúcuta,social_media,0,39
CUST-01547,2023-11-13,F,Cali,online,0,25
CUST-01548,2023-07-04,M,Cúcuta,presencial,1,38
CUST-01549,2023-08-08,M,Pereira,social_media,0,42
CUST-01550,2023-12-16,M,Manizales,presencial,0,47
CUST-01551,2024-05-12,F,Cali,online,0,33
CUST-01552,2023-07-16,F,Cali,online,0,32
CUST-01553,2023-08-20,F,Pereira,online,1,26
CUST-01554,2023-05-21,F,Cúcuta,online,0,26
CUST-01555,2023-06-08,F,Pereira,social_media,0,32
CUST-01556,2023-03-21,M,Santa Marta,social_media,1,38
CUST-01557,2023-10-30,M,Bucaramanga,online,0,44
CUST-01558,2023-04-14,F,Pereira,presencial,0,26
CUST-01559,2024-06-03,F,Cúcuta,social_media,1,49
CUST-01560,2024-07-06,M,Bogotá,presencial,0,32
CUST-01561,2024-06-23,F,Pereira,online,0,34
CUST-01562,2023-02-08,F,Medellín,social_media,0,27
CUST-01563,2023-12-11,M,Pereira,social_media,0,18
CUST-01564,2023-05-15,F,Cali,social_media,0,43
CUST-01565,2024-01-21,F,Santa Marta,presencial,1,42
CUST-01566,2023-06-07,M,Cartagena,online,0,32
CUST-01567,2023-06-16,F,Pereira,online,0,35
CUST-01568,2023-07-05,F,Manizales,social_media,0,40
CUST-01569,2023-06-19,M,Medellín,social_media,1,19
CUST-01570,2024-03-24,M,Bogotá,online,0,29
CUST-01571,2023-02-14,F,Pereira,presencial,1,42
CUST-01572,2024-02-25,M,Bucaramanga,social_media,0,22
CUST-01573,2024-01-09,M,Bucaramanga,presencial,0,37
CUST-01574,2023-09-01,F,Medellín,presencial,1,21
CUST-01575,2024-03-30,M,Cali,online,0,39
CUST-01576,2023-10-19,F,Barranquilla,online,0,34
CUST-01577,2024-04-04,M,Cali,presencial,0,18
CUST-01578,2023-08-28,M,Medellín,presencial,0,46
CUST-01579,2024-06-30,F,Cali,online,1,27
CUST-01580,2023-09-02,F,Bucaramanga,social_media,0,26
CUST-01581,2023-11-13,F,Santa Marta,presencial,1,37
CUST-01582,2024-04-25,M,Barranquilla,social_media,1,46
CUST-01583,2023-07-18,F,Bucaramanga,presencial,0,24
CUST-01584,2024-01-12,F,Bogotá,online,0,35
CUST-01585,2024-08-07,M,Bucaramanga,social_media,0,39
CUST-01586,2024-03-27,M,Cali,online,1,41
CUST-01587,2024-04-17,M,Santa Marta,presencial,1,36
CUST-01588,2023-10-16,F,Barranquilla,online,0,31
CUST-01589,2024-01-27,M,Pereira,social_media,0,26
CUST-01590,2024-05-29,M,Barranquilla,online,0,35
CUST-01591,2024-06-24,F,Bucaramanga,social_media,0,24
CUST-01592,2024-03-04,M,Pereira,online,1,18
CUST-01593,2023-06-15,M,Medellín,online,0,39
CUST-01594,2023-07-24,F,Cúcuta,social_media,1,44
CUST-01595,2023-05-22,M,Bucaramanga,social_media,0,18
CUST-01596,2023-09-14,F,Manizales,social_media,1,24
CUST-01597,2023-02-23,F,Bucaramanga,presencial,0,41
CUST-01598,2024-05-07,F,Medellín,online,1,55
CUST-01599,2024-01-16,F,Barranquilla,social_media,1,35
CUST-01600,2024-07-21,F,Bogotá,presencial,0,27
CUST-01601,2023-04-16,M,Pereira,presencial,1,33
CUST-01602,2024-06-12,F,Manizales,social_media,0,48
CUST-01603,2023-05-08,F,Cúcuta,social_media,1,28
CUST-01604,2023-10-19,F,Medellín,social_media,1,27
CUST-01605,2023-03-27,F,Cúcuta,presencial,0,30
CUST-01606,2023-06-14,M,Cartagena,presencial,0,25
CUST-01607,2023-10-07,M,Manizales,online,1,36
CUST-01608,2024-04-05,M,Manizales,presencial,0,51
CUST-01609,2024-06-09,F,Cartagena,social_media,0,38
CUST-01610,2023-05-31,M,Manizales,online,1,32
CUST-01611,2024-03-23,M,Bucaramanga,online,0,32
CUST-01612,2023-04-04,F,Cartagena,online,1,19
CUST-01613,2023-08-16,F,Barranquilla,online,0,43
CUST-01614,2024-04-06,M,Cartagena,social_media,0,34
CUST-01615,2023-12-24,M,Barranquilla,online,0,33
CUST-01616,2023-01-28,M,Bogotá,social_media,0,66
CUST-01617,2024-02-29,M,Cali,presencial,1,37
CUST-01618,2023-02-24,F,Manizales,social_media,0,27
CUST-01619,2024-02-10,F,Pereira,online,0,30
CUST-01620,2024-05-29,F,Pereira,presencial,0,46
CUST-01621,2024-01-18,F,Cali,presencial,1,36
CUST-01622,2023-08-30,F,Santa Marta,presencial,1,20
CUST-01623,2024-01-31,M,Bucaramanga,online,1,44
CUST-01624,2023-03-25,F,Manizales,social_media,0,28
CUST-01625,2024-01-19,F,Manizales,social_media,0,53
CUST-01626,2023-08-18,M,Cali,online,1,45
CUST-01627,2023-01-29,F,Barranquilla,online,1,30
CUST-01628,2023-11-23,M,Bucaramanga,presencial,0,47
CUST-01629,2023-04-12,F,Medellín,social_media,0,35
CUST-01630,2023-12-10,F,Pereira,online,0,43
CUST-01631,2023-05-30,F,Medellín,online,0,39
CUST-01632,2023-05-21,M,Cartagena,social_media,0,26
CUST-01633,2023-02-09,F,Barranquilla,presencial,0,28
CUST-01634,2023-10-21,M,Santa Marta,presencial,1,45
CUST-01635,2024-04-28,F,Medellín,presencial,0,31
CUST-01636,2023-05-23,F,Pereira,social_media,0,30
CUST-01637,2024-04-25,M,Pereira,online,0,25
CUST-01638,2024-04-04,M,Pereira,online,0,39
CUST-01639,2023-01-06,F,Bogotá,online,0,55
CUST-01640,2023-03-23,M,Manizales,online,1,24
CUST-01641,2023-01-20,F,Medellín,social_media,0,35
CUST-01642,2023-09-20,F,Cartagena,presencial,1,49
CUST-01643,2023-08-09,M,Medellín,presencial,0,34
CUST-01644,2023-06-03,M,Cartagena,presencial,1,39
CUST-01645,2024-07-15,M,Pereira,presencial,0,24
CUST-01646,2024-06-24,F,Bucaramanga,online,0,39
CUST-01647,2024-03-09,M,Cartagena,online,0,33
CUST-01648,2023-04-24,F,Barranquilla,social_media,1,44
CUST-01649,2023-10-23,M,Manizales,presencial,0,46
CUST-01650,2023-09-01,M,Manizales,online,0,60
CUST-01651,2023-11-05,M,Bogotá,online,0,40
CUST-01652,2023-05-05,M,Cúcuta,online,0,38
CUST-01653,2023-02-18,M,Medellín,presencial,0,36
CUST-01654,2023-09-02,F,Cali,online,0,31
CUST-01655,2024-03-05,M,Bogotá,presencial,1,38
CUST-01656,2024-04-13,M,Cali,presencial,1,32
CUST-01657,2023-03-06,F,Cúcuta,social_media,0,36
CUST-01658,2023-04-24,F,Manizales,social_media,0,48
CUST-01659,2024-05-26,F,Barranquilla,presencial,0,24
CUST-01660,2024-07-02,F,Pereira,presencial,0,46
CUST-01661,2023-01-17,M,Pereira,presencial,0,48
CUST-01662,2024-06-11,M,Cartagena,online,1,33
CUST-01663,2024-08-11,F,Bogotá,online,1,18
CUST-01664,2023-09-05,M,Cúcuta,online,1,28
CUST-01665,2023-05-28,F,Barranquilla,social_media,0,47
CUST-01666,2023-10-26,F,Pereira,presencial,0,34
CUST-01667,2024-03-15,M,Cartagena,online,1,25
CUST-01668,2023-01-02,M,Medellín,online,0,29
CUST-01669,2023-12-28,F,Manizales,social_media,0,43
CUST-01670,2023-09-04,M,Medellín,social_media,0,40
CUST-01671,2024-08-07,F,Manizales,presencial,1,32
CUST-01672,2024-03-02,F,Medellín,presencial,1,31
CUST-01673,2023-07-11,F,Cartagena,online,0,31
CUST-01674,2023-03-29,F,Barranquilla,online,1,25
CUST-01675,2024-06-20,M,Bogotá,online,1,51
CUST-01676,2024-01-05,F,Manizales,online,0,31
CUST-01677,2023-03-11,F,Cúcuta,online,0,47
CUST-01678,2024-06-22,F,Cali,social_media,0,50
CUST-01679,2024-07-11,M,Barranquilla,presencial,0,44
CUST-01680,2024-06-03,F,Barranquilla,social_media,1,30
CUST-01681,2024-06-03,F,Cartagena,presencial,1,39
CUST-01682,2024-07-21,M,Cali,presencial,0,34
CUST-01683,2023-01-21,F,Santa Marta,presencial,1,25
CUST-01684,2024-02-04,F,Barranquilla,social_media,0,38
CUST-01685,2024-04-26,F,Cúcuta,online,0,23
CUST-01686,2023-02-14,F,Barranquilla,presencial,1,46
CUST-01687,2024-02-01,M,Bucaramanga,presencial,0,30
CUST-01688,2024-01-18,M,Manizales,social_media,0,37
CUST-01689,2023-09-17,M,Pereira,social_media,0,37
CUST-01690,2023-01-17,F,Barranquilla,online,0,32
CUST-01691,2024-01-01,M,Barranquilla,online,0,40
CUST-01692,2023-03-11,M,Cartagena,presencial,0,30
CUST-01693,2023-12-20,F,Cúcuta,social_media,0,43
CUST-01694,2023-09-04,M,Cartagena,online,0,21
CUST-01695,2023-04-17,M,Bogotá,online,0,36
CUST-01696,2024-08-18,M,Manizales,online,0,54
CUST-01697,2023-12-07,F,Cúcuta,social_media,0,24
CUST-01698,2023-05-17,F,Cartagena,social_media,1,28
CUST-01699,2023-02-15,M,Cali,social_media,0,40
CUST-01700,2023-12-27,M,Cali,social_media,1,36
CUST-01701,2024-07-13,F,Barranquilla,social_media,0,38
CUST-01702,2023-12-13,F,Pereira,presencial,0,39
CUST-01703,2023-06-29,F,Cartagena,presencial,1,41
CUST-01704,2024-04-20,F,Bogotá,social_media,0,46
CUST-01705,2024-05-05,M,Cartagena,presencial,0,39
CUST-01706,2023-07-06,F,Cartagena,social_media,0,32
CUST-01707,2023-05-19,M,Bucaramanga,presencial,0,41
CUST-01708,2023-03-06,F,Pereira,presencial,0,53
CUST-01709,2024-04-13,F,Cartagena,online,0,33
CUST-01710,2023-02-07,F,Medellín,social_media,0,25
CUST-01711,2023-10-28,F,Medellín,presencial,0,46
CUST-01712,2023-07-26,M,Barranquilla,presencial,0,33
CUST-01713,2023-02-14,M,Bogotá,online,0,18
CUST-01714,2023-07-24,M,Pereira,presencial,1,43
CUST-01715,2023-02-12,F,Bogotá,online,1,29
CUST-01716,2023-11-20,M,Cali,presencial,0,34
CUST-01717,2023-11-14,F,Cúcuta,online,1,38
CUST-01718,2024-06-11,F,Pereira,online,0,36
CUST-01719,2024-02-12,M,Bucaramanga,social_media,0,42
CUST-01720,2024-07-10,F,Pereira,social_media,0,30
CUST-01721,2024-04-29,F,Cartagena,presencial,1,40
CUST-01722,2023-09-17,M,Manizales,social_media,0,32
CUST-01723,2023-02-07,F,Bucaramanga,social_media,1,42
CUST-01724,2023-07-15,F,Barranquilla,social_media,1,41
CUST-01725,2023-10-20,M,Bogotá,presencial,0,25
CUST-01726,2024-01-01,M,Medellín,presencial,0,45
CUST-01727,2023-02-18,F,Bucaramanga,social_media,1,29
CUST-01728,2023-12-06,M,Barranquilla,social_media,0,43
CUST-01729,2023-10-07,F,Cali,presencial,1,38
CUST-01730,2023-05-08,M,Pereira,social_media,1,53
CUST-01731,2024-01-12,F,Pereira,online,0,32
CUST-01732,2024-03-23,M,Medellín,presencial,0,31
CUST-01733,2024-02-14,M,Manizales,presencial,0,34
CUST-01734,2024-03-26,F,Bogotá,online,1,31
CUST-01735,2024-01-31,M,Cúcuta,social_media,0,42
CUST-01736,2023-12-14,M,Pereira,online,0,18
CUST-01737,2023-07-11,F,Cúcuta,social_media,0,24
CUST-01738,2024-05-23,M,Bogotá,social_media,1,24
CUST-01739,2024-05-24,M,Cali,presencial,0,44
CUST-01740,2024-01-12,M,Cali,presencial,1,52
CUST-01741,2024-06-15,F,Cúcuta,social_media,0,33
CUST-01742,2023-10-01,M,Medellín,online,0,33
CUST-01743,2023-03-26,F,Cúcuta,presencial,1,35
CUST-01744,2024-03-10,F,Cartagena,social_media,0,46
CUST-01745,2023-03-22,M,Barranquilla,presencial,0,25
CUST-01746,2024-03-16,F,Bucaramanga,presencial,1,37
CUST-01747,2023-07-04,F,Medellín,presencial,0,44
CUST-01748,2024-07-12,F,Barranquilla,online,0,40
CUST-01749,2023-10-28,F,Pereira,online,0,36
CUST-01750,2023-11-25,M,Bogotá,social_media,0,45
CUST-01751,2023-04-16,M,Cali,online,1,18
CUST-01752,2023-03-23,M,Bogotá,social_media,0,41
CUST-01753,2023-12-02,F,Medellín,social_media,0,28
CUST-01754,2023-10-30,F,Santa Marta,presencial,0,18
CUST-01755,2023-11-10,M,Cúcuta,presencial,0,40
CUST-01756,2024-04-01,F,Cartagena,online,0,48
CUST-01757,2024-03-12,M,Barranquilla,social_media,0,33
CUST-01758,2023-06-20,F,Barranquilla,social_media,1,44
CUST-01759,2024-03-30,M,Manizales,presencial,1,51
CUST-01760,2023-12-26,M,Cali,presencial,1,48
CUST-01761,2024-04-02,M,Barranquilla,presencial,0,51
CUST-01762,2023-02-13,F,Medellín,online,0,42
CUST-01763,2023-12-28,M,Bucaramanga,social_media,1,35
CUST-01764,2024-03-21,F,Santa Marta,social_media,0,18
CUST-01765,2023-10-09,F,Barranquilla,social_media,1,32
CUST-01766,2023-02-28,M,Bucaramanga,presencial,1,26
CUST-01767,2023-03-18,M,Barranquilla,online,0,56
CUST-01768,2024-02-20,F,Medellín,online,0,33
CUST-01769,2024-01-08,F,Bucaramanga,presencial,0,36
CUST-01770,2024-06-09,M,Pereira,online,0,40
CUST-01771,2023-06-13,M,Barranquilla,online,1,35
CUST-01772,2023-02-01,F,Pereira,social_media,1,51
CUST-01773,2023-05-27,M,Manizales,presencial,1,28
CUST-01774,2024-03-24,M,Cali,presencial,0,36
CUST-01775,2023-02-05,M,Medellín,presencial,1,27
CUST-01776,2023-05-10,M,Cartagena,presencial,1,21
CUST-01777,2023-03-10,F,Medellín,social_media,1,28
CUST-01778,2023-08-30,F,Cúcuta,online,1,34
CUST-01779,2024-01-11,M,Cartagena,online,0,30
CUST-01780,2024-01-06,M,Cúcuta,social_media,0,28
CUST-01781,2024-01-28,F,Bucaramanga,online,0,20
CUST-01782,2024-08-03,F,Manizales,presencial,0,34
CUST-01783,2023-02-03,F,Bucaramanga,social_media,0,19
CUST-01784,2023-06-07,F,Barranquilla,social_media,0,42
CUST-01785,2024-04-05,F,Cali,presencial,0,35
CUST-01786,2024-01-15,M,Medellín,presencial,0,20
CUST-01787,2024-01-16,M,Bogotá,presencial,1,31
CUST-01788,2024-03-30,F,Medellín,online,0,27
CUST-01789,2023-03-20,F,Medellín,presencial,0,38
CUST-01790,2024-08-10,M,Cartagena,social_media,0,48
CUST-01791,2023-05-21,F,Santa Marta,online,0,18
CUST-01792,2024-06-26,F,Bogotá,online,0,36
CUST-01793,2024-01-11,M,Barranquilla,social_media,0,33
CUST-01794,2024-02-12,M,Cúcuta,online,0,41
CUST-01795,2023-11-18,M,Pereira,presencial,1,37
CUST-01796,2023-10-13,M,Cúcuta,presencial,0,27
CUST-01797,2023-09-13,F,Cali,presencial,1,31
CUST-01798,2023-04-27,M,Manizales,presencial,1,27
CUST-01799,2023-01-27,F,Cali,online,1,45
CUST-01800,2023-07-10,F,Manizales,social_media,0,35
CUST-01801,2024-05-26,F,Medellín,online,0,54
CUST-01802,2024-06-14,F,Cartagena,social_media,0,34
CUST-01803,2024-02-01,M,Barranquilla,social_media,0,27
CUST-01804,2024-07-29,F,Santa Marta,presencial,0,19
CUST-01805,2023-05-01,F,Cali,online,0,18
CUST-01806,2023-09-26,F,Cartagena,presencial,0,19
CUST-01807,2023-09-24,M,Cúcuta,online,0,37
CUST-01808,2024-04-01,M,Santa Marta,online,1,40
CUST-01809,2023-08-08,M,Bucaramanga,presencial,0,19
CUST-01810,2023-10-20,M,Medellín,online,0,43
CUST-01811,2024-05-17,M,Bogotá,presencial,1,30
CUST-01812,2023-07-24,F,Bogotá,social_media,1,36
CUST-01813,2023-05-06,M,Pereira,presencial,0,51
CUST-01814,2023-05-19,F,Medellín,online,0,43
CUST-01815,2023-03-17,M,Pereira,online,0,32
CUST-01816,2024-04-07,F,Bogotá,social_media,1,26
CUST-01817,2023-06-26,M,Barranquilla,social_media,0,18
CUST-01818,2024-03-31,F,Cúcuta,social_media,1,27
CUST-01819,2023-03-31,M,Barranquilla,presencial,1,32
CUST-01820,2023-11-24,F,Cartagena,presencial,0,25
CUST-01821,2023-12-22,F,Cúcuta,online,0,33
CUST-01822,2023-03-08,F,Bogotá,social_media,0,35
CUST-01823,2024-07-17,F,Pereira,social_media,0,32
CUST-01824,2024-07-09,F,Medellín,presencial,0,28
CUST-01825,2023-10-25,F,Medellín,online,0,36
CUST-01826,2023-11-04,M,Manizales,social_media,1,39
CUST-01827,2023-06-11,M,Santa Marta,presencial,1,24
CUST-01828,2023-06-28,F,Bucaramanga,presencial,0,49
CUST-01829,2024-01-06,F,Bogotá,social_media,0,34
CUST-01830,2024-06-04,F,Bogotá,social_media,1,35
CUST-01831,2023-08-18,F,Pereira,online,1,42
CUST-01832,2023-05-05,F,Manizales,social_media,0,37
CUST-01833,2023-07-25,F,Cali,presencial,1,44
CUST-01834,2023-05-23,F,Santa Marta,social_media,0,37
CUST-01835,2023-08-31,M,Barranquilla,social_media,0,28
CUST-01836,2024-05-20,F,Barranquilla,online,0,38
CUST-01837,2023-01-27,F,Cali,presencial,1,23
CUST-01838,2024-01-05,M,Manizales,social_media,0,36
CUST-01839,2024-07-21,M,Santa Marta,presencial,1,34
CUST-01840,2024-08-09,F,Bogotá,online,0,32
CUST-01841,2024-01-13,M,Medellín,presencial,0,33
CUST-01842,2024-04-23,M,Bogotá,social_media,0,18
CUST-01843,2024-07-18,M,Barranquilla,social_media,0,29
CUST-01844,2023-05-13,F,Cúcuta,online,0,35
CUST-01845,2023-03-30,F,Pereira,online,0,36
CUST-01846,2023-03-09,M,Pereira,online,0,24
CUST-01847,2023-11-13,F,Bucaramanga,presencial,0,47
CUST-01848,2024-02-12,F,Cartagena,presencial,0,26
CUST-01849,2024-05-05,F,Barranquilla,presencial,1,44
CUST-01850,2024-06-22,M,Manizales,presencial,0,39
CUST-01851,2024-02-25,M,Pereira,online,0,28
CUST-01852,2024-02-24,M,Cúcuta,presencial,1,52
CUST-01853,2024-08-11,M,Bogotá,presencial,0,23
CUST-01854,2023-03-17,F,Bucaramanga,presencial,0,44
CUST-01855,2023-05-09,F,Medellín,presencial,0,45
CUST-01856,2023-11-21,F,Barranquilla,online,0,28
CUST-01857,2023-03-17,M,Cartagena,online,0,48
CUST-01858,2024-04-05,M,Manizales,social_media,0,32
CUST-01859,2024-04-22,F,Bucaramanga,social_media,0,37
CUST-01860,2024-06-13,M,Medellín,presencial,0,37
CUST-01861,2023-12-19,M,Cartagena,presencial,0,33
CUST-01862,2023-05-12,F,Cartagena,online,0,43
CUST-01863,2024-07-18,M,Bucaramanga,social_media,0,42
CUST-01864,2024-08-24,M,Bogotá,presencial,1,18
CUST-01865,2023-07-06,F,Manizales,social_media,0,48
CUST-01866,2023-05-13,M,Cali,social_media,0,18
CUST-01867,2024-03-19,F,Cartagena,social_media,1,45
CUST-01868,2024-05-29,F,Pereira,online,1,46
CUST-01869,2023-02-26,M,Cali,presencial,0,24
CUST-01870,2023-05-08,F,Cúcuta,presencial,0,30
CUST-01871,2024-06-14,M,Bucaramanga,online,0,23
CUST-01872,2023-06-06,M,Cartagena,online,1,32
CUST-01873,2023-11-08,M,Pereira,online,0,31
CUST-01874,2023-06-18,M,Cúcuta,social_media,0,42
CUST-01875,2023-06-15,M,Cali,social_media,1,48
CUST-01876,2023-11-27,M,Medellín,presencial,0,48
CUST-01877,2023-08-19,M,Barranquilla,presencial,0,29
CUST-01878,2023-12-21,M,Cali,social_media,0,32
CUST-01879,2024-06-15,M,Barranquilla,social_media,1,18
CUST-01880,2023-10-18,F,Pereira,online,1,26
CUST-01881,2023-03-22,F,Cartagena,social_media,0,44
CUST-01882,2023-09-14,M,Barranquilla,presencial,0,51
CUST-01883,2023-07-21,M,Bucaramanga,presencial,0,22
CUST-01884,2024-07-18,M,Pereira,online,0,29
CUST-01885,2023-10-09,F,Cartagena,online,0,34
CUST-01886,2023-05-09,F,Pereira,presencial,0,37
CUST-01887,2023-11-07,M,Cali,social_media,0,26
CUST-01888,2024-06-30,M,Pereira,social_media,0,39
CUST-01889,2023-04-06,M,Cali,presencial,0,30
CUST-01890,2024-05-29,F,Bucaramanga,social_media,0,34
CUST-01891,2023-06-22,M,Manizales,social_media,1,40
CUST-01892,2024-08-29,F,Bucaramanga,presencial,0,35
CUST-01893,2024-08-17,F,Cúcuta,presencial,0,30
CUST-01894,2023-06-07,M,Cali,online,0,33
CUST-01895,2023-06-25,F,Cartagena,presencial,0,34
CUST-01896,2023-12-12,M,Santa Marta,online,1,31
CUST-01897,2024-07-31,F,Manizales,online,0,32
CUST-01898,2023-02-12,F,Bucaramanga,social_media,1,50
CUST-01899,2023-01-30,M,Santa Marta,presencial,1,40
CUST-01900,2023-03-25,M,Medellín,social_media,0,32
CUST-01901,2023-02-16,F,Santa Marta,presencial,0,41
CUST-01902,2024-08-13,F,Cúcuta,presencial,0,31
CUST-01903,2023-09-29,F,Cúcuta,social_media,1,46
CUST-01904,2023-08-04,M,Bucaramanga,online,0,38
CUST-01905,2024-08-08,M,Santa Marta,presencial,1,33
CUST-01906,2024-03-02,M,Barranquilla,online,0,39
CUST-01907,2023-02-01,M,Cartagena,social_media,0,19
CUST-01908,2024-05-24,F,Medellín,social_media,0,23
CUST-01909,2024-07-12,F,Cali,presencial,0,23
CUST-01910,2023-10-24,F,Bogotá,social_media,0,36
CUST-01911,2023-11-06,F,Barranquilla,presencial,0,52
CUST-01912,2024-05-09,F,Medellín,presencial,0,57
CUST-01913,2023-09-08,M,Medellín,presencial,0,41
CUST-01914,2024-02-20,M,Bogotá,presencial,0,40
CUST-01915,2023-11-01,F,Cúcuta,presencial,0,18
CUST-01916,2024-04-09,F,Medellín,social_media,0,29
CUST-01917,2023-03-16,F,Barranquilla,presencial,1,27
CUST-01918,2023-03-03,F,Bucaramanga,online,0,28
CUST-01919,2023-06-11,F,Pereira,presencial,0,33
CUST-01920,2024-03-26,F,Pereira,presencial,0,30
CUST-01921,2024-03-01,F,Pereira,presencial,0,18
CUST-01922,2024-05-10,F,Barranquilla,social_media,0,42
CUST-01923,2024-04-20,M,Cartagena,online,1,24
CUST-01924,2023-07-28,F,Cali,online,0,37
CUST-01925,2023-12-15,F,Bogotá,online,1,55
CUST-01926,2023-05-28,M,Manizales,social_media,0,25
CUST-01927,2023-11-17,M,Cúcuta,social_media,1,18
CUST-01928,2023-11-23,F,Pereira,presencial,0,32
CUST-01929,2023-12-20,M,Santa Marta,social_media,0,46
CUST-01930,2024-02-13,M,Cúcuta,online,0,54
CUST-01931,2023-05-14,F,Barranquilla,online,0,22
CUST-01932,2024-01-15,M,Cartagena,social_media,1,39
CUST-01933,2024-06-11,F,Cartagena,social_media,1,30
CUST-01934,2024-07-29,F,Pereira,online,0,33
CUST-01935,2023-04-19,F,Santa Marta,online,0,61
CUST-01936,2023-11-23,M,Manizales,online,0,19
CUST-01937,2023-09-05,M,Pereira,online,1,37
CUST-01938,2024-04-22,F,Bogotá,online,0,39
CUST-01939,2023-05-06,F,Cúcuta,social_media,1,45
CUST-01940,2023-10-01,M,Bucaramanga,social_media,0,35
CUST-01941,2024-04-05,F,Cúcuta,presencial,1,38
CUST-01942,2023-09-11,M,Santa Marta,presencial,0,31
CUST-01943,2023-05-25,M,Pereira,presencial,0,37
CUST-01944,2023-04-10,M,Bogotá,social_media,0,31
CUST-01945,2023-02-21,M,Santa Marta,presencial,0,41
CUST-01946,2023-10-25,M,Cali,presencial,0,31
CUST-01947,2024-01-29,M,Santa Marta,social_media,1,38
CUST-01948,2024-03-04,F,Barranquilla,online,0,34
CUST-01949,2023-09-12,F,Santa Marta,social_media,1,46
CUST-01950,2023-06-13,M,Manizales,social_media,0,34
CUST-01951,2023-12-02,M,Pereira,online,0,18
CUST-01952,2024-08-14,F,Barranquilla,presencial,1,47
CUST-01953,2023-11-17,F,Santa Marta,social_media,0,25
CUST-01954,2023-07-14,F,Barranquilla,social_media,0,28
CUST-01955,2023-06-13,F,Bogotá,online,0,29
CUST-01956,2024-05-25,F,Bucaramanga,social_media,1,48
CUST-01957,2024-06-11,F,Barranquilla,presencial,1,18
CUST-01958,2024-04-23,F,Cúcuta,online,1,66
CUST-01959,2024-05-25,F,Cali,social_media,1,45
CUST-01960,2023-11-12,M,Cartagena,presencial,0,37
CUST-01961,2024-05-24,F,Cali,presencial,0,34
CUST-01962,2023-01-24,M,Santa Marta,social_media,0,37
CUST-01963,2023-04-03,F,Bucaramanga,presencial,1,40
CUST-01964,2024-02-07,F,Cali,online,1,41
CUST-01965,2024-06-01,F,Cartagena,presencial,0,40
CUST-01966,2024-04-13,F,Manizales,online,0,35
CUST-01967,2023-09-04,F,Manizales,online,1,33
CUST-01968,2023-08-09,M,Bucaramanga,online,0,33
CUST-01969,2024-08-20,F,Cartagena,social_media,0,33
CUST-01970,2023-12-28,M,Cartagena,presencial,0,46
CUST-01971,2023-02-19,M,Bogotá,social_media,1,40
CUST-01972,2023-02-21,F,Medellín,social_media,0,18
CUST-01973,2023-10-16,M,Barranquilla,online,0,41
CUST-01974,2024-05-21,F,Bucaramanga,social_media,0,36
CUST-01975,2024-04-26,F,Pereira,presencial,0,34
CUST-01976,2023-10-20,F,Bogotá,social_media,0,31
CUST-01977,2024-07-03,M,Manizales,social_media,1,46
CUST-01978,2023-01-09,F,Bogotá,online,0,44
CUST-01979,2023-04-21,M,Santa Marta,online,1,27
CUST-01980,2024-03-17,F,Barranquilla,social_media,0,39
CUST-01981,2023-05-18,F,Pereira,online,1,25
CUST-01982,2023-09-28,M,Bucaramanga,social_media,0,21
CUST-01983,2024-01-10,M,Santa Marta,presencial,0,28
CUST-01984,2024-02-17,M,Medellín,presencial,0,43
CUST-01985,2024-01-10,M,Pereira,online,0,44
CUST-01986,2023-02-16,M,Cartagena,presencial,0,40
CUST-01987,2024-02-15,M,Pereira,presencial,0,42
CUST-01988,2023-02-22,F,Bogotá,social_media,0,40
CUST-01989,2024-08-06,M,Cúcuta,online,1,28
CUST-01990,2024-07-29,F,Santa Marta,presencial,0,39
CUST-01991,2023-07-19,F,Bogotá,online,0,43
CUST-01992,2024-01-07,F,Cartagena,online,0,42
CUST-01993,2024-07-20,F,Manizales,online,0,46
CUST-01994,2023-10-23,F,Bogotá,presencial,0,42
CUST-01995,2023-03-17,M,Pereira,online,0,38
CUST-01996,2024-01-31,F,Medellín,online,0,45
CUST-01997,2024-05-31,F,Pereira,social_media,0,34
CUST-01998,2024-04-06,F,Pereira,social_media,1,26
CUST-01999,2024-07-17,M,Santa Marta,social_media,0,33
CUST-02000,2023-10-14,M,Bucaramanga,social_media,0,27
CUST-02001,2023-05-02,M,Barranquilla,online,1,28
CUST-02002,2023-05-12,M,Pereira,social_media,0,33
CUST-02003,2023-04-10,F,Pereira,social_media,0,27
CUST-02004,2024-02-08,M,Barranquilla,presencial,1,31
CUST-02005,2024-01-18,F,Medellín,social_media,0,18
CUST-02006,2023-12-14,M,Santa Marta,social_media,0,37
CUST-02007,2024-07-25,M,Manizales,presencial,0,35
CUST-02008,2024-01-10,M,Cartagena,online,0,26
CUST-02009,2023-05-28,M,Cartagena,online,1,41
CUST-02010,2023-07-23,F,Bogotá,presencial,1,44
CUST-02011,2024-06-05,M,Santa Marta,presencial,0,18
CUST-02012,2024-02-16,F,Cúcuta,online,1,27
CUST-02013,2024-05-27,F,Manizales,social_media,0,27
CUST-02014,2023-02-11,F,Cartagena,presencial,0,25
CUST-02015,2023-02-16,F,Cúcuta,presencial,1,43
CUST-02016,2023-02-09,F,Bucaramanga,presencial,0,33
CUST-02017,2023-05-21,F,Cúcuta,online,0,32
CUST-02018,2023-12-08,F,Cúcuta,online,0,18
CUST-02019,2024-04-30,M,Manizales,online,1,41
CUST-02020,2024-06-15,F,Bucaramanga,online,0,22
CUST-02021,2024-04-12,M,Cúcuta,online,0,35
CUST-02022,2023-06-02,M,Barranquilla,social_media,0,37
CUST-02023,2024-06-11,F,Cali,social_media,0,48
CUST-02024,2023-05-24,F,Pereira,online,0,21
CUST-02025,2023-12-02,M,Medellín,online,1,18
CUST-02026,2023-11-23,M,Pereira,online,1,36
CUST-02027,2023-06-16,F,Bogotá,presencial,1,53
CUST-02028,2024-02-07,F,Cúcuta,presencial,0,47
CUST-02029,2023-11-03,M,Cartagena,online,0,37
CUST-02030,2024-08-30,M,Santa Marta,online,0,30
CUST-02031,2023-12-11,F,Bogotá,presencial,1,43
CUST-02032,2024-06-03,M,Manizales,presencial,1,25
CUST-02033,2024-06-05,M,Santa Marta,presencial,1,39
CUST-02034,2024-06-29,F,Santa Marta,presencial,0,40
CUST-02035,2024-05-16,M,Manizales,presencial,0,45
CUST-02036,2024-07-30,F,Barranquilla,online,0,62
CUST-02037,2023-11-03,F,Pereira,online,0,38
CUST-02038,2024-05-01,F,Bogotá,presencial,0,29
CUST-02039,2023-01-18,M,Pereira,online,0,34
CUST-02040,2024-01-13,F,Bucaramanga,presencial,0,18
CUST-02041,2023-12-06,M,Cartagena,presencial,0,28
CUST-02042,2023-04-23,F,Bogotá,presencial,0,30
CUST-02043,2024-03-02,F,Manizales,online,0,29
CUST-02044,2024-08-20,M,Cúcuta,online,0,36
CUST-02045,2023-11-12,M,Bogotá,online,0,26
CUST-02046,2023-01-28,M,Bogotá,online,0,46
CUST-02047,2024-04-30,F,Cali,social_media,0,35
CUST-02048,2023-09-29,M,Manizales,presencial,1,34
CUST-02049,2024-08-15,F,Manizales,presencial,0,31
CUST-02050,2024-08-14,M,Pereira,online,0,36
CUST-02051,2023-08-22,F,Cartagena,online,0,43
CUST-02052,2023-02-22,F,Manizales,social_media,0,26
CUST-02053,2024-08-20,F,Medellín,presencial,0,28
CUST-02054,2024-05-06,F,Manizales,presencial,1,31
CUST-02055,2023-06-24,M,Medellín,online,0,21
CUST-02056,2024-06-20,M,Cúcuta,online,0,26
CUST-02057,2024-01-25,F,Cartagena,social_media,0,30
CUST-02058,2023-06-01,F,Barranquilla,presencial,0,43
CUST-02059,2023-09-06,M,Bogotá,social_media,0,37
CUST-02060,2023-02-02,M,Cartagena,presencial,1,36
CUST-02061,2024-08-09,M,Pereira,online,0,43
CUST-02062,2023-04-23,M,Bogotá,social_media,0,33
CUST-02063,2023-07-15,M,Medellín,online,0,38
CUST-02064,2023-01-20,M,Santa Marta,presencial,0,33
CUST-02065,2024-03-27,F,Cartagena,presencial,0,37
CUST-02066,2023-11-18,M,Pereira,social_media,1,29
CUST-02067,2024-03-04,M,Medellín,online,1,18
CUST-02068,2023-06-05,F,Pereira,presencial,1,33
CUST-02069,2024-02-27,M,Pereira,presencial,0,49
CUST-02070,2023-07-28,M,Pereira,social_media,1,44
CUST-02071,2024-02-25,M,Cartagena,social_media,1,44
CUST-02072,2024-05-28,F,Santa Marta,online,1,47
CUST-02073,2024-04-27,M,Medellín,social_media,1,35
CUST-02074,2023-03-05,F,Barranquilla,presencial,0,36
CUST-02075,2023-05-22,M,Medellín,online,0,28
CUST-02076,2024-06-15,F,Manizales,online,0,31
CUST-02077,2023-08-01,M,Bogotá,online,0,41
CUST-02078,2024-07-28,M,Santa Marta,presencial,1,47
CUST-02079,2023-11-29,M,Cartagena,social_media,1,33
CUST-02080,2024-05-04,F,Cali,online,1,30
CUST-02081,2024-06-22,M,Barranquilla,presencial,0,35
CUST-02082,2024-01-21,M,Bogotá,social_media,0,41
CUST-02083,2023-11-18,F,Cali,online,0,20
CUST-02084,2023-06-27,F,Manizales,social_media,0,18
CUST-02085,2024-04-15,F,Medellín,social_media,1,29
CUST-02086,2024-06-29,M,Medellín,social_media,1,22
CUST-02087,2023-12-17,F,Santa Marta,presencial,0,29
CUST-02088,2024-07-13,M,Cartagena,online,1,33
CUST-02089,2023-12-29,F,Cartagena,online,0,30
CUST-02090,2023-09-28,F,Bogotá,online,0,49
CUST-02091,2024-05-10,M,Bucaramanga,presencial,0,38
CUST-02092,2023-07-16,M,Manizales,social_media,0,38
CUST-02093,2023-09-10,M,Bucaramanga,presencial,1,41
CUST-02094,2023-10-13,M,Pereira,online,1,23
CUST-02095,2024-07-25,F,Barranquilla,social_media,0,45
CUST-02096,2023-11-02,F,Medellín,presencial,0,34
CUST-02097,2023-08-19,F,Bogotá,presencial,0,41
CUST-02098,2023-11-01,M,Bucaramanga,presencial,0,24
CUST-02099,2023-10-23,M,Santa Marta,presencial,0,19
CUST-02100,2023-08-01,F,Cúcuta,social_media,0,43
CUST-02101,2024-05-15,F,Cartagena,presencial,0,38
CUST-02102,2023-11-21,M,Medellín,social_media,0,25
CUST-02103,2024-05-06,F,Bogotá,presencial,0,26
CUST-02104,2023-12-24,F,Cali,online,0,46
CUST-02105,2024-07-27,F,Barranquilla,presencial,1,23
CUST-02106,2023-10-08,M,Pereira,presencial,1,51
CUST-02107,2023-10-22,F,Santa Marta,online,0,25
CUST-02108,2023-05-05,M,Manizales,social_media,0,41
CUST-02109,2024-08-10,F,Santa Marta,presencial,0,31
CUST-02110,2024-07-10,M,Pereira,presencial,0,41
CUST-02111,2024-01-24,F,Cúcuta,online,0,29
CUST-02112,2024-02-09,F,Manizales,social_media,1,33
CUST-02113,2023-12-20,F,Manizales,online,1,35
CUST-02114,2023-05-30,M,Bogotá,presencial,0,24
CUST-02115,2023-10-25,F,Santa Marta,social_media,0,42
CUST-02116,2023-02-13,F,Medellín,presencial,0,29
CUST-02117,2023-10-22,M,Pereira,online,0,32
CUST-02118,2023-03-22,M,Cúcuta,presencial,0,25
CUST-02119,2023-12-21,F,Cúcuta,online,0,18
CUST-02120,2024-03-28,F,Cartagena,online,0,33
CUST-02121,2023-09-20,F,Barranquilla,social_media,1,59
CUST-02122,2024-05-05,F,Bogotá,online,0,42
CUST-02123,2023-08-08,F,Bogotá,social_media,0,34
CUST-02124,2023-07-26,M,Cali,social_media,0,32
CUST-02125,2024-07-05,F,Bogotá,social_media,0,35
CUST-02126,2023-10-05,M,Manizales,social_media,0,40
CUST-02127,2024-07-29,M,Cali,social_media,0,23
CUST-02128,2023-10-06,F,Cúcuta,online,1,46
CUST-02129,2023-05-21,M,Medellín,online,1,42
CUST-02130,2023-04-22,F,Bucaramanga,social_media,1,42
CUST-02131,2024-08-23,M,Barranquilla,online,0,39
CUST-02132,2023-09-03,M,Barranquilla,social_media,0,35
CUST-02133,2023-09-06,F,Medellín,online,1,41
CUST-02134,2023-02-21,F,Medellín,social_media,0,40
CUST-02135,2024-06-27,M,Bucaramanga,presencial,0,31
CUST-02136,2023-08-20,F,Cartagena,presencial,0,29
CUST-02137,2023-08-27,F,Santa Marta,social_media,0,36
CUST-02138,2023-02-23,M,Barranquilla,online,1,50
CUST-02139,2023-04-13,M,Cartagena,social_media,0,22
CUST-02140,2024-02-28,M,Bogotá,online,1,20
CUST-02141,2023-12-05,F,Medellín,social_media,0,36
CUST-02142,2024-04-28,F,Cali,social_media,1,35
CUST-02143,2023-04-13,F,Cartagena,online,0,36
CUST-02144,2023-05-21,M,Cartagena,online,1,37
CUST-02145,2023-01-06,F,Barranquilla,social_media,0,32
CUST-02146,2024-07-17,M,Cúcuta,presencial,1,49
CUST-02147,2023-06-11,M,Cali,presencial,0,18
CUST-02148,2024-02-21,M,Santa Marta,presencial,0,26
CUST-02149,2024-05-02,M,Bogotá,presencial,0,33
CUST-02150,2024-05-03,M,Bucaramanga,presencial,1,18
CUST-02151,2023-07-24,M,Pereira,online,1,33
CUST-02152,2023-10-22,M,Cúcuta,presencial,1,51
CUST-02153,2023-11-25,F,Barranquilla,online,0,35
CUST-02154,2023-10-20,M,Cúcuta,presencial,0,37
CUST-02155,2023-03-02,F,Cali,online,0,22
CUST-02156,2023-04-02,F,Manizales,presencial,0,28
CUST-02157,2024-08-10,F,Santa Marta,presencial,0,31
CUST-02158,2023-08-26,F,Bogotá,online,1,31
CUST-02159,2024-07-01,F,Cúcuta,online,1,47
CUST-02160,2023-02-08,M,Santa Marta,social_media,1,40
CUST-02161,2023-06-29,F,Pereira,presencial,0,23
CUST-02162,2024-03-03,F,Bogotá,presencial,0,37
CUST-02163,2023-06-30,F,Pereira,online,0,39
CUST-02164,2023-02-07,M,Cartagena,online,0,46
CUST-02165,2024-02-11,F,Cúcuta,presencial,0,50
CUST-02166,2024-05-22,F,Pereira,presencial,1,24
CUST-02167,2023-07-10,F,Santa Marta,online,0,26
CUST-02168,2023-10-24,F,Manizales,online,0,22
CUST-02169,2023-02-08,M,Bucaramanga,presencial,1,32
CUST-02170,2023-01-10,F,Medellín,online,1,39
CUST-02171,2023-11-02,M,Manizales,online,1,44
CUST-02172,2024-08-04,M,Barranquilla,presencial,0,34
CUST-02173,2023-04-20,F,Manizales,social_media,0,31
CUST-02174,2023-12-10,F,Pereira,online,0,36
CUST-02175,2023-10-19,M,Barranquilla,social_media,1,26
CUST-02176,2024-04-10,F,Manizales,online,0,55
CUST-02177,2024-07-10,F,Medellín,social_media,1,18
CUST-02178,2024-06-20,F,Santa Marta,online,1,36
CUST-02179,2024-05-20,M,Bucaramanga,social_media,1,55
CUST-02180,2023-05-18,M,Pereira,social_media,0,35
CUST-02181,2024-05-31,F,Cúcuta,online,0,33
CUST-02182,2024-04-24,F,Bogotá,social_media,1,31
CUST-02183,2023-10-07,M,Cali,presencial,1,33
CUST-02184,2023-07-17,M,Cúcuta,presencial,1,48
CUST-02185,2023-04-26,M,Cartagena,presencial,0,18
CUST-02186,2023-12-05,M,Pereira,social_media,1,50
CUST-02187,2023-06-16,M,Bogotá,online,0,20
CUST-02188,2024-04-14,M,Santa Marta,social_media,0,32
CUST-02189,2023-09-21,M,Cartagena,online,0,30
CUST-02190,2023-07-10,F,Cali,social_media,0,40
CUST-02191,2023-01-15,M,Pereira,online,0,19
CUST-02192,2023-12-12,M,Cúcuta,social_media,0,39
CUST-02193,2023-10-30,F,Manizales,social_media,0,55
CUST-02194,2024-08-04,F,Cúcuta,presencial,0,21
CUST-02195,2023-07-17,F,Cúcuta,social_media,0,36
CUST-02196,2023-06-29,M,Cali,presencial,0,28
CUST-02197,2024-02-20,M,Pereira,online,1,39
CUST-02198,2024-03-13,F,Pereira,online,1,35
CUST-02199,2024-06-11,F,Barranquilla,presencial,1,28
CUST-02200,2023-12-02,F,Cúcuta,social_media,0,39
CUST-02201,2023-03-30,M,Santa Marta,online,0,53
CUST-02202,2024-02-15,F,Bogotá,social_media,1,33
CUST-02203,2023-04-08,M,Bogotá,social_media,0,42
CUST-02204,2023-07-09,M,Cartagena,social_media,0,22
CUST-02205,2023-05-24,M,Cali,online,0,25
CUST-02206,2024-05-03,M,Cúcuta,online,0,39
CUST-02207,2023-11-28,F,Santa Marta,social_media,1,49
CUST-02208,2023-09-12,F,Cartagena,presencial,1,38
CUST-02209,2023-01-07,F,Pereira,presencial,1,31
CUST-02210,2023-09-25,M,Bogotá,presencial,1,34
CUST-02211,2024-01-28,F,Medellín,social_media,0,22
CUST-02212,2023-08-30,M,Barranquilla,presencial,0,41
CUST-02213,2024-04-02,M,Santa Marta,online,0,43
CUST-02214,2023-10-01,M,Cartagena,presencial,0,30
CUST-02215,2023-12-04,F,Cartagena,presencial,0,30
CUST-02216,2023-11-06,M,Santa Marta,social_media,1,37
CUST-02217,2024-08-19,M,Manizales,online,0,30
CUST-02218,2024-08-09,F,Medellín,online,1,34
CUST-02219,2023-01-12,F,Pereira,presencial,0,55
CUST-02220,2023-09-25,F,Bogotá,social_media,0,32
CUST-02221,2024-01-04,M,Cúcuta,social_media,1,31
CUST-02222,2023-08-30,M,Santa Marta,presencial,1,28
CUST-02223,2023-03-05,F,Cali,online,1,42
CUST-02224,2023-05-02,M,Medellín,online,1,33
CUST-02225,2024-04-21,M,Barranquilla,online,0,28
CUST-02226,2023-11-11,F,Barranquilla,social_media,1,48
CUST-02227,2023-06-13,F,Cali,presencial,0,49
CUST-02228,2024-02-20,F,Medellín,social_media,1,28
CUST-02229,2024-05-29,F,Cartagena,online,1,18
CUST-02230,2023-11-15,F,Barranquilla,social_media,0,45
CUST-02231,2023-05-01,F,Cartagena,online,1,28
CUST-02232,2023-10-30,F,Manizales,presencial,1,42
CUST-02233,2024-01-12,F,Medellín,online,0,18
CUST-02234,2023-08-15,M,Santa Marta,presencial,1,43
CUST-02235,2023-08-13,M,Cúcuta,social_media,1,22
CUST-02236,2023-05-17,M,Bogotá,social_media,0,42
CUST-02237,2024-05-04,M,Manizales,social_media,1,35
CUST-02238,2023-06-06,M,Cartagena,online,0,25
CUST-02239,2024-04-10,M,Medellín,presencial,1,30
CUST-02240,2024-01-18,M,Manizales,social_media,0,41
CUST-02241,2024-03-01,M,Cartagena,social_media,0,36
CUST-02242,2024-07-16,M,Cúcuta,presencial,1,40
CUST-02243,2024-04-27,M,Cúcuta,online,0,54
CUST-02244,2024-07-04,M,Cali,social_media,0,19
CUST-02245,2023-08-12,F,Pereira,online,0,51
CUST-02246,2023-09-11,M,Barranquilla,online,0,36
CUST-02247,2023-03-25,F,Cúcuta,online,0,26
CUST-02248,2024-06-22,M,Bucaramanga,social_media,0,21
CUST-02249,2024-04-02,F,Cúcuta,social_media,0,33
CUST-02250,2024-06-24,M,Manizales,presencial,0,44
CUST-02251,2024-01-06,F,Bogotá,presencial,0,33
CUST-02252,2023-03-21,M,Medellín,online,0,50
CUST-02253,2024-07-31,F,Manizales,social_media,0,20
CUST-02254,2023-04-25,M,Pereira,online,0,34
CUST-02255,2023-03-05,F,Cúcuta,presencial,0,22
CUST-02256,2024-07-14,M,Santa Marta,online,1,38
CUST-02257,2024-06-01,F,Medellín,online,0,43
CUST-02258,2023-07-27,F,Manizales,social_media,0,30
CUST-02259,2024-08-09,F,Bucaramanga,online,0,18
CUST-02260,2024-07-03,F,Bogotá,online,0,36
CUST-02261,2023-06-03,F,Barranquilla,social_media,1,39
CUST-02262,2023-06-18,F,Medellín,social_media,0,39
CUST-02263,2023-12-02,F,Pereira,presencial,0,47
CUST-02264,2024-06-16,F,Santa Marta,social_media,0,24
CUST-02265,2024-03-28,M,Bucaramanga,online,1,41
CUST-02266,2023-04-30,M,Barranquilla,presencial,0,46
CUST-02267,2023-07-30,M,Cartagena,presencial,0,18
CUST-02268,2024-08-20,F,Bogotá,presencial,1,38
CUST-02269,2024-05-15,F,Barranquilla,presencial,0,29
CUST-02270,2023-04-04,M,Cúcuta,online,1,34
CUST-02271,2024-06-06,M,Cali,online,0,38
CUST-02272,2024-04-01,F,Santa Marta,online,0,30
CUST-02273,2023-02-26,F,Bucaramanga,online,0,28
CUST-02274,2024-04-09,M,Barranquilla,presencial,0,35
CUST-02275,2023-05-16,F,Cali,online,0,24
CUST-02276,2024-06-09,M,Barranquilla,presencial,1,24
CUST-02277,2024-03-01,F,Manizales,social_media,0,41
CUST-02278,2024-04-12,M,Cartagena,online,1,23
CUST-02279,2024-07-31,M,Bogotá,social_media,0,41
CUST-02280,2023-03-01,F,Cartagena,social_media,1,39
CUST-02281,2024-07-26,M,Manizales,online,1,18
CUST-02282,2024-04-18,F,Barranquilla,presencial,0,28
CUST-02283,2023-11-12,F,Medellín,social_media,0,46
CUST-02284,2023-01-23,F,Cali,online,1,25
CUST-02285,2024-02-10,F,Santa Marta,social_media,0,30
CUST-02286,2023-09-18,F,Pereira,social_media,1,39
CUST-02287,2023-01-04,M,Cali,online,1,42
CUST-02288,2023-08-12,F,Cartagena,social_media,0,32
CUST-02289,2024-08-15,F,Cali,presencial,1,29
CUST-02290,2023-03-16,M,Cúcuta,presencial,0,49
CUST-02291,2023-02-16,F,Barranquilla,social_media,0,52
CUST-02292,2024-03-09,M,Manizales,social_media,0,44
CUST-02293,2023-12-19,F,Cali,online,0,35
CUST-02294,2023-03-07,M,Cali,presencial,0,26
CUST-02295,2024-07-08,F,Manizales,social_media,0,26
CUST-02296,2023-03-03,F,Cúcuta,presencial,1,40
CUST-02297,2023-03-12,F,Cúcuta,social_media,0,39
CUST-02298,2024-04-28,F,Pereira,online,0,49
CUST-02299,2023-02-02,F,Pereira,online,0,41
CUST-02300,2023-10-21,M,Cúcuta,presencial,0,19
CUST-02301,2024-02-23,M,Medellín,presencial,0,45
CUST-02302,2023-07-04,F,Pereira,social_media,0,25
CUST-02303,2023-05-19,M,Cúcuta,social_media,1,31
CUST-02304,2024-03-06,F,Cúcuta,social_media,0,37
CUST-02305,2024-01-19,F,Cali,presencial,1,54
CUST-02306,2024-01-27,F,Pereira,online,0,66
CUST-02307,2024-04-04,M,Barranquilla,online,1,41
CUST-02308,2024-01-22,F,Manizales,presencial,0,33
CUST-02309,2024-01-20,M,Manizales,online,0,40
CUST-02310,2023-03-24,F,Bucaramanga,presencial,1,43
CUST-02311,2024-07-06,F,Cali,social_media,1,31
CUST-02312,2023-05-17,M,Bucaramanga,presencial,0,52
CUST-02313,2023-12-23,F,Bucaramanga,online,1,37
CUST-02314,2023-05-02,M,Cali,presencial,1,39
CUST-02315,2023-07-02,F,Barranquilla,presencial,0,41
CUST-02316,2024-07-04,F,Medellín,presencial,0,39
CUST-02317,2024-02-07,F,Bogotá,presencial,0,43
CUST-02318,2024-06-25,M,Medellín,online,0,28
CUST-02319,2023-05-11,F,Pereira,social_media,0,29
CUST-02320,2023-08-17,M,Cúcuta,online,0,23
CUST-02321,2023-01-04,F,Cartagena,online,0,39
CUST-02322,2023-01-24,F,Santa Marta,social_media,0,42
CUST-02323,2023-11-02,M,Cali,online,0,39
CUST-02324,2024-04-19,F,Medellín,social_media,0,51
CUST-02325,2024-07-11,F,Barranquilla,social_media,0,34
CUST-02326,2024-03-10,M,Medellín,presencial,0,41
CUST-02327,2024-06-28,M,Pereira,online,0,24
CUST-02328,2024-01-24,M,Cúcuta,social_media,1,31
CUST-02329,2023-08-24,F,Bucaramanga,online,1,41
CUST-02330,2023-09-11,M,Manizales,online,0,43
CUST-02331,2024-04-16,M,Cartagena,social_media,0,32
CUST-02332,2023-12-21,F,Medellín,presencial,0,34
CUST-02333,2023-06-08,M,Barranquilla,social_media,0,19
CUST-02334,2023-10-10,M,Bogotá,presencial,0,31
CUST-02335,2023-07-13,F,Medellín,social_media,0,43
CUST-02336,2023-04-26,M,Barranquilla,social_media,0,40
CUST-02337,2023-02-02,F,Bucaramanga,presencial,0,40
CUST-02338,2024-03-05,M,Barranquilla,presencial,1,35
CUST-02339,2023-01-17,M,Barranquilla,online,0,35
CUST-02340,2023-09-04,F,Cúcuta,social_media,0,28
CUST-02341,2023-07-31,M,Cúcuta,online,0,41
CUST-02342,2023-03-10,F,Medellín,online,0,39
CUST-02343,2023-04-14,M,Santa Marta,presencial,0,39
CUST-02344,2024-08-31,M,Cúcuta,presencial,1,29
CUST-02345,2023-02-04,F,Manizales,online,0,18
CUST-02346,2024-04-02,F,Manizales,presencial,0,45
CUST-02347,2023-02-19,M,Cartagena,social_media,0,30
CUST-02348,2023-09-08,M,Cali,presencial,0,26
CUST-02349,2023-02-15,M,Bucaramanga,presencial,0,41
CUST-02350,2024-02-16,F,Santa Marta,social_media,0,31
CUST-02351,2024-03-25,F,Manizales,presencial,0,45
CUST-02352,2023-08-28,M,Pereira,online,0,41
CUST-02353,2024-07-06,M,Manizales,online,1,41
CUST-02354,2023-08-11,M,Barranquilla,online,1,21
CUST-02355,2023-02-27,F,Bucaramanga,presencial,0,47
CUST-02356,2023-05-24,M,Cartagena,presencial,0,37
CUST-02357,2024-05-30,F,Medellín,presencial,0,31
CUST-02358,2023-10-24,F,Manizales,online,1,36
CUST-02359,2023-08-28,M,Cali,presencial,0,18
CUST-02360,2024-08-12,F,Cartagena,social_media,0,39
CUST-02361,2023-11-23,F,Manizales,presencial,0,24
CUST-02362,2024-08-14,M,Santa Marta,online,0,21
CUST-02363,2023-11-25,M,Santa Marta,social_media,0,19
CUST-02364,2023-08-31,M,Cartagena,social_media,0,46
CUST-02365,2023-11-06,M,Medellín,online,0,28
CUST-02366,2023-05-27,M,Pereira,social_media,1,50
CUST-02367,2024-06-17,M,Pereira,social_media,0,29
CUST-02368,2023-08-15,M,Manizales,social_media,0,18
CUST-02369,2024-02-28,F,Manizales,social_media,0,23
CUST-02370,2023-11-04,M,Cartagena,social_media,1,47
CUST-02371,2023-10-09,M,Bogotá,presencial,0,33
CUST-02372,2023-03-04,M,Barranquilla,online,1,29
CUST-02373,2024-07-24,M,Barranquilla,online,0,36
CUST-02374,2024-08-28,M,Cali,presencial,0,40
CUST-02375,2023-06-29,M,Manizales,presencial,1,46
CUST-02376,2024-03-13,F,Cali,online,1,49
CUST-02377,2024-07-23,M,Cartagena,online,1,31
CUST-02378,2024-05-22,F,Medellín,presencial,0,21
CUST-02379,2023-02-18,M,Bucaramanga,presencial,0,30
CUST-02380,2023-12-19,F,Bucaramanga,social_media,0,37
CUST-02381,2024-01-26,F,Manizales,presencial,1,25
CUST-02382,2024-06-21,F,Manizales,presencial,1,25
CUST-02383,2023-11-23,M,Bogotá,social_media,0,38
CUST-02384,2024-03-02,M,Cartagena,social_media,0,34
CUST-02385,2024-02-23,M,Medellín,online,1,35
CUST-02386,2023-06-02,M,Cúcuta,online,0,27
CUST-02387,2023-11-04,M,Cartagena,presencial,0,32
CUST-02388,2024-01-21,M,Cúcuta,social_media,1,25
CUST-02389,2023-07-08,F,Santa Marta,social_media,0,43
CUST-02390,2024-07-04,F,Barranquilla,online,0,45
CUST-02391,2024-04-29,F,Manizales,online,1,18
CUST-02392,2023-09-04,M,Bogotá,presencial,0,25
CUST-02393,2023-08-19,M,Manizales,social_media,0,20
CUST-02394,2023-11-04,F,Bucaramanga,online,0,28
CUST-02395,2023-05-28,M,Manizales,presencial,0,34
CUST-02396,2024-04-19,M,Bucaramanga,presencial,0,20
CUST-02397,2023-03-01,M,Cali,presencial,1,25
CUST-02398,2024-07-29,F,Manizales,online,1,24
CUST-02399,2024-02-27,F,Cartagena,online,0,37
CUST-02400,2024-03-02,M,Cúcuta,online,1,35
CUST-02401,2024-07-24,F,Cartagena,online,0,27
CUST-02402,2024-06-26,F,Pereira,online,0,36
CUST-02403,2023-05-18,M,Bucaramanga,social_media,0,29
CUST-02404,2024-02-02,M,Santa Marta,social_media,1,32
CUST-02405,2023-09-06,F,Pereira,social_media,1,51
CUST-02406,2023-09-19,F,Cali,social_media,0,48
CUST-02407,2023-07-28,M,Cartagena,presencial,0,22
CUST-02408,2023-12-05,M,Santa Marta,presencial,1,43
CUST-02409,2023-03-22,M,Cúcuta,social_media,0,43
CUST-02410,2024-04-05,F,Medellín,online,1,23
CUST-02411,2024-01-15,F,Bogotá,social_media,0,43
CUST-02412,2023-04-05,M,Manizales,social_media,0,50
CUST-02413,2024-07-02,M,Manizales,presencial,0,23
CUST-02414,2023-07-15,M,Medellín,online,0,25
CUST-02415,2023-02-22,M,Manizales,presencial,1,45
CUST-02416,2023-10-02,F,Cartagena,online,0,37
CUST-02417,2024-01-22,M,Medellín,presencial,0,40
CUST-02418,2023-02-10,M,Pereira,social_media,0,38
CUST-02419,2023-03-16,F,Pereira,online,0,38
CUST-02420,2023-07-12,M,Cali,presencial,0,21
CUST-02421,2024-08-24,F,Bogotá,social_media,0,45
CUST-02422,2024-07-26,F,Barranquilla,presencial,0,46
CUST-02423,2023-08-11,F,Medellín,presencial,1,32
CUST-02424,2024-05-05,M,Barranquilla,presencial,0,34
CUST-02425,2023-08-02,F,Manizales,social_media,0,19
CUST-02426,2023-12-07,M,Medellín,online,1,40
CUST-02427,2023-11-07,F,Bogotá,presencial,0,40
CUST-02428,2023-01-16,F,Cali,social_media,0,34
CUST-02429,2023-08-05,F,Cúcuta,presencial,0,46
CUST-02430,2023-07-14,M,Pereira,online,0,31
CUST-02431,2023-05-01,M,Bucaramanga,presencial,0,40
CUST-02432,2024-05-05,F,Bucaramanga,social_media,1,24
CUST-02433,2023-09-06,M,Pereira,presencial,1,34
CUST-02434,2023-07-29,F,Manizales,presencial,0,33
CUST-02435,2024-02-11,F,Cali,online,0,37
CUST-02436,2023-09-03,F,Cali,online,0,31
CUST-02437,2024-07-19,F,Cúcuta,online,0,33
CUST-02438,2023-11-26,M,Manizales,presencial,0,43
CUST-02439,2023-10-17,F,Pereira,social_media,0,30
CUST-02440,2024-01-25,M,Cúcuta,presencial,1,18
CUST-02441,2024-04-22,F,Cartagena,presencial,0,52
CUST-02442,2024-06-30,F,Barranquilla,presencial,0,48
CUST-02443,2024-01-03,F,Bucaramanga,presencial,0,22
CUST-02444,2023-11-12,F,Santa Marta,online,0,41
CUST-02445,2023-09-25,F,Bucaramanga,online,1,29
CUST-02446,2024-01-04,M,Manizales,online,1,37
CUST-02447,2024-06-09,M,Bogotá,online,0,37
CUST-02448,2024-05-24,F,Bucaramanga,social_media,1,32
CUST-02449,2024-04-22,M,Medellín,presencial,1,27
CUST-02450,2023-04-11,M,Cali,presencial,1,28
CUST-02451,2024-04-25,F,Bucaramanga,presencial,0,25
CUST-02452,2023-11-24,F,Medellín,social_media,0,26
CUST-02453,2023-07-28,F,Barranquilla,social_media,0,34
CUST-02454,2024-01-15,F,Bucaramanga,online,0,27
CUST-02455,2023-11-17,M,Cartagena,presencial,1,41
CUST-02456,2024-02-28,M,Bucaramanga,presencial,0,49
CUST-02457,2023-02-16,M,Bucaramanga,social_media,1,29
CUST-02458,2024-07-30,M,Manizales,presencial,0,37
CUST-02459,2023-08-15,F,Santa Marta,social_media,0,39
CUST-02460,2023-05-30,F,Cartagena,online,0,39
CUST-02461,2023-01-17,F,Bucaramanga,social_media,0,35
CUST-02462,2023-09-25,F,Bucaramanga,presencial,0,42
CUST-02463,2024-07-20,M,Bucaramanga,social_media,1,39
CUST-02464,2024-08-21,M,Medellín,social_media,0,22
CUST-02465,2024-08-16,F,Barranquilla,online,0,43
CUST-02466,2024-03-03,M,Bogotá,presencial,1,43
CUST-02467,2023-10-30,M,Bogotá,presencial,0,27
CUST-02468,2023-06-06,F,Bogotá,online,0,35
CUST-02469,2023-07-20,M,Pereira,social_media,0,41
CUST-02470,2023-12-04,F,Bogotá,social_media,0,32
CUST-02471,2023-08-24,M,Bucaramanga,presencial,0,45
CUST-02472,2024-01-24,M,Medellín,social_media,1,58
CUST-02473,2024-08-06,F,Bucaramanga,online,1,27
CUST-02474,2023-09-09,F,Bucaramanga,presencial,1,21
CUST-02475,2024-05-26,F,Cali,social_media,0,38
CUST-02476,2024-07-17,M,Manizales,online,1,42
CUST-02477,2023-12-12,F,Barranquilla,online,0,32
CUST-02478,2023-09-21,M,Pereira,presencial,0,49
CUST-02479,2024-05-15,F,Barranquilla,presencial,0,21
CUST-02480,2024-05-17,M,Bogotá,social_media,1,41
CUST-02481,2024-04-16,F,Bucaramanga,social_media,0,28
CUST-02482,2023-06-22,F,Cartagena,social_media,0,52
CUST-02483,2023-12-27,M,Santa Marta,online,0,54
CUST-02484,2023-06-23,M,Santa Marta,online,0,27
CUST-02485,2023-05-24,F,Manizales,social_media,0,29
CUST-02486,2024-07-13,M,Pereira,presencial,0,43
CUST-02487,2024-05-15,F,Medellín,online,0,31
CUST-02488,2023-07-08,M,Manizales,online,0,34
CUST-02489,2024-07-09,M,Cali,social_media,0,35
CUST-02490,2023-03-02,F,Bucaramanga,presencial,0,18
CUST-02491,2024-06-20,F,Cúcuta,online,1,34
CUST-02492,2023-02-04,M,Pereira,presencial,0,28
CUST-02493,2023-03-18,M,Bucaramanga,online,0,30
CUST-02494,2023-02-19,M,Cartagena,presencial,0,49
CUST-02495,2023-01-07,M,Barranquilla,presencial,0,22
CUST-02496,2024-02-27,F,Medellín,online,0,43
CUST-02497,2023-05-21,F,Santa Marta,presencial,0,32
CUST-02498,2023-08-25,M,Pereira,online,0,32
CUST-02499,2023-03-11,F,Pereira,online,0,42
CUST-02500,2023-06-04,M,Barranquilla,presencial,1,38
CUST-02501,2023-01-10,M,Cartagena,online,0,40
CUST-02502,2023-08-12,M,Bucaramanga,presencial,0,44
CUST-02503,2024-06-01,F,Medellín,online,0,31
CUST-02504,2024-04-11,M,Barranquilla,presencial,1,28
CUST-02505,2024-01-18,F,Barranquilla,online,0,24
CUST-02506,2023-03-03,F,Barranquilla,online,0,26
CUST-02507,2024-05-09,M,Pereira,social_media,0,64
CUST-02508,2024-05-14,F,Pereira,online,1,47
CUST-02509,2023-01-17,M,Pereira,online,0,21
CUST-02510,2023-01-07,M,Pereira,presencial,0,21
CUST-02511,2024-06-28,F,Medellín,presencial,0,39
CUST-02512,2024-07-18,M,Cartagena,presencial,0,40
CUST-02513,2024-02-26,F,Cúcuta,presencial,0,40
CUST-02514,2023-01-13,F,Medellín,social_media,1,32
CUST-02515,2023-01-18,F,Cartagena,social_media,1,33
CUST-02516,2024-06-26,M,Bucaramanga,presencial,0,38
CUST-02517,2023-10-09,F,Cali,presencial,0,35
CUST-02518,2024-07-02,M,Bucaramanga,presencial,0,18
CUST-02519,2023-10-21,M,Cartagena,presencial,1,32
CUST-02520,2023-01-18,F,Barranquilla,online,0,26
CUST-02521,2024-05-29,F,Cúcuta,presencial,1,36
CUST-02522,2024-03-16,M,Santa Marta,online,0,64
CUST-02523,2023-07-03,F,Manizales,presencial,0,38
CUST-02524,2023-04-20,F,Pereira,social_media,0,31
CUST-02525,2023-04-09,F,Bogotá,social_media,0,44
CUST-02526,2024-06-20,M,Santa Marta,presencial,0,39
CUST-02527,2023-06-02,F,Santa Marta,social_media,1,39
CUST-02528,2023-09-04,M,Bucaramanga,social_media,0,41
CUST-02529,2023-07-16,M,Pereira,social_media,0,55
CUST-02530,2024-06-23,F,Cali,social_media,0,23
CUST-02531,2023-09-16,F,Cartagena,online,0,39
CUST-02532,2023-12-29,M,Pereira,online,0,25
CUST-02533,2023-10-01,M,Bogotá,online,0,40
CUST-02534,2024-02-11,F,Bogotá,online,1,25
CUST-02535,2023-03-22,M,Cartagena,presencial,0,30
CUST-02536,2024-01-18,F,Santa Marta,social_media,1,32
CUST-02537,2024-02-20,M,Pereira,social_media,0,44
CUST-02538,2024-04-15,F,Bogotá,presencial,0,44
CUST-02539,2024-08-01,M,Cartagena,presencial,0,22
CUST-02540,2023-09-07,F,Manizales,online,0,35
CUST-02541,2023-08-20,F,Manizales,online,0,27
CUST-02542,2023-11-04,M,Medellín,social_media,0,22
CUST-02543,2023-03-24,F,Pereira,presencial,0,32
CUST-02544,2023-02-02,M,Cúcuta,social_media,1,31
CUST-02545,2023-04-06,M,Cartagena,presencial,0,59
CUST-02546,2024-02-20,M,Santa Marta,online,1,39
CUST-02547,2024-01-24,M,Cali,social_media,0,21
CUST-02548,2024-01-22,F,Bogotá,social_media,1,29
CUST-02549,2024-07-19,M,Barranquilla,presencial,1,45
CUST-02550,2024-05-02,M,Pereira,social_media,0,55
CUST-02551,2023-02-27,M,Bogotá,online,0,19
CUST-02552,2023-01-10,F,Medellín,social_media,0,18
CUST-02553,2023-06-25,M,Cartagena,presencial,0,53
CUST-02554,2023-03-26,F,Santa Marta,social_media,1,38
CUST-02555,2024-05-26,F,Bogotá,online,0,26
CUST-02556,2024-03-20,M,Barranquilla,presencial,0,40
CUST-02557,2023-12-06,F,Cali,presencial,1,18
CUST-02558,2024-08-02,M,Cartagena,online,0,35
CUST-02559,2023-04-08,F,Cartagena,presencial,0,38
CUST-02560,2024-06-24,F,Cúcuta,presencial,0,44
CUST-02561,2023-02-13,M,Medellín,social_media,0,24
CUST-02562,2023-08-24,F,Cartagena,presencial,0,35
CUST-02563,2023-08-05,M,Santa Marta,social_media,1,25
CUST-02564,2024-08-03,F,Cartagena,online,0,37
CUST-02565,2024-05-01,M,Cúcuta,online,0,26
CUST-02566,2023-10-05,M,Medellín,online,0,30
CUST-02567,2023-02-17,M,Pereira,online,0,25
CUST-02568,2023-03-18,M,Bucaramanga,presencial,0,41
CUST-02569,2023-10-15,F,Pereira,presencial,0,43
CUST-02570,2024-07-10,M,Manizales,social_media,1,32
CUST-02571,2024-07-31,M,Cúcuta,social_media,0,35
CUST-02572,2023-02-03,M,Cartagena,social_media,0,20
CUST-02573,2023-07-03,M,Medellín,presencial,0,32
CUST-02574,2023-11-19,F,Pereira,social_media,0,34
CUST-02575,2023-01-17,M,Pereira,presencial,1,61
CUST-02576,2023-08-01,F,Manizales,online,0,23
CUST-02577,2024-08-24,M,Pereira,presencial,1,49
CUST-02578,2023-05-28,M,Cúcuta,online,0,44
CUST-02579,2024-02-12,M,Pereira,social_media,0,37
CUST-02580,2023-03-20,M,Santa Marta,presencial,0,52
CUST-02581,2023-11-03,M,Manizales,social_media,0,38
CUST-02582,2023-06-16,M,Medellín,social_media,0,38
CUST-02583,2024-07-31,F,Medellín,online,0,34
CUST-02584,2023-09-04,F,Pereira,social_media,1,47
CUST-02585,2024-08-03,M,Cúcuta,presencial,1,45
CUST-02586,2024-02-03,M,Cúcuta,social_media,1,28
CUST-02587,2024-07-07,M,Cali,online,0,21
CUST-02588,2023-12-06,F,Bogotá,online,0,32
CUST-02589,2024-01-29,M,Santa Marta,social_media,0,26
CUST-02590,2023-05-24,F,Cali,online,0,34
CUST-02591,2023-03-22,F,Bogotá,social_media,0,47
CUST-02592,2024-05-27,F,Bucaramanga,online,0,30
CUST-02593,2023-12-21,F,Barranquilla,social_media,1,34
CUST-02594,2023-02-24,F,Bogotá,social_media,1,35
CUST-02595,2023-04-11,M,Barranquilla,presencial,1,43
CUST-02596,2024-03-23,F,Manizales,presencial,1,18
CUST-02597,2023-08-26,F,Pereira,social_media,0,28
CUST-02598,2023-03-19,M,Bogotá,presencial,0,37
CUST-02599,2023-12-15,M,Cúcuta,presencial,1,47
CUST-02600,2024-02-11,F,Santa Marta,online,0,30
CUST-02601,2023-12-01,M,Bucaramanga,presencial,0,18
CUST-02602,2023-01-31,M,Medellín,online,0,41
CUST-02603,2023-10-07,M,Cali,presencial,0,28
CUST-02604,2024-04-06,F,Pereira,presencial,1,23
CUST-02605,2024-05-17,F,Cali,social_media,1,28
CUST-02606,2023-08-22,M,Cali,presencial,0,33
CUST-02607,2023-12-31,M,Cartagena,social_media,0,28
CUST-02608,2024-07-20,F,Cali,social_media,0,18
CUST-02609,2024-01-20,F,Cali,social_media,0,43
CUST-02610,2024-03-18,M,Cartagena,social_media,0,47
CUST-02611,2023-07-10,F,Cartagena,presencial,1,41
CUST-02612,2024-08-22,F,Santa Marta,social_media,0,23
CUST-02613,2024-01-25,M,Bogotá,presencial,1,32
CUST-02614,2023-03-29,M,Bogotá,presencial,0,34
CUST-02615,2023-10-30,F,Santa Marta,online,0,40
CUST-02616,2023-09-10,F,Cartagena,online,0,41
CUST-02617,2023-03-17,F,Barranquilla,online,0,27
CUST-02618,2023-03-26,M,Medellín,social_media,0,35
CUST-02619,2023-10-02,M,Santa Marta,presencial,1,39
CUST-02620,2023-06-07,M,Bucaramanga,presencial,0,49
CUST-02621,2024-01-25,M,Santa Marta,social_media,0,42
CUST-02622,2023-06-07,F,Cartagena,online,0,42
CUST-02623,2024-02-03,M,Barranquilla,online,0,35
CUST-02624,2023-11-21,M,Pereira,presencial,0,49
CUST-02625,2024-01-05,F,Cartagena,presencial,1,39
CUST-02626,2023-04-20,M,Manizales,presencial,0,26
CUST-02627,2023-04-04,F,Manizales,online,0,49
CUST-02628,2023-01-06,M,Medellín,presencial,0,41
CUST-02629,2023-11-12,F,Cartagena,online,0,30
CUST-02630,2024-03-31,F,Cúcuta,online,0,30
CUST-02631,2024-01-04,F,Manizales,online,1,37
CUST-02632,2023-10-04,M,Cali,social_media,0,39
CUST-02633,2023-04-15,F,Pereira,social_media,0,36
CUST-02634,2023-05-16,M,Cali,presencial,0,38
CUST-02635,2023-03-31,M,Bucaramanga,online,0,51
CUST-02636,2023-07-11,M,Medellín,presencial,0,45
CUST-02637,2024-03-17,M,Bucaramanga,online,0,36
CUST-02638,2024-04-04,M,Bucaramanga,presencial,0,44
CUST-02639,2024-07-24,M,Manizales,presencial,1,24
CUST-02640,2024-07-22,F,Cartagena,social_media,0,38
CUST-02641,2024-06-08,F,Bogotá,social_media,0,53
CUST-02642,2024-02-22,M,Manizales,social_media,0,32
CUST-02643,2023-04-16,M,Santa Marta,social_media,0,26
CUST-02644,2023-01-27,M,Bogotá,online,0,28
CUST-02645,2023-04-02,M,Cartagena,presencial,0,24
CUST-02646,2023-12-29,M,Bucaramanga,presencial,0,27
CUST-02647,2024-07-21,F,Barranquilla,online,0,31
CUST-02648,2023-04-06,F,Medellín,online,0,20
CUST-02649,2023-11-29,M,Cartagena,presencial,0,35
CUST-02650,2024-01-30,M,Barranquilla,social_media,1,44
CUST-02651,2023-01-13,F,Pereira,social_media,0,25
CUST-02652,2023-10-26,M,Bucaramanga,social_media,0,50
CUST-02653,2024-02-28,M,Cali,online,0,40
CUST-02654,2024-02-02,M,Santa Marta,presencial,1,45
CUST-02655,2023-03-28,F,Barranquilla,online,1,28
CUST-02656,2024-07-26,F,Cartagena,presencial,0,43
CUST-02657,2023-09-06,M,Cali,social_media,0,24
CUST-02658,2024-08-08,F,Manizales,social_media,1,43
CUST-02659,2024-06-17,F,Pereira,social_media,0,36
CUST-02660,2023-06-23,M,Pereira,presencial,0,40
CUST-02661,2024-01-25,F,Manizales,social_media,0,23
CUST-02662,2023-06-23,F,Pereira,presencial,0,26
CUST-02663,2023-05-23,F,Cali,online,1,40
CUST-02664,2023-10-03,F,Cali,social_media,0,25
CUST-02665,2023-11-05,F,Medellín,online,0,39
CUST-02666,2023-10-02,F,Bogotá,online,0,21
CUST-02667,2024-05-19,M,Cartagena,presencial,0,43
CUST-02668,2023-05-30,M,Barranquilla,online,0,22
CUST-02669,2023-03-06,M,Medellín,presencial,0,40
CUST-02670,2023-06-21,F,Bogotá,presencial,0,41
CUST-02671,2024-03-21,M,Cali,online,0,28
CUST-02672,2023-10-10,F,Bucaramanga,presencial,0,40
CUST-02673,2024-03-07,F,Medellín,presencial,1,37
CUST-02674,2023-11-03,M,Cúcuta,presencial,0,29
CUST-02675,2024-05-10,F,Pereira,online,0,24
CUST-02676,2023-03-20,M,Pereira,presencial,1,18
CUST-02677,2024-01-05,F,Cali,social_media,0,38
CUST-02678,2023-09-15,M,Bogotá,online,0,19
CUST-02679,2023-09-10,M,Santa Marta,online,1,35
CUST-02680,2024-05-22,M,Cartagena,presencial,0,32
CUST-02681,2024-08-31,M,Medellín,online,1,41
CUST-02682,2023-07-20,F,Manizales,social_media,0,31
CUST-02683,2024-04-13,M,Cúcuta,online,1,31
CUST-02684,2023-04-20,F,Cúcuta,online,0,42
CUST-02685,2023-05-19,M,Barranquilla,online,1,38
CUST-02686,2023-11-08,M,Cúcuta,presencial,1,38
CUST-02687,2023-01-07,M,Pereira,social_media,0,39
CUST-02688,2024-02-10,F,Cartagena,social_media,0,19
CUST-02689,2023-12-07,M,Cali,social_media,1,42
CUST-02690,2024-01-25,M,Cúcuta,online,0,41
CUST-02691,2023-12-04,F,Manizales,social_media,0,24
CUST-02692,2024-03-26,M,Medellín,presencial,1,32
CUST-02693,2023-12-09,F,Bogotá,online,0,34
CUST-02694,2024-03-16,M,Cartagena,presencial,1,33
CUST-02695,2024-08-31,M,Barranquilla,online,1,38
CUST-02696,2023-05-20,M,Cúcuta,presencial,1,49
CUST-02697,2023-11-04,F,Pereira,online,0,45
CUST-02698,2023-11-25,M,Santa Marta,presencial,0,21
CUST-02699,2023-07-25,M,Bucaramanga,social_media,1,41
CUST-02700,2024-05-05,M,Bogotá,online,0,48
CUST-02701,2023-11-18,F,Manizales,online,0,38
CUST-02702,2023-07-01,F,Medellín,presencial,1,45
CUST-02703,2024-02-12,F,Barranquilla,presencial,0,55
CUST-02704,2023-11-23,F,Cali,presencial,0,45
CUST-02705,2023-10-26,F,Bucaramanga,online,0,37
CUST-02706,2024-05-17,F,Medellín,presencial,0,45
CUST-02707,2024-08-12,M,Cartagena,social_media,0,36
CUST-02708,2023-09-06,M,Santa Marta,presencial,0,35
CUST-02709,2023-11-30,M,Cali,presencial,1,31
CUST-02710,2024-01-21,M,Medellín,presencial,0,50
CUST-02711,2023-10-15,M,Medellín,social_media,0,26
CUST-02712,2024-02-07,F,Santa Marta,presencial,0,50
CUST-02713,2024-01-09,F,Bucaramanga,presencial,0,39
CUST-02714,2023-04-27,F,Medellín,online,0,21
CUST-02715,2024-07-31,M,Cali,online,1,38
CUST-02716,2023-07-24,F,Bogotá,presencial,1,18
CUST-02717,2024-08-29,M,Medellín,online,0,41
CUST-02718,2024-07-12,F,Medellín,presencial,1,43
CUST-02719,2023-07-04,M,Medellín,presencial,0,29
CUST-02720,2024-07-17,F,Pereira,social_media,1,36
CUST-02721,2023-01-28,M,Cali,presencial,0,54
CUST-02722,2024-04-17,F,Barranquilla,online,1,29
CUST-02723,2023-08-03,M,Medellín,online,1,24
CUST-02724,2024-03-24,F,Cartagena,online,1,49
CUST-02725,2023-10-26,M,Santa Marta,online,0,54
CUST-02726,2023-03-12,M,Santa Marta,presencial,0,35
CUST-02727,2024-02-23,M,Pereira,social_media,0,45
CUST-02728,2024-05-26,M,Manizales,social_media,0,48
CUST-02729,2023-05-23,F,Cartagena,presencial,0,27
CUST-02730,2023-11-07,F,Cartagena,online,0,30
CUST-02731,2023-09-05,F,Cali,social_media,0,47
CUST-02732,2023-09-16,M,Bucaramanga,social_media,0,51
CUST-02733,2023-06-07,F,Bogotá,presencial,0,40
CUST-02734,2024-03-09,M,Cali,online,0,26
CUST-02735,2024-01-22,F,Medellín,social_media,0,54
CUST-02736,2023-03-17,M,Pereira,presencial,0,29
CUST-02737,2024-04-04,F,Santa Marta,social_media,1,31
CUST-02738,2024-05-05,M,Barranquilla,social_media,0,38
CUST-02739,2024-08-19,M,Pereira,online,1,50
CUST-02740,2024-02-15,F,Manizales,online,0,43
CUST-02741,2024-07-01,F,Cúcuta,social_media,1,39
CUST-02742,2024-06-02,F,Medellín,online,1,39
CUST-02743,2024-03-04,M,Pereira,social_media,0,35
CUST-02744,2024-07-10,M,Cali,social_media,0,40
CUST-02745,2023-02-07,M,Manizales,social_media,0,18
CUST-02746,2024-01-04,F,Bucaramanga,presencial,0,32
CUST-02747,2024-07-03,M,Cali,online,0,37
CUST-02748,2024-08-31,F,Manizales,online,1,23
CUST-02749,2023-03-29,M,Cali,social_media,0,38
CUST-02750,2023-04-22,F,Santa Marta,online,1,32
CUST-02751,2023-09-12,M,Cali,social_media,0,52
CUST-02752,2023-12-30,M,Bogotá,online,0,50
CUST-02753,2023-06-20,F,Medellín,online,0,30
CUST-02754,2023-02-15,M,Barranquilla,social_media,0,33
CUST-02755,2024-07-30,M,Medellín,online,1,34
CUST-02756,2024-02-14,F,Barranquilla,social_media,0,30
CUST-02757,2023-12-06,M,Barranquilla,presencial,1,36
CUST-02758,2024-03-16,F,Barranquilla,social_media,1,27
CUST-02759,2023-04-19,F,Bogotá,online,0,23
CUST-02760,2023-01-11,M,Santa Marta,presencial,0,41
CUST-02761,2023-04-11,M,Cúcuta,presencial,1,41
CUST-02762,2023-09-22,M,Pereira,social_media,0,26
CUST-02763,2023-08-16,F,Medellín,presencial,0,43
CUST-02764,2024-06-06,M,Cali,social_media,0,28
CUST-02765,2024-06-15,F,Manizales,online,1,37
CUST-02766,2024-07-25,M,Pereira,social_media,0,43
CUST-02767,2024-08-17,M,Barranquilla,presencial,1,34
CUST-02768,2024-08-12,F,Barranquilla,social_media,1,39
CUST-02769,2023-08-15,M,Santa Marta,social_media,0,29
CUST-02770,2024-04-01,M,Cartagena,online,0,33
CUST-02771,2024-01-19,M,Cartagena,social_media,0,32
CUST-02772,2024-02-05,M,Pereira,online,0,27
CUST-02773,2024-04-19,M,Bogotá,presencial,0,33
CUST-02774,2024-08-25,F,Cali,presencial,0,19
CUST-02775,2024-05-27,M,Medellín,social_media,1,30
CUST-02776,2023-06-04,F,Cúcuta,social_media,0,32
CUST-02777,2023-12-20,M,Bucaramanga,presencial,1,32
CUST-02778,2023-01-26,M,Bucaramanga,presencial,0,32
CUST-02779,2024-05-09,F,Cúcuta,presencial,1,34
CUST-02780,2023-04-18,M,Bogotá,social_media,0,39
CUST-02781,2023-10-30,M,Bucaramanga,presencial,1,43
CUST-02782,2024-03-01,F,Cúcuta,social_media,0,28
CUST-02783,2023-03-29,F,Medellín,presencial,0,22
CUST-02784,2023-04-29,M,Barranquilla,presencial,0,24
CUST-02785,2023-05-26,F,Bucaramanga,social_media,0,30
CUST-02786,2023-12-23,F,Cali,online,0,31
CUST-02787,2023-11-16,F,Cali,social_media,1,27
CUST-02788,2023-12-18,F,Cali,online,0,22
CUST-02789,2024-04-11,M,Barranquilla,social_media,0,30
CUST-02790,2023-07-31,M,Santa Marta,online,0,36
CUST-02791,2024-06-17,F,Barranquilla,online,1,40
CUST-02792,2024-05-09,M,Barranquilla,online,0,29
CUST-02793,2023-12-23,F,Barranquilla,social_media,0,30
CUST-02794,2024-05-02,M,Pereira,social_media,0,25
CUST-02795,2023-04-10,M,Cartagena,social_media,1,34
CUST-02796,2024-03-24,F,Medellín,online,0,26
CUST-02797,2024-04-08,F,Pereira,online,0,40
CUST-02798,2023-11-23,M,Cali,social_media,0,18
CUST-02799,2023-03-10,M,Bogotá,social_media,0,31
CUST-02800,2023-11-04,M,Santa Marta,presencial,0,38
CUST-02801,2023-02-15,F,Cartagena,presencial,0,36
CUST-02802,2023-04-28,M,Cúcuta,presencial,1,61
CUST-02803,2023-01-24,F,Bogotá,presencial,0,38
CUST-02804,2023-12-18,F,Bogotá,presencial,0,24
CUST-02805,2023-04-22,F,Bogotá,social_media,0,34
CUST-02806,2023-06-18,M,Santa Marta,online,0,18
CUST-02807,2023-09-07,F,Manizales,online,0,34
CUST-02808,2024-06-12,M,Bucaramanga,social_media,0,26
CUST-02809,2023-06-28,F,Cúcuta,social_media,0,44
CUST-02810,2024-07-19,M,Bucaramanga,social_media,1,29
CUST-02811,2023-06-13,M,Bucaramanga,presencial,0,33
CUST-02812,2023-12-05,F,Barranquilla,presencial,0,28
CUST-02813,2024-07-27,F,Cartagena,presencial,0,52
CUST-02814,2024-03-12,M,Cúcuta,social_media,0,31
CUST-02815,2024-04-18,M,Cali,social_media,1,53
CUST-02816,2023-08-26,F,Cali,online,1,43
CUST-02817,2024-02-19,F,Cúcuta,social_media,0,39
CUST-02818,2023-07-08,M,Pereira,presencial,0,38
CUST-02819,2023-07-10,M,Cartagena,online,0,38
CUST-02820,2024-03-18,F,Manizales,social_media,0,18
CUST-02821,2024-02-10,M,Cartagena,online,1,32
CUST-02822,2023-01-30,F,Barranquilla,online,0,43
CUST-02823,2023-07-22,F,Cali,social_media,0,34
CUST-02824,2024-04-05,F,Medellín,presencial,0,20
CUST-02825,2024-08-29,F,Cali,presencial,1,34
CUST-02826,2024-03-15,M,Pereira,online,0,52
CUST-02827,2024-02-03,F,Manizales,social_media,0,47
CUST-02828,2023-01-05,F,Cartagena,social_media,0,34
CUST-02829,2023-08-08,M,Bogotá,presencial,0,44
CUST-02830,2023-07-30,M,Cali,social_media,0,31
CUST-02831,2023-10-13,F,Barranquilla,social_media,0,18
CUST-02832,2023-03-06,F,Cúcuta,online,0,25
CUST-02833,2024-08-14,F,Barranquilla,social_media,0,50
CUST-02834,2023-04-15,F,Bogotá,social_media,0,32
CUST-02835,2024-07-03,F,Cúcuta,social_media,0,32
CUST-02836,2023-07-11,F,Santa Marta,presencial,1,32
CUST-02837,2024-01-10,M,Cúcuta,presencial,0,54
CUST-02838,2023-11-30,M,Barranquilla,online,0,51
CUST-02839,2023-07-21,F,Medellín,presencial,0,57
CUST-02840,2024-04-13,M,Santa Marta,presencial,0,33
CUST-02841,2023-04-27,M,Barranquilla,presencial,0,37
CUST-02842,2023-09-26,F,Barranquilla,presencial,0,19
CUST-02843,2024-05-16,M,Bucaramanga,online,1,49
CUST-02844,2024-06-24,M,Manizales,social_media,1,23
CUST-02845,2023-11-17,F,Cartagena,social_media,0,37
CUST-02846,2024-02-02,F,Manizales,social_media,0,24
CUST-02847,2024-02-06,F,Bogotá,online,0,29
CUST-02848,2024-08-24,M,Barranquilla,presencial,0,26
CUST-02849,2023-04-27,F,Bogotá,online,0,28
CUST-02850,2023-12-23,M,Cali,online,0,29
CUST-02851,2023-12-27,F,Pereira,online,0,29
CUST-02852,2024-04-13,F,Bogotá,social_media,0,43
CUST-02853,2023-06-26,F,Cartagena,presencial,0,23
CUST-02854,2023-11-01,F,Bogotá,social_media,1,37
CUST-02855,2024-08-27,M,Bucaramanga,online,0,47
CUST-02856,2023-03-28,M,Santa Marta,online,1,29
CUST-02857,2023-05-18,F,Cali,social_media,0,27
CUST-02858,2023-11-17,M,Bucaramanga,social_media,0,32
CUST-02859,2023-05-01,F,Barranquilla,social_media,0,46
CUST-02860,2023-09-02,F,Bucaramanga,presencial,1,36
CUST-02861,2023-11-09,M,Medellín,social_media,0,29
CUST-02862,2023-04-30,M,Barranquilla,presencial,0,39
CUST-02863,2023-07-07,F,Pereira,presencial,1,23
CUST-02864,2024-01-18,F,Bucaramanga,social_media,0,41
CUST-02865,2023-05-25,F,Santa Marta,online,1,39
CUST-02866,2024-06-07,M,Pereira,online,1,31
CUST-02867,2024-02-02,F,Bogotá,presencial,0,26
CUST-02868,2024-03-04,F,Bucaramanga,presencial,1,26
CUST-02869,2023-05-22,F,Cali,presencial,0,40
CUST-02870,2024-08-11,F,Manizales,online,1,47
CUST-02871,2024-01-28,F,Bogotá,presencial,0,28
CUST-02872,2024-03-09,F,Cúcuta,presencial,0,39
CUST-02873,2023-07-10,M,Medellín,online,1,18
CUST-02874,2024-05-13,F,Cali,social_media,0,29
CUST-02875,2024-07-04,F,Cali,online,1,34
CUST-02876,2023-06-27,M,Pereira,social_media,0,25
CUST-02877,2024-07-22,M,Manizales,social_media,0,25
CUST-02878,2023-06-20,F,Santa Marta,presencial,1,28
CUST-02879,2024-05-16,M,Pereira,presencial,0,37
CUST-02880,2023-10-23,F,Manizales,social_media,1,33
CUST-02881,2023-05-24,M,Bucaramanga,presencial,0,18
CUST-02882,2023-07-11,M,Medellín,social_media,1,18
CUST-02883,2023-11-19,F,Bogotá,presencial,1,28
CUST-02884,2024-04-06,M,Cali,online,0,39
CUST-02885,2023-02-24,F,Santa Marta,social_media,1,18
CUST-02886,2024-01-03,M,Pereira,social_media,0,30
CUST-02887,2023-01-10,F,Medellín,presencial,1,29
CUST-02888,2024-05-11,M,Bogotá,online,0,48
CUST-02889,2023-05-20,F,Medellín,presencial,0,31
CUST-02890,2023-07-19,F,Cali,online,0,38
CUST-02891,2024-01-29,F,Bucaramanga,presencial,0,36
CUST-02892,2024-07-29,F,Santa Marta,social_media,1,18
CUST-02893,2024-06-01,M,Manizales,online,0,42
CUST-02894,2024-05-21,F,Cúcuta,online,0,37
CUST-02895,2024-02-23,M,Santa Marta,presencial,0,40
CUST-02896,2024-05-18,M,Manizales,online,0,72
CUST-02897,2024-03-01,F,Pereira,presencial,0,18
CUST-02898,2024-03-30,F,Bucaramanga,online,0,52
CUST-02899,2024-05-15,M,Manizales,presencial,0,32
CUST-02900,2023-06-21,M,Bucaramanga,presencial,1,37
CUST-02901,2023-03-26,M,Medellín,presencial,1,34
CUST-02902,2024-08-01,F,Santa Marta,social_media,0,30
CUST-02903,2023-02-01,F,Santa Marta,online,0,29
CUST-02904,2023-08-14,M,Cali,social_media,1,38
CUST-02905,2023-10-27,M,Santa Marta,social_media,1,19
CUST-02906,2023-02-03,M,Medellín,social_media,1,42
CUST-02907,2023-10-09,F,Cali,social_media,0,30
CUST-02908,2023-08-19,M,Bucaramanga,online,0,23
CUST-02909,2024-07-04,M,Barranquilla,online,0,30
CUST-02910,2023-10-23,M,Manizales,social_media,1,47
CUST-02911,2023-06-22,M,Bogotá,online,0,29
CUST-02912,2024-04-13,F,Bucaramanga,online,0,38
CUST-02913,2024-08-02,M,Medellín,presencial,0,27
CUST-02914,2024-05-22,F,Bucaramanga,online,0,42
CUST-02915,2024-07-16,F,Bogotá,social_media,0,41
CUST-02916,2024-06-07,M,Medellín,online,0,53
CUST-02917,2023-04-26,F,Santa Marta,social_media,0,33
CUST-02918,2024-08-09,M,Bucaramanga,online,0,41
CUST-02919,2023-04-27,M,Manizales,social_media,1,35
CUST-02920,2023-10-02,M,Pereira,online,0,47
CUST-02921,2024-07-10,M,Santa Marta,online,1,27
CUST-02922,2024-01-11,M,Santa Marta,online,0,42
CUST-02923,2024-07-09,F,Barranquilla,social_media,0,33
CUST-02924,2023-02-12,F,Pereira,presencial,0,34
CUST-02925,2024-03-27,M,Cartagena,social_media,0,35
CUST-02926,2024-07-13,F,Pereira,online,0,37
CUST-02927,2023-08-12,M,Barranquilla,social_media,0,33
CUST-02928,2024-03-11,F,Cúcuta,online,0,37
CUST-02929,2023-04-15,F,Bogotá,online,1,50
CUST-02930,2023-09-11,M,Barranquilla,presencial,1,44
CUST-02931,2023-11-01,F,Cúcuta,online,0,43
CUST-02932,2023-02-03,F,Cali,online,1,30
CUST-02933,2024-04-05,F,Santa Marta,online,0,26
CUST-02934,2023-09-27,M,Cartagena,presencial,1,44
CUST-02935,2023-12-23,F,Barranquilla,social_media,0,43
CUST-02936,2023-03-31,F,Manizales,presencial,0,49
CUST-02937,2024-03-25,F,Cartagena,social_media,0,28
CUST-02938,2023-05-01,F,Cali,online,0,32
CUST-02939,2023-08-31,F,Medellín,social_media,1,18
CUST-02940,2023-08-03,F,Manizales,social_media,0,31
CUST-02941,2024-08-25,F,Medellín,social_media,0,44
CUST-02942,2023-12-26,F,Manizales,social_media,0,30
CUST-02943,2024-03-14,F,Cartagena,online,0,41
CUST-02944,2023-06-19,M,Manizales,presencial,1,33
CUST-02945,2023-05-23,F,Cartagena,social_media,1,38
CUST-02946,2023-07-31,F,Bogotá,online,1,23
CUST-02947,2023-07-31,F,Medellín,online,0,35
CUST-02948,2023-03-02,F,Bucaramanga,online,0,18
CUST-02949,2024-08-06,F,Cali,online,0,33
CUST-02950,2023-12-26,M,Manizales,social_media,0,18
CUST-02951,2024-06-29,M,Cartagena,presencial,0,47
CUST-02952,2023-10-15,M,Cali,online,0,42
CUST-02953,2024-07-05,M,Cúcuta,presencial,1,39
CUST-02954,2023-06-22,F,Pereira,presencial,0,50
CUST-02955,2023-11-28,F,Manizales,presencial,0,25
CUST-02956,2023-10-27,F,Barranquilla,online,0,52
CUST-02957,2023-10-24,M,Santa Marta,online,0,44
CUST-02958,2024-08-09,M,Bucaramanga,online,0,32
CUST-02959,2023-10-01,M,Bogotá,presencial,0,46
CUST-02960,2024-06-10,M,Cartagena,online,1,23
CUST-02961,2023-04-08,F,Cartagena,online,1,26
CUST-02962,2023-05-19,F,Pereira,presencial,1,28
CUST-02963,2024-02-26,M,Pereira,online,0,29
CUST-02964,2023-03-02,F,Bucaramanga,social_media,0,24
CUST-02965,2023-10-11,M,Manizales,social_media,0,47
CUST-02966,2023-05-10,M,Medellín,social_media,0,32
CUST-02967,2023-05-16,M,Pereira,social_media,0,38
CUST-02968,2023-09-13,M,Cúcuta,presencial,1,29
CUST-02969,2023-05-30,F,Pereira,online,0,18
CUST-02970,2023-11-26,F,Barranquilla,social_media,0,37
CUST-02971,2023-09-11,M,Cúcuta,social_media,1,18
CUST-02972,2024-02-07,M,Medellín,online,0,34
CUST-02973,2024-05-16,F,Barranquilla,presencial,0,21
CUST-02974,2023-05-26,F,Barranquilla,social_media,1,54
CUST-02975,2024-08-14,M,Bucaramanga,online,0,44
CUST-02976,2023-10-03,M,Pereira,online,1,36
CUST-02977,2024-02-29,M,Cali,social_media,0,47
CUST-02978,2024-01-20,M,Cúcuta,social_media,1,26
CUST-02979,2024-04-07,M,Bogotá,online,0,40
CUST-02980,2023-03-19,F,Cali,online,0,36
CUST-02981,2023-04-06,F,Santa Marta,social_media,0,37
CUST-02982,2024-02-17,M,Bogotá,social_media,0,47
CUST-02983,2024-06-11,M,Manizales,social_media,1,42
CUST-02984,2023-10-12,M,Medellín,social_media,0,37
CUST-02985,2024-01-13,M,Bucaramanga,presencial,1,18
CUST-02986,2024-04-10,F,Cali,online,0,25
CUST-02987,2024-05-14,F,Pereira,social_media,1,33
CUST-02988,2023-12-02,M,Medellín,online,0,35
CUST-02989,2024-08-18,F,Barranquilla,social_media,0,23
CUST-02990,2023-01-03,M,Cúcuta,presencial,1,59
CUST-02991,2023-04-06,M,Santa Marta,online,1,50
CUST-02992,2024-04-14,F,Bucaramanga,presencial,1,41
CUST-02993,2024-01-02,M,Barranquilla,online,0,35
CUST-02994,2023-03-06,F,Medellín,presencial,0,32
CUST-02995,2024-07-01,M,Cúcuta,social_media,0,25
CUST-02996,2024-02-12,M,Santa Marta,social_media,1,35
CUST-02997,2023-08-12,M,Barranquilla,presencial,0,37
CUST-02998,2024-03-15,M,Santa Marta,social_media,0,22
CUST-02999,2023-08-05,F,Medellín,presencial,1,38
CUST-03000,2024-05-21,M,Pereira,presencial,1,33
CUST-03001,2023-10-02,F,Cartagena,online,1,18
CUST-03002,2023-11-27,F,Manizales,presencial,1,26
CUST-03003,2023-10-18,M,Manizales,online,0,30
CUST-03004,2023-12-12,F,Barranquilla,presencial,0,53
CUST-03005,2024-07-14,M,Barranquilla,online,1,40
CUST-03006,2024-08-14,F,Manizales,online,0,21
CUST-03007,2023-05-14,F,Cali,social_media,0,39
CUST-03008,2024-08-02,M,Pereira,online,1,19
CUST-03009,2024-05-11,M,Manizales,online,1,45
CUST-03010,2023-12-18,F,Manizales,presencial,1,30
CUST-03011,2023-02-19,M,Cúcuta,online,0,34
CUST-03012,2023-02-17,M,Barranquilla,social_media,0,48
CUST-03013,2023-04-12,F,Santa Marta,presencial,1,22
CUST-03014,2024-04-15,F,Cúcuta,online,0,21
CUST-03015,2023-01-17,M,Barranquilla,presencial,1,29
CUST-03016,2023-05-08,F,Manizales,presencial,1,45
CUST-03017,2023-06-11,M,Bucaramanga,presencial,0,19
CUST-03018,2024-03-27,M,Cartagena,presencial,1,18
CUST-03019,2024-04-12,F,Barranquilla,presencial,0,30
CUST-03020,2023-01-01,M,Cartagena,online,0,40
CUST-03021,2024-03-14,F,Bogotá,presencial,0,47
CUST-03022,2023-07-27,M,Pereira,presencial,1,30
CUST-03023,2023-05-16,M,Manizales,social_media,0,30
CUST-03024,2023-11-06,M,Santa Marta,social_media,0,46
CUST-03025,2023-06-12,F,Cali,presencial,0,18
CUST-03026,2023-10-08,F,Santa Marta,online,1,31
CUST-03027,2023-04-06,M,Cúcuta,social_media,0,36
CUST-03028,2024-01-05,F,Cartagena,social_media,0,39
CUST-03029,2023-09-14,F,Cúcuta,presencial,0,29
CUST-03030,2023-03-26,M,Bucaramanga,online,1,35
CUST-03031,2024-01-16,F,Bogotá,online,0,18
CUST-03032,2023-06-19,F,Santa Marta,social_media,1,28
CUST-03033,2023-02-23,F,Santa Marta,social_media,0,39
CUST-03034,2024-02-10,M,Bucaramanga,social_media,0,25
CUST-03035,2023-11-09,M,Manizales,social_media,0,35
CUST-03036,2023-08-28,F,Barranquilla,social_media,0,39
CUST-03037,2024-03-15,M,Cartagena,presencial,0,31
CUST-03038,2023-04-04,F,Cartagena,presencial,1,36
CUST-03039,2023-04-08,M,Pereira,presencial,0,25
CUST-03040,2023-01-02,F,Pereira,social_media,0,32
CUST-03041,2023-08-07,M,Pereira,presencial,0,41
CUST-03042,2024-05-03,F,Cartagena,social_media,1,36
CUST-03043,2023-03-21,M,Barranquilla,online,1,29
CUST-03044,2023-05-16,F,Manizales,online,0,37
CUST-03045,2024-08-30,M,Bogotá,presencial,0,42
CUST-03046,2023-08-20,M,Bogotá,online,0,18
CUST-03047,2024-06-15,M,Bucaramanga,online,1,46
CUST-03048,2024-03-31,F,Medellín,online,0,31
CUST-03049,2023-01-10,F,Cali,presencial,0,39
CUST-03050,2023-01-09,F,Barranquilla,online,0,46
CUST-03051,2023-12-18,M,Medellín,presencial,1,21
CUST-03052,2023-05-04,F,Cúcuta,social_media,0,27
CUST-03053,2024-03-08,M,Pereira,social_media,0,32
CUST-03054,2023-05-16,M,Cúcuta,presencial,0,27
CUST-03055,2024-05-04,M,Bogotá,presencial,0,52
CUST-03056,2023-03-14,F,Cali,online,1,26
CUST-03057,2023-08-23,M,Medellín,social_media,0,29
CUST-03058,2024-01-28,F,Santa Marta,online,0,37
CUST-03059,2023-04-02,F,Manizales,social_media,0,22
CUST-03060,2023-04-15,M,Cali,online,0,31
CUST-03061,2023-04-16,F,Cartagena,online,0,38
CUST-03062,2023-11-17,M,Cali,social_media,0,31
CUST-03063,2024-01-12,M,Bucaramanga,online,0,34
CUST-03064,2023-11-03,F,Cartagena,social_media,0,29
CUST-03065,2023-05-21,M,Medellín,presencial,0,19
CUST-03066,2024-01-27,M,Cúcuta,online,0,38
CUST-03067,2023-05-17,M,Manizales,social_media,0,52
CUST-03068,2023-05-27,F,Bucaramanga,social_media,0,35
CUST-03069,2023-03-12,F,Cali,online,0,37
CUST-03070,2024-06-27,F,Bogotá,social_media,0,41
CUST-03071,2024-07-30,M,Cartagena,online,0,22
CUST-03072,2023-01-09,M,Medellín,online,0,52
CUST-03073,2023-06-18,F,Medellín,presencial,0,37
CUST-03074,2024-03-26,F,Santa Marta,presencial,1,51
CUST-03075,2023-12-26,F,Cúcuta,presencial,0,27
CUST-03076,2023-08-07,F,Pereira,online,0,53
CUST-03077,2023-06-05,F,Bucaramanga,online,1,42
CUST-03078,2024-02-26,M,Bogotá,social_media,1,40
CUST-03079,2024-03-29,F,Cúcuta,presencial,0,37
CUST-03080,2023-08-11,M,Medellín,presencial,0,32
CUST-03081,2023-03-30,M,Pereira,social_media,1,47
CUST-03082,2023-04-13,M,Cali,presencial,1,36
CUST-03083,2023-05-24,M,Medellín,presencial,1,18
CUST-03084,2023-05-07,F,Bucaramanga,presencial,0,23
CUST-03085,2024-08-26,M,Manizales,social_media,0,33
CUST-03086,2024-01-29,F,Manizales,presencial,0,38
CUST-03087,2023-12-26,M,Medellín,online,0,34
CUST-03088,2024-03-15,F,Bucaramanga,presencial,0,47
CUST-03089,2023-11-19,F,Cartagena,online,1,18
CUST-03090,2023-05-24,M,Pereira,presencial,1,36
CUST-03091,2023-09-11,F,Barranquilla,online,0,18
CUST-03092,2023-10-11,M,Medellín,presencial,0,42
CUST-03093,2023-03-28,F,Cúcuta,online,0,34
CUST-03094,2023-09-12,M,Cali,online,0,39
CUST-03095,2024-07-20,M,Santa Marta,presencial,1,26
CUST-03096,2023-10-19,F,Cúcuta,social_media,0,47
CUST-03097,2023-01-28,F,Manizales,presencial,0,45
CUST-03098,2023-11-05,M,Santa Marta,social_media,0,40
CUST-03099,2023-07-30,M,Cartagena,social_media,1,33
CUST-03100,2024-06-14,F,Cartagena,social_media,0,40
CUST-03101,2024-06-05,M,Pereira,social_media,0,27
CUST-03102,2023-07-13,M,Pereira,social_media,0,43
CUST-03103,2024-02-06,M,Bogotá,social_media,1,51
CUST-03104,2023-10-30,F,Cartagena,presencial,0,45
CUST-03105,2023-02-25,M,Manizales,online,1,27
CUST-03106,2023-09-03,M,Pereira,online,0,38
CUST-03107,2024-05-21,F,Medellín,presencial,0,22
CUST-03108,2024-01-31,M,Manizales,presencial,0,40
CUST-03109,2023-04-26,M,Medellín,presencial,0,39
CUST-03110,2023-09-04,M,Cúcuta,social_media,1,18
CUST-03111,2024-05-26,M,Bogotá,social_media,1,23
CUST-03112,2024-08-31,F,Cali,online,0,32
CUST-03113,2023-03-14,M,Cali,presencial,0,31
CUST-03114,2024-06-24,M,Bucaramanga,online,1,22
CUST-03115,2023-01-13,M,Cali,online,0,38
CUST-03116,2024-01-05,M,Pereira,social_media,0,37
CUST-03117,2023-11-21,M,Manizales,social_media,0,33
CUST-03118,2023-05-16,F,Cali,online,1,27
CUST-03119,2024-02-01,F,Santa Marta,social_media,0,45
CUST-03120,2024-08-05,M,Bogotá,social_media,0,51
CUST-03121,2024-03-06,M,Cali,social_media,0,30
CUST-03122,2024-01-10,F,Cali,online,0,28
CUST-03123,2024-07-13,F,Pereira,online,0,39
CUST-03124,2023-06-26,F,Cartagena,online,1,31
CUST-03125,2024-04-27,M,Barranquilla,presencial,1,33
CUST-03126,2023-03-16,M,Medellín,online,0,42
CUST-03127,2023-01-18,M,Pereira,social_media,0,18
CUST-03128,2024-08-24,M,Cali,online,0,48
CUST-03129,2023-03-11,M,Pereira,presencial,0,35
CUST-03130,2023-01-15,M,Cúcuta,social_media,0,30
CUST-03131,2023-09-26,F,Pereira,online,1,34
CUST-03132,2023-08-09,F,Medellín,online,0,34
CUST-03133,2023-02-10,M,Pereira,social_media,0,18
CUST-03134,2023-03-03,M,Bucaramanga,online,0,49
CUST-03135,2024-02-12,M,Cúcuta,presencial,0,35
CUST-03136,2024-06-02,F,Barranquilla,social_media,0,39
CUST-03137,2023-10-21,F,Cartagena,online,0,44
CUST-03138,2024-05-28,F,Manizales,social_media,0,24
CUST-03139,2024-03-01,F,Cartagena,online,0,39
CUST-03140,2024-03-09,M,Cali,online,1,32
CUST-03141,2024-02-16,F,Medellín,social_media,0,43
CUST-03142,2023-03-26,F,Bucaramanga,online,0,18
CUST-03143,2024-07-03,M,Bucaramanga,online,1,34
CUST-03144,2024-07-04,M,Pereira,social_media,0,28
CUST-03145,2023-06-06,M,Manizales,online,0,39
CUST-03146,2023-10-12,F,Barranquilla,online,0,39
CUST-03147,2023-03-27,M,Manizales,social_media,0,27
CUST-03148,2023-11-14,F,Bogotá,presencial,0,27
CUST-03149,2023-03-22,F,Bucaramanga,presencial,1,33
CUST-03150,2024-06-07,F,Bucaramanga,presencial,0,26
CUST-03151,2023-07-28,F,Cali,presencial,0,43
CUST-03152,2023-06-09,M,Santa Marta,presencial,0,31
CUST-03153,2024-07-03,M,Cartagena,presencial,0,18
CUST-03154,2023-12-01,F,Bogotá,social_media,0,31
CUST-03155,2024-02-05,M,Pereira,social_media,0,24
CUST-03156,2024-08-23,F,Cúcuta,social_media,0,18
CUST-03157,2023-03-09,F,Cali,online,0,22
CUST-03158,2023-11-14,M,Cúcuta,presencial,0,36
CUST-03159,2024-03-23,M,Cúcuta,presencial,0,48
CUST-03160,2023-09-02,F,Barranquilla,social_media,0,38
CUST-03161,2023-03-01,M,Bucaramanga,online,0,28
CUST-03162,2023-09-08,F,Manizales,online,0,39
CUST-03163,2023-03-30,M,Barranquilla,social_media,0,30
CUST-03164,2024-03-20,F,Santa Marta,presencial,1,28
CUST-03165,2023-04-29,F,Manizales,online,0,23
CUST-03166,2024-04-09,M,Cúcuta,presencial,1,18
CUST-03167,2023-02-26,M,Cúcuta,online,1,31
CUST-03168,2023-11-13,F,Bucaramanga,presencial,0,36
CUST-03169,2023-06-29,M,Pereira,online,0,34
CUST-03170,2023-05-03,M,Manizales,presencial,1,30
CUST-03171,2023-01-13,F,Medellín,presencial,0,25
CUST-03172,2023-05-21,F,Cartagena,presencial,0,41
CUST-03173,2023-01-12,M,Pereira,social_media,1,21
CUST-03174,2023-06-17,M,Manizales,presencial,0,42
CUST-03175,2024-05-23,F,Cartagena,presencial,0,24
CUST-03176,2023-12-22,F,Cali,online,1,27
CUST-03177,2024-06-19,F,Bucaramanga,online,0,20
CUST-03178,2024-06-13,F,Cartagena,social_media,1,29
CUST-03179,2023-09-23,F,Manizales,online,0,44
CUST-03180,2023-06-20,F,Santa Marta,presencial,0,40
CUST-03181,2024-01-16,F,Santa Marta,social_media,1,44
CUST-03182,2023-05-10,F,Bucaramanga,social_media,0,40
CUST-03183,2023-10-03,M,Barranquilla,social_media,0,23
CUST-03184,2023-05-01,M,Barranquilla,presencial,0,31
CUST-03185,2023-01-31,M,Santa Marta,presencial,0,27
CUST-03186,2023-12-10,F,Barranquilla,online,1,48
CUST-03187,2024-03-15,M,Manizales,online,0,23
CUST-03188,2023-10-06,F,Santa Marta,online,0,43
CUST-03189,2024-06-20,M,Cartagena,social_media,0,43
CUST-03190,2023-03-07,F,Bucaramanga,presencial,0,53
CUST-03191,2023-09-27,F,Cali,online,0,30
CUST-03192,2024-08-13,M,Cartagena,presencial,0,42
CUST-03193,2023-03-20,F,Cartagena,social_media,0,57
CUST-03194,2024-05-23,M,Medellín,presencial,0,28
CUST-03195,2024-04-11,M,Cúcuta,presencial,0,19
CUST-03196,2024-06-07,M,Bucaramanga,social_media,1,18
CUST-03197,2024-01-04,M,Santa Marta,online,0,42
CUST-03198,2023-02-26,M,Pereira,presencial,1,18
CUST-03199,2024-05-26,M,Manizales,presencial,1,31
CUST-03200,2024-08-03,M,Medellín,social_media,0,39
CUST-03201,2023-06-20,M,Santa Marta,presencial,1,36
CUST-03202,2024-01-12,M,Cali,presencial,0,39
CUST-03203,2023-06-11,F,Cúcuta,presencial,1,37
CUST-03204,2023-09-19,F,Cartagena,social_media,0,47
CUST-03205,2023-04-16,M,Pereira,presencial,0,25
CUST-03206,2024-08-10,F,Barranquilla,social_media,1,28
CUST-03207,2023-04-29,F,Pereira,online,1,27
CUST-03208,2023-08-22,M,Manizales,presencial,0,43
CUST-03209,2024-06-05,M,Cúcuta,social_media,0,44
CUST-03210,2023-01-03,F,Cúcuta,social_media,1,39
CUST-03211,2023-02-15,M,Barranquilla,presencial,0,46
CUST-03212,2023-01-13,M,Cartagena,social_media,0,23
CUST-03213,2023-09-08,M,Cali,online,0,51
CUST-03214,2023-02-17,F,Cartagena,online,1,50
CUST-03215,2024-04-28,M,Manizales,online,1,42
CUST-03216,2024-01-08,F,Cali,online,1,52
CUST-03217,2024-01-28,M,Cartagena,social_media,0,18
CUST-03218,2023-06-03,M,Cúcuta,social_media,0,29
CUST-03219,2023-07-03,F,Bogotá,online,0,27
CUST-03220,2023-02-06,M,Medellín,online,1,42
CUST-03221,2024-07-20,F,Cali,online,0,24
CUST-03222,2024-03-05,F,Bogotá,online,0,42
CUST-03223,2023-08-18,M,Santa Marta,online,0,48
CUST-03224,2023-11-26,M,Santa Marta,social_media,0,41
CUST-03225,2023-09-12,F,Cartagena,online,0,37
CUST-03226,2024-03-02,F,Barranquilla,online,0,25
CUST-03227,2023-11-24,M,Cartagena,presencial,1,26
CUST-03228,2023-10-05,M,Barranquilla,social_media,0,47
CUST-03229,2023-03-21,M,Cartagena,online,0,42
CUST-03230,2024-08-08,M,Pereira,social_media,0,34
CUST-03231,2024-01-17,M,Manizales,presencial,0,30
CUST-03232,2023-05-03,F,Medellín,presencial,0,18
CUST-03233,2024-05-29,F,Barranquilla,online,1,24
CUST-03234,2023-02-23,F,Manizales,online,1,54
CUST-03235,2023-07-03,F,Pereira,online,0,22
CUST-03236,2023-08-17,M,Santa Marta,online,1,36
CUST-03237,2024-06-12,F,Cartagena,presencial,0,45
CUST-03238,2023-02-17,M,Bucaramanga,social_media,0,22
CUST-03239,2024-02-15,M,Manizales,online,0,36
CUST-03240,2023-03-12,M,Cartagena,social_media,0,44
CUST-03241,2024-04-21,M,Santa Marta,online,1,35
CUST-03242,2023-10-17,M,Barranquilla,online,1,63
CUST-03243,2023-11-15,F,Manizales,presencial,1,18
CUST-03244,2023-12-02,M,Cali,online,1,45
CUST-03245,2023-03-30,M,Cartagena,online,0,33
CUST-03246,2024-07-20,M,Manizales,online,0,42
CUST-03247,2024-04-12,F,Cúcuta,presencial,0,39
CUST-03248,2023-01-09,M,Pereira,social_media,0,27
CUST-03249,2024-01-13,M,Bogotá,presencial,0,37
CUST-03250,2023-07-25,M,Barranquilla,online,1,18
CUST-03251,2023-10-26,F,Medellín,online,1,41
CUST-03252,2024-07-31,M,Medellín,online,0,37
CUST-03253,2023-11-08,F,Pereira,social_media,0,41
CUST-03254,2023-09-06,F,Cali,social_media,0,45
CUST-03255,2024-04-20,M,Cali,online,0,38
CUST-03256,2024-01-13,F,Bucaramanga,online,1,36
CUST-03257,2024-08-28,F,Bucaramanga,social_media,0,26
CUST-03258,2024-05-20,M,Bogotá,presencial,0,27
CUST-03259,2023-07-20,M,Bogotá,presencial,1,46
CUST-03260,2024-07-13,M,Bucaramanga,social_media,0,49
CUST-03261,2023-09-09,M,Pereira,social_media,0,32
CUST-03262,2023-06-04,F,Santa Marta,online,0,35
CUST-03263,2023-01-07,F,Barranquilla,social_media,0,25
CUST-03264,2024-02-24,M,Cúcuta,social_media,1,46
CUST-03265,2023-01-25,M,Bucaramanga,online,0,41
CUST-03266,2023-08-27,M,Cali,social_media,0,54
CUST-03267,2024-07-08,F,Barranquilla,online,0,26
CUST-03268,2023-12-21,M,Santa Marta,presencial,0,31
CUST-03269,2023-01-10,F,Bogotá,presencial,0,37
CUST-03270,2023-12-10,F,Cartagena,presencial,1,41
CUST-03271,2023-01-02,F,Pereira,online,0,32
CUST-03272,2024-01-21,F,Cali,presencial,1,26
CUST-03273,2023-11-11,M,Medellín,presencial,0,43
CUST-03274,2023-04-17,M,Medellín,online,0,42
CUST-03275,2023-07-30,M,Bogotá,online,1,25
CUST-03276,2024-06-26,F,Cartagena,presencial,0,48
CUST-03277,2023-09-01,F,Cali,presencial,0,46
CUST-03278,2024-03-05,M,Pereira,presencial,0,36
CUST-03279,2024-05-18,F,Bogotá,social_media,0,35
CUST-03280,2023-03-03,F,Santa Marta,online,0,40
CUST-03281,2023-05-26,F,Medellín,online,0,26
CUST-03282,2023-10-14,M,Manizales,online,0,35
CUST-03283,2023-04-06,M,Cúcuta,online,0,18
CUST-03284,2023-02-14,M,Barranquilla,presencial,0,43
CUST-03285,2023-08-26,F,Bucaramanga,online,1,19
CUST-03286,2024-06-16,M,Santa Marta,social_media,1,50
CUST-03287,2024-02-27,M,Pereira,social_media,0,31
CUST-03288,2024-01-17,M,Manizales,presencial,0,32
CUST-03289,2024-04-14,F,Pereira,presencial,0,28
CUST-03290,2023-03-28,F,Medellín,online,0,32
CUST-03291,2024-08-17,F,Santa Marta,presencial,1,49
CUST-03292,2023-04-08,F,Bogotá,presencial,0,18
CUST-03293,2024-06-01,F,Medellín,presencial,0,47
CUST-03294,2023-05-17,M,Cali,social_media,0,38
CUST-03295,2024-02-08,M,Cali,online,0,22
CUST-03296,2023-03-18,F,Cúcuta,presencial,0,24
CUST-03297,2024-08-29,F,Barranquilla,online,0,51
CUST-03298,2024-08-04,M,Cartagena,online,0,25
CUST-03299,2023-03-05,F,Bucaramanga,online,0,23
CUST-03300,2024-03-21,F,Bogotá,social_media,0,46
CUST-03301,2023-05-14,F,Manizales,online,1,38
CUST-03302,2023-08-31,F,Bucaramanga,online,0,25
CUST-03303,2023-10-26,F,Cúcuta,presencial,0,37
CUST-03304,2023-09-25,M,Santa Marta,presencial,0,24
CUST-03305,2023-11-19,M,Cartagena,social_media,0,46
CUST-03306,2024-02-07,F,Pereira,online,0,45
CUST-03307,2023-12-01,F,Barranquilla,social_media,0,40
CUST-03308,2023-11-22,M,Bucaramanga,online,0,38
CUST-03309,2024-04-08,F,Bucaramanga,social_media,0,52
CUST-03310,2023-10-06,M,Barranquilla,online,0,34
CUST-03311,2023-08-28,F,Bucaramanga,presencial,1,23
CUST-03312,2023-03-18,M,Manizales,social_media,0,39
CUST-03313,2023-07-27,M,Cartagena,presencial,0,55
CUST-03314,2023-05-20,F,Medellín,online,0,24
CUST-03315,2024-08-21,F,Santa Marta,social_media,0,31
CUST-03316,2023-04-22,M,Barranquilla,presencial,1,39
CUST-03317,2023-06-09,F,Barranquilla,presencial,1,34
CUST-03318,2023-04-19,M,Pereira,presencial,0,25
CUST-03319,2023-06-18,F,Cúcuta,online,1,46
CUST-03320,2024-04-05,F,Cúcuta,social_media,0,58
CUST-03321,2024-04-22,F,Bucaramanga,presencial,0,36
CUST-03322,2023-11-18,M,Barranquilla,online,0,25
CUST-03323,2024-02-21,M,Bucaramanga,online,0,19
CUST-03324,2023-05-04,F,Cali,online,0,37
CUST-03325,2024-07-02,M,Pereira,social_media,0,46
CUST-03326,2024-01-02,F,Bucaramanga,online,0,39
CUST-03327,2023-08-01,M,Cali,online,1,34
CUST-03328,2024-04-07,F,Bogotá,social_media,0,29
CUST-03329,2023-11-12,M,Cúcuta,social_media,0,24
CUST-03330,2024-04-19,M,Cartagena,online,1,43
CUST-03331,2023-09-29,M,Cúcuta,online,0,44
CUST-03332,2023-05-03,M,Medellín,presencial,0,19
CUST-03333,2023-04-03,M,Pereira,social_media,1,50
CUST-03334,2023-06-11,M,Pereira,social_media,0,40
CUST-03335,2023-11-08,F,Barranquilla,presencial,0,48
CUST-03336,2023-02-11,F,Bucaramanga,online,1,21
CUST-03337,2023-08-09,M,Bogotá,online,0,21
CUST-03338,2023-12-02,F,Medellín,online,1,33
CUST-03339,2023-06-01,M,Bucaramanga,online,0,40
CUST-03340,2023-04-04,F,Medellín,presencial,0,52
CUST-03341,2023-09-12,F,Barranquilla,social_media,0,42
CUST-03342,2023-12-31,F,Barranquilla,social_media,1,32
CUST-03343,2024-02-10,F,Cúcuta,online,0,24
CUST-03344,2024-06-09,M,Santa Marta,presencial,1,47
CUST-03345,2023-02-20,F,Cúcuta,online,0,25
CUST-03346,2023-11-03,F,Pereira,online,0,51
CUST-03347,2023-09-24,F,Pereira,presencial,0,32
CUST-03348,2023-06-28,M,Bogotá,presencial,0,50
CUST-03349,2023-02-01,F,Cartagena,social_media,1,41
CUST-03350,2024-02-19,M,Cali,social_media,0,33
CUST-03351,2024-04-08,M,Cali,online,0,29
CUST-03352,2024-07-23,F,Bucaramanga,online,1,31
CUST-03353,2024-07-17,M,Barranquilla,social_media,1,39
CUST-03354,2023-09-13,F,Manizales,presencial,0,35
CUST-03355,2023-04-07,F,Barranquilla,online,0,29
CUST-03356,2024-04-18,F,Manizales,online,0,33
CUST-03357,2023-04-15,F,Barranquilla,presencial,1,35
CUST-03358,2023-05-24,F,Cali,online,1,18
CUST-03359,2023-05-05,F,Cartagena,presencial,0,39
CUST-03360,2023-01-13,F,Cartagena,social_media,0,25
CUST-03361,2023-03-05,M,Cúcuta,social_media,0,23
CUST-03362,2023-08-16,M,Cúcuta,social_media,0,18
CUST-03363,2023-05-14,F,Bogotá,social_media,1,18
CUST-03364,2023-07-22,F,Manizales,social_media,1,21
CUST-03365,2024-02-15,M,Manizales,online,0,27
CUST-03366,2024-01-17,F,Manizales,social_media,1,54
CUST-03367,2023-03-28,M,Cúcuta,online,0,29
CUST-03368,2024-08-19,M,Barranquilla,online,0,36
CUST-03369,2024-08-23,F,Santa Marta,presencial,0,39
CUST-03370,2023-09-23,F,Cúcuta,online,0,36
CUST-03371,2023-03-18,M,Cali,online,0,34
CUST-03372,2023-01-23,M,Pereira,social_media,0,23
CUST-03373,2023-03-08,F,Bucaramanga,social_media,0,49
CUST-03374,2023-07-22,F,Santa Marta,presencial,0,53
CUST-03375,2024-03-30,M,Barranquilla,presencial,1,18
CUST-03376,2023-05-12,M,Barranquilla,online,1,24
CUST-03377,2023-04-05,M,Bucaramanga,presencial,0,32
CUST-03378,2023-12-06,F,Manizales,social_media,0,25
CUST-03379,2023-05-06,F,Cali,social_media,0,40
CUST-03380,2023-02-13,F,Manizales,social_media,0,27
CUST-03381,2024-04-17,M,Manizales,online,0,56
CUST-03382,2023-02-21,M,Pereira,online,0,46
CUST-03383,2023-06-22,F,Pereira,presencial,0,37
CUST-03384,2024-08-10,M,Cartagena,social_media,0,45
CUST-03385,2024-03-19,M,Medellín,online,0,46
CUST-03386,2024-02-09,M,Medellín,online,0,29
CUST-03387,2024-05-23,M,Cúcuta,presencial,0,26
CUST-03388,2023-01-31,M,Manizales,social_media,0,35
CUST-03389,2024-01-27,F,Bucaramanga,social_media,0,43
CUST-03390,2024-03-12,F,Manizales,presencial,0,36
CUST-03391,2023-06-26,F,Cali,presencial,0,19
CUST-03392,2023-12-29,F,Bogotá,presencial,0,26
CUST-03393,2023-08-08,F,Bucaramanga,presencial,0,34
CUST-03394,2023-07-11,M,Medellín,social_media,0,34
CUST-03395,2023-10-09,M,Santa Marta,social_media,0,54
CUST-03396,2023-10-14,M,Cartagena,presencial,1,21
CUST-03397,2024-04-01,F,Cartagena,online,0,40
CUST-03398,2023-06-02,M,Cúcuta,online,0,49
CUST-03399,2023-02-05,M,Manizales,social_media,0,57
CUST-03400,2023-09-09,M,Bucaramanga,social_media,1,30
CUST-03401,2023-10-30,F,Cali,presencial,0,39
CUST-03402,2024-05-25,M,Santa Marta,online,0,40
CUST-03403,2024-02-26,M,Cúcuta,social_media,0,36
CUST-03404,2024-07-17,F,Barranquilla,online,0,34
CUST-03405,2024-05-05,F,Cúcuta,presencial,0,39
CUST-03406,2023-03-04,M,Barranquilla,social_media,0,18
CUST-03407,2023-03-31,F,Medellín,social_media,0,41
CUST-03408,2023-10-14,M,Cali,online,1,36
CUST-03409,2024-01-28,F,Barranquilla,online,1,32
CUST-03410,2023-05-21,M,Pereira,social_media,0,55
CUST-03411,2024-03-05,M,Cali,online,1,28
CUST-03412,2023-07-24,F,Manizales,online,0,30
CUST-03413,2024-06-22,F,Manizales,presencial,1,54
CUST-03414,2023-09-13,F,Cúcuta,online,0,26
CUST-03415,2024-07-10,F,Medellín,social_media,0,29
CUST-03416,2023-01-20,M,Barranquilla,presencial,1,33
CUST-03417,2024-01-27,F,Manizales,social_media,0,43
CUST-03418,2024-01-03,M,Bogotá,presencial,0,37
CUST-03419,2024-05-06,M,Bogotá,presencial,0,22
CUST-03420,2024-07-11,M,Barranquilla,online,0,29
CUST-03421,2024-05-11,F,Medellín,online,1,28
CUST-03422,2023-12-19,M,Bogotá,social_media,1,34
CUST-03423,2024-08-02,M,Manizales,online,0,39
CUST-03424,2024-05-29,F,Medellín,presencial,0,39
CUST-03425,2023-11-26,M,Barranquilla,online,0,18
CUST-03426,2024-02-02,M,Cali,social_media,0,45
CUST-03427,2023-10-04,M,Medellín,presencial,1,37
CUST-03428,2023-07-04,F,Manizales,social_media,0,48
CUST-03429,2023-01-27,M,Cali,online,0,39
CUST-03430,2023-11-23,M,Santa Marta,presencial,0,46
CUST-03431,2023-08-13,M,Cúcuta,social_media,0,39
CUST-03432,2023-01-31,F,Cartagena,online,0,48
CUST-03433,2023-10-15,F,Santa Marta,online,0,40
CUST-03434,2023-03-01,F,Cali,social_media,0,34
CUST-03435,2024-04-28,M,Cartagena,presencial,0,57
CUST-03436,2024-06-26,M,Cúcuta,social_media,0,43
CUST-03437,2024-01-02,M,Bucaramanga,online,0,40
CUST-03438,2024-08-21,M,Santa Marta,social_media,0,22
CUST-03439,2023-08-27,M,Manizales,online,0,22
CUST-03440,2023-06-13,F,Medellín,presencial,0,37
CUST-03441,2023-04-13,M,Medellín,social_media,0,36
CUST-03442,2023-09-11,M,Cartagena,presencial,0,28
CUST-03443,2023-09-04,F,Cartagena,social_media,0,36
CUST-03444,2023-09-30,F,Cartagena,online,0,50
CUST-03445,2024-06-30,M,Barranquilla,presencial,0,41
CUST-03446,2023-02-27,F,Manizales,online,0,23
CUST-03447,2023-08-13,F,Cartagena,social_media,1,33
CUST-03448,2024-08-12,F,Bogotá,online,1,26
CUST-03449,2024-02-02,M,Cúcuta,social_media,1,31
CUST-03450,2023-12-30,F,Cartagena,presencial,1,30
CUST-03451,2023-06-27,M,Bogotá,online,0,30
CUST-03452,2023-06-30,F,Barranquilla,online,1,22
CUST-03453,2023-08-31,M,Bogotá,social_media,0,33
CUST-03454,2024-08-29,M,Bucaramanga,social_media,0,29
CUST-03455,2023-11-22,M,Bucaramanga,social_media,0,18
CUST-03456,2024-01-03,F,Bogotá,presencial,0,55
CUST-03457,2024-08-28,F,Manizales,online,1,45
CUST-03458,2023-01-29,F,Barranquilla,social_media,0,31
CUST-03459,2023-12-27,M,Medellín,social_media,0,35
CUST-03460,2024-08-04,F,Bogotá,online,1,23
CUST-03461,2024-07-31,F,Cali,presencial,0,51
CUST-03462,2023-05-26,M,Pereira,online,1,53
CUST-03463,2024-07-30,F,Cúcuta,social_media,1,36
CUST-03464,2023-07-12,M,Cúcuta,online,0,45
CUST-03465,2024-05-19,F,Manizales,social_media,0,36
CUST-03466,2024-07-09,M,Cartagena,social_media,0,21
CUST-03467,2023-11-13,M,Pereira,online,1,30
CUST-03468,2023-06-29,F,Medellín,online,0,36
CUST-03469,2024-05-17,M,Barranquilla,presencial,0,30
CUST-03470,2023-02-08,F,Bucaramanga,social_media,0,32
CUST-03471,2023-04-03,F,Cartagena,social_media,0,34
CUST-03472,2023-02-27,F,Bucaramanga,social_media,0,34
CUST-03473,2023-08-27,F,Medellín,social_media,1,35
CUST-03474,2023-08-13,M,Pereira,social_media,0,24
CUST-03475,2023-01-21,M,Manizales,online,1,27
CUST-03476,2024-06-23,M,Santa Marta,social_media,0,22
CUST-03477,2024-05-04,F,Bucaramanga,online,0,44
CUST-03478,2023-01-01,F,Pereira,presencial,0,18
CUST-03479,2023-12-06,M,Bogotá,social_media,0,46
CUST-03480,2023-07-26,M,Santa Marta,presencial,0,48
CUST-03481,2023-05-14,F,Bucaramanga,online,1,31
CUST-03482,2023-12-15,F,Barranquilla,online,0,18
CUST-03483,2023-07-01,F,Cúcuta,presencial,0,31
CUST-03484,2023-11-28,M,Santa Marta,social_media,0,34
CUST-03485,2023-03-02,F,Bogotá,online,0,24
CUST-03486,2023-01-23,M,Medellín,online,0,29
CUST-03487,2023-06-01,F,Cali,online,0,50
CUST-03488,2024-08-23,M,Bogotá,online,0,41
CUST-03489,2023-05-26,F,Medellín,online,0,25
CUST-03490,2023-04-24,M,Medellín,online,0,19
CUST-03491,2024-06-22,M,Pereira,presencial,1,31
CUST-03492,2024-01-09,M,Cúcuta,social_media,0,32
CUST-03493,2023-03-16,F,Bucaramanga,social_media,0,39
CUST-03494,2024-01-18,M,Santa Marta,social_media,0,29
CUST-03495,2024-02-10,M,Cartagena,social_media,0,40
CUST-03496,2024-08-23,F,Santa Marta,presencial,0,54
CUST-03497,2023-04-14,M,Cúcuta,presencial,0,43
CUST-03498,2023-12-11,M,Santa Marta,social_media,1,34
CUST-03499,2023-11-06,F,Medellín,online,1,33
CUST-03500,2023-11-27,M,Santa Marta,social_media,1,31
CUST-03501,2023-05-20,F,Cali,online,0,46
CUST-03502,2023-06-11,M,Cali,online,1,28
CUST-03503,2024-03-23,F,Santa Marta,presencial,1,35
CUST-03504,2024-05-13,M,Pereira,online,0,35
CUST-03505,2023-11-21,M,Manizales,presencial,0,29
CUST-03506,2023-06-28,M,Pereira,social_media,1,21
CUST-03507,2024-07-29,F,Santa Marta,presencial,1,38
CUST-03508,2024-01-01,M,Manizales,online,0,34
CUST-03509,2023-08-17,M,Barranquilla,online,0,40
CUST-03510,2024-08-26,F,Medellín,online,1,29
CUST-03511,2023-06-29,F,Cartagena,social_media,0,47
CUST-03512,2024-01-23,F,Medellín,presencial,0,26
CUST-03513,2023-11-11,M,Barranquilla,social_media,0,52
CUST-03514,2023-10-29,M,Medellín,presencial,0,18
CUST-03515,2023-05-11,M,Cartagena,social_media,1,39
CUST-03516,2023-07-01,F,Bucaramanga,social_media,0,39
CUST-03517,2023-01-02,F,Bogotá,online,0,27
CUST-03518,2024-08-09,M,Manizales,social_media,1,39
CUST-03519,2024-02-05,M,Medellín,social_media,0,47
CUST-03520,2024-08-04,F,Cartagena,presencial,0,18
CUST-03521,2023-02-03,F,Manizales,social_media,1,40
CUST-03522,2023-07-06,F,Cartagena,online,1,18
CUST-03523,2023-11-22,M,Cali,social_media,0,25
CUST-03524,2023-08-15,F,Bucaramanga,presencial,1,51
CUST-03525,2024-08-02,F,Bogotá,presencial,0,29
CUST-03526,2023-04-17,F,Bogotá,social_media,0,23
CUST-03527,2024-05-23,F,Manizales,social_media,1,33
CUST-03528,2023-05-25,M,Pereira,presencial,0,55
CUST-03529,2023-12-06,F,Cúcuta,online,1,18
CUST-03530,2023-03-21,M,Cúcuta,social_media,0,24
CUST-03531,2023-09-01,M,Cali,online,1,49
CUST-03532,2023-12-22,F,Manizales,online,0,53
CUST-03533,2023-11-24,F,Manizales,social_media,0,33
CUST-03534,2023-06-21,M,Bogotá,online,0,22
CUST-03535,2023-04-01,F,Cúcuta,presencial,0,55
CUST-03536,2023-12-10,M,Pereira,online,1,50
CUST-03537,2024-04-02,F,Medellín,presencial,0,41
CUST-03538,2023-01-12,M,Medellín,social_media,0,26
CUST-03539,2023-09-29,M,Medellín,online,1,34
CUST-03540,2023-08-03,M,Cartagena,presencial,0,33
CUST-03541,2023-09-13,F,Pereira,presencial,0,38
CUST-03542,2023-03-11,M,Barranquilla,social_media,1,49
CUST-03543,2023-12-25,M,Barranquilla,online,0,43
CUST-03544,2023-09-20,F,Santa Marta,presencial,0,24
CUST-03545,2023-04-21,F,Cúcuta,presencial,0,48
CUST-03546,2023-01-02,M,Santa Marta,social_media,0,38
CUST-03547,2023-02-19,M,Pereira,online,0,41
CUST-03548,2024-01-31,F,Cúcuta,online,0,49
CUST-03549,2024-03-24,M,Barranquilla,presencial,0,23
CUST-03550,2024-03-05,F,Manizales,online,0,34
CUST-03551,2023-06-20,F,Cúcuta,online,0,29
CUST-03552,2024-02-28,F,Cali,online,0,19
CUST-03553,2024-05-19,M,Cali,online,1,38
CUST-03554,2024-01-23,F,Pereira,online,0,60
CUST-03555,2023-12-26,M,Santa Marta,online,0,18
CUST-03556,2024-07-13,M,Barranquilla,online,1,34
CUST-03557,2024-01-20,F,Barranquilla,presencial,0,41
CUST-03558,2023-04-14,F,Bogotá,presencial,0,36
CUST-03559,2024-05-05,F,Bogotá,online,1,33
CUST-03560,2024-08-14,F,Cali,online,0,22
CUST-03561,2023-08-19,M,Pereira,social_media,1,37
CUST-03562,2023-06-16,M,Santa Marta,presencial,1,27
CUST-03563,2024-04-07,F,Barranquilla,social_media,0,18
CUST-03564,2023-03-17,M,Medellín,presencial,0,46
CUST-03565,2023-02-04,F,Bucaramanga,social_media,1,44
CUST-03566,2023-10-29,M,Bucaramanga,social_media,0,35
CUST-03567,2023-01-21,M,Santa Marta,social_media,0,37
CUST-03568,2023-11-23,M,Barranquilla,presencial,1,45
CUST-03569,2023-09-25,F,Manizales,presencial,0,37
CUST-03570,2023-04-18,M,Cali,online,0,44
CUST-03571,2023-03-17,M,Medellín,presencial,1,32
CUST-03572,2023-12-17,M,Santa Marta,presencial,0,48
CUST-03573,2023-06-24,M,Bucaramanga,presencial,1,38
CUST-03574,2024-01-20,F,Manizales,presencial,0,36
CUST-03575,2023-06-14,M,Cúcuta,online,1,22
CUST-03576,2023-03-18,F,Santa Marta,online,0,37
CUST-03577,2024-07-14,F,Bogotá,presencial,0,26
CUST-03578,2023-04-06,M,Bogotá,social_media,0,28
CUST-03579,2023-12-13,M,Cartagena,social_media,0,26
CUST-03580,2024-08-31,F,Santa Marta,presencial,1,24
CUST-03581,2024-05-09,F,Pereira,online,0,56
CUST-03582,2023-02-01,F,Pereira,social_media,1,48
CUST-03583,2024-03-17,M,Medellín,online,0,54
CUST-03584,2023-06-18,M,Cali,online,1,22
CUST-03585,2024-03-20,F,Barranquilla,social_media,0,35
CUST-03586,2023-06-10,F,Medellín,presencial,0,22
CUST-03587,2023-02-24,F,Cúcuta,online,0,28
CUST-03588,2023-04-14,M,Santa Marta,social_media,1,25
CUST-03589,2023-12-06,M,Cartagena,online,0,47
CUST-03590,2023-07-30,F,Pereira,social_media,0,31
CUST-03591,2023-07-14,M,Santa Marta,presencial,0,45
CUST-03592,2024-02-24,F,Cartagena,presencial,0,41
CUST-03593,2024-07-21,M,Bucaramanga,presencial,1,58
CUST-03594,2024-07-07,F,Barranquilla,online,0,20
CUST-03595,2023-09-29,M,Manizales,presencial,0,47
CUST-03596,2023-10-16,M,Bogotá,presencial,1,46
CUST-03597,2023-11-01,M,Bogotá,presencial,1,25
CUST-03598,2023-09-01,M,Cartagena,presencial,0,45
CUST-03599,2023-04-09,M,Cúcuta,social_media,1,38
CUST-03600,2023-02-20,M,Santa Marta,social_media,0,32
CUST-03601,2024-02-07,M,Medellín,online,0,26
CUST-03602,2024-08-08,F,Cali,social_media,0,27
CUST-03603,2024-07-16,F,Manizales,social_media,0,55
CUST-03604,2024-05-17,F,Cartagena,social_media,1,35
CUST-03605,2023-06-07,M,Cali,social_media,0,42
CUST-03606,2023-02-25,M,Bucaramanga,social_media,0,27
CUST-03607,2024-01-05,M,Bucaramanga,presencial,1,27
CUST-03608,2023-01-04,F,Cartagena,online,0,45
CUST-03609,2024-03-13,F,Cartagena,social_media,0,21
CUST-03610,2023-03-31,F,Bucaramanga,social_media,0,30
CUST-03611,2023-10-29,F,Medellín,online,1,35
CUST-03612,2024-05-06,F,Bucaramanga,social_media,1,36
CUST-03613,2023-07-24,F,Medellín,social_media,0,33
CUST-03614,2023-04-10,M,Cali,online,0,38
CUST-03615,2023-01-27,F,Medellín,presencial,0,41
CUST-03616,2023-07-31,M,Bogotá,presencial,0,42
CUST-03617,2023-06-24,F,Bogotá,online,0,25
CUST-03618,2023-10-26,F,Santa Marta,presencial,0,32
CUST-03619,2023-03-25,M,Barranquilla,presencial,0,46
CUST-03620,2024-04-29,M,Cartagena,presencial,0,43
CUST-03621,2023-04-29,M,Cúcuta,presencial,0,21
CUST-03622,2023-11-12,F,Pereira,social_media,0,38
CUST-03623,2024-02-12,F,Medellín,online,0,18
CUST-03624,2024-04-27,M,Cúcuta,presencial,0,35
CUST-03625,2024-05-15,F,Santa Marta,presencial,0,53
CUST-03626,2023-09-29,M,Barranquilla,online,0,25
CUST-03627,2023-04-04,F,Cúcuta,social_media,0,26
CUST-03628,2024-07-11,F,Cúcuta,presencial,1,42
CUST-03629,2024-02-01,F,Bogotá,presencial,0,19
CUST-03630,2023-07-09,M,Manizales,social_media,0,28
CUST-03631,2024-01-15,F,Barranquilla,online,1,40
CUST-03632,2024-01-26,M,Pereira,presencial,0,28
CUST-03633,2024-01-14,M,Cali,presencial,0,32
CUST-03634,2023-07-11,M,Santa Marta,online,1,42
CUST-03635,2024-04-01,M,Cartagena,social_media,0,39
CUST-03636,2023-02-15,M,Cartagena,online,0,37
CUST-03637,2023-09-27,M,Cali,presencial,0,31
CUST-03638,2024-03-26,M,Santa Marta,social_media,0,38
CUST-03639,2024-04-21,M,Cali,social_media,0,33
CUST-03640,2023-09-27,M,Medellín,social_media,0,39
CUST-03641,2023-08-20,F,Santa Marta,online,0,30
CUST-03642,2023-10-03,M,Santa Marta,online,0,33
CUST-03643,2024-07-31,F,Cúcuta,online,0,25
CUST-03644,2023-03-05,M,Barranquilla,presencial,0,34
CUST-03645,2023-06-04,F,Barranquilla,online,1,26
CUST-03646,2023-04-10,F,Cúcuta,social_media,1,23
CUST-03647,2023-03-29,F,Bucaramanga,presencial,1,37
CUST-03648,2023-12-19,F,Santa Marta,presencial,0,37
CUST-03649,2024-07-08,F,Manizales,presencial,0,42
CUST-03650,2024-02-28,F,Cúcuta,social_media,0,30
CUST-03651,2024-08-26,M,Cali,online,0,39
CUST-03652,2023-08-21,M,Bucaramanga,social_media,0,40
CUST-03653,2024-07-20,M,Pereira,online,1,39
CUST-03654,2023-03-04,M,Bucaramanga,presencial,1,26
CUST-03655,2024-02-01,M,Cali,presencial,0,36
CUST-03656,2024-06-19,M,Santa Marta,social_media,1,38
CUST-03657,2024-03-04,F,Barranquilla,online,0,35
CUST-03658,2024-07-02,M,Medellín,presencial,0,18
CUST-03659,2024-05-01,F,Santa Marta,social_media,0,36
CUST-03660,2024-08-09,F,Cali,social_media,0,57
CUST-03661,2023-08-30,F,Bucaramanga,online,1,31
CUST-03662,2024-05-02,F,Cartagena,online,0,27
CUST-03663,2023-11-03,F,Medellín,online,0,38
CUST-03664,2023-03-22,F,Bogotá,presencial,0,38
CUST-03665,2024-02-09,M,Santa Marta,social_media,0,46
CUST-03666,2023-02-05,F,Cali,online,1,22
CUST-03667,2024-05-29,F,Pereira,social_media,1,42
CUST-03668,2024-08-07,M,Santa Marta,presencial,1,40
CUST-03669,2024-06-13,M,Santa Marta,presencial,0,33
CUST-03670,2024-08-08,M,Cúcuta,online,0,38
CUST-03671,2023-05-31,M,Bucaramanga,presencial,1,45
CUST-03672,2023-05-04,M,Manizales,social_media,1,43
CUST-03673,2024-04-04,M,Santa Marta,social_media,0,23
CUST-03674,2023-06-27,M,Cali,presencial,1,43
CUST-03675,2023-06-21,F,Bucaramanga,presencial,0,34
CUST-03676,2023-08-05,M,Cartagena,presencial,1,35
CUST-03677,2023-07-17,F,Pereira,social_media,0,35
CUST-03678,2023-05-10,M,Pereira,presencial,1,33
CUST-03679,2023-02-13,M,Santa Marta,online,0,46
CUST-03680,2024-03-09,F,Bogotá,online,0,34
CUST-03681,2023-03-22,M,Bucaramanga,social_media,0,23
CUST-03682,2024-03-21,M,Cartagena,presencial,0,31
CUST-03683,2023-07-26,M,Barranquilla,presencial,0,36
CUST-03684,2023-06-01,M,Cúcuta,presencial,0,47
CUST-03685,2023-09-22,M,Bogotá,online,0,41
CUST-03686,2023-11-24,M,Barranquilla,online,0,26
CUST-03687,2023-03-10,M,Cúcuta,online,0,59
CUST-03688,2023-03-31,F,Pereira,online,0,37
CUST-03689,2024-02-02,M,Barranquilla,online,0,47
CUST-03690,2024-07-23,F,Bogotá,social_media,0,33
CUST-03691,2024-02-11,F,Cúcuta,social_media,1,40
CUST-03692,2024-07-19,F,Bogotá,presencial,1,43
CUST-03693,2023-11-30,F,Bogotá,presencial,1,47
CUST-03694,2023-10-10,F,Cúcuta,online,0,45
CUST-03695,2024-06-16,F,Cartagena,presencial,0,43
CUST-03696,2024-04-14,F,Pereira,social_media,1,31
CUST-03697,2023-01-13,M,Santa Marta,social_media,0,29
CUST-03698,2024-08-24,M,Manizales,presencial,1,38
CUST-03699,2024-06-19,M,Medellín,online,0,44
CUST-03700,2024-03-05,F,Santa Marta,social_media,0,32
CUST-03701,2023-04-26,M,Barranquilla,presencial,0,45
CUST-03702,2024-02-29,F,Cúcuta,online,1,49
CUST-03703,2023-06-03,F,Cartagena,presencial,0,25
CUST-03704,2023-06-01,M,Cartagena,online,0,26
CUST-03705,2024-08-03,F,Barranquilla,online,1,33
CUST-03706,2024-08-25,F,Bucaramanga,social_media,0,38
CUST-03707,2024-08-19,M,Bogotá,social_media,0,29
CUST-03708,2023-04-13,F,Medellín,presencial,0,48
CUST-03709,2023-04-19,M,Barranquilla,presencial,0,39
CUST-03710,2024-07-30,F,Barranquilla,online,1,35
CUST-03711,2023-04-14,F,Manizales,social_media,1,20
CUST-03712,2023-10-20,M,Santa Marta,online,0,21
CUST-03713,2024-07-02,M,Barranquilla,online,0,37
CUST-03714,2023-12-19,M,Bucaramanga,online,0,18
CUST-03715,2024-02-25,F,Barranquilla,online,0,45
CUST-03716,2023-09-28,F,Barranquilla,online,0,33
CUST-03717,2024-01-28,M,Santa Marta,online,0,67
CUST-03718,2024-05-12,M,Barranquilla,presencial,0,58
CUST-03719,2024-08-08,M,Bucaramanga,social_media,0,33
CUST-03720,2024-04-29,F,Santa Marta,social_media,1,33
CUST-03721,2023-02-08,F,Cali,online,1,44
CUST-03722,2023-06-26,M,Pereira,online,0,52
CUST-03723,2023-10-10,M,Pereira,online,0,18
CUST-03724,2024-02-17,M,Bogotá,social_media,0,18
CUST-03725,2023-05-28,F,Medellín,social_media,1,28
CUST-03726,2024-02-16,M,Cartagena,online,1,40
CUST-03727,2023-02-09,M,Manizales,social_media,1,39
CUST-03728,2024-02-10,M,Bucaramanga,online,0,45
CUST-03729,2023-12-06,F,Pereira,online,0,23
CUST-03730,2023-09-01,F,Cali,online,1,18
CUST-03731,2023-02-20,M,Bucaramanga,presencial,1,43
CUST-03732,2024-05-01,F,Santa Marta,social_media,1,26
CUST-03733,2023-10-03,M,Cali,social_media,0,18
CUST-03734,2024-01-17,M,Bucaramanga,social_media,0,36
CUST-03735,2023-01-21,M,Pereira,online,0,42
CUST-03736,2023-12-12,M,Cartagena,presencial,1,33
CUST-03737,2023-11-07,F,Cúcuta,online,1,30
CUST-03738,2023-11-15,M,Manizales,online,0,33
CUST-03739,2023-10-15,M,Manizales,online,0,31
CUST-03740,2024-05-18,F,Bucaramanga,presencial,0,21
CUST-03741,2023-04-11,M,Pereira,online,0,27
CUST-03742,2023-08-22,F,Cali,online,0,40
CUST-03743,2023-05-18,M,Pereira,presencial,0,38
CUST-03744,2023-11-04,M,Pereira,online,0,36
CUST-03745,2024-03-29,M,Barranquilla,online,0,25
CUST-03746,2023-11-25,M,Cúcuta,social_media,1,33
CUST-03747,2023-10-03,F,Barranquilla,presencial,0,18
CUST-03748,2024-03-02,M,Cali,social_media,1,36
CUST-03749,2023-04-02,F,Cúcuta,online,0,49
CUST-03750,2023-07-12,F,Pereira,presencial,1,20
CUST-03751,2024-03-28,F,Cartagena,presencial,1,29
CUST-03752,2023-08-05,M,Cali,online,0,38
CUST-03753,2024-02-21,F,Bucaramanga,social_media,0,47
CUST-03754,2024-05-11,F,Bucaramanga,online,0,30
CUST-03755,2024-06-12,F,Bucaramanga,presencial,0,28
CUST-03756,2024-01-18,M,Medellín,presencial,0,18
CUST-03757,2023-02-27,M,Cúcuta,online,0,36
CUST-03758,2024-06-11,F,Pereira,online,1,55
CUST-03759,2023-06-12,F,Pereira,online,0,37
CUST-03760,2023-03-09,M,Cúcuta,online,0,34
CUST-03761,2023-11-15,F,Barranquilla,social_media,0,38
CUST-03762,2024-06-02,F,Bucaramanga,social_media,0,34
CUST-03763,2024-02-18,F,Barranquilla,social_media,0,26
CUST-03764,2023-05-19,M,Barranquilla,social_media,0,43
CUST-03765,2024-06-20,F,Bucaramanga,presencial,1,37
CUST-03766,2024-08-05,F,Santa Marta,presencial,0,35
CUST-03767,2023-01-30,M,Pereira,social_media,0,25
CUST-03768,2023-06-27,F,Medellín,online,0,48
CUST-03769,2023-07-17,M,Bucaramanga,presencial,0,41
CUST-03770,2023-07-25,M,Cartagena,online,1,29
CUST-03771,2023-03-01,M,Bucaramanga,social_media,1,45
CUST-03772,2023-09-13,F,Manizales,presencial,0,30
CUST-03773,2023-02-03,F,Manizales,presencial,1,27
CUST-03774,2024-04-12,F,Cali,presencial,0,27
CUST-03775,2023-02-21,F,Santa Marta,presencial,0,18
CUST-03776,2024-01-05,F,Bucaramanga,social_media,0,39
CUST-03777,2023-07-23,F,Pereira,presencial,1,18
CUST-03778,2023-10-08,F,Santa Marta,social_media,0,22
CUST-03779,2024-01-13,F,Pereira,presencial,0,18
CUST-03780,2024-04-20,M,Cúcuta,social_media,0,34
CUST-03781,2024-06-01,F,Santa Marta,social_media,1,33
CUST-03782,2024-02-11,F,Bogotá,online,0,31
CUST-03783,2023-05-07,M,Bogotá,social_media,0,24
CUST-03784,2023-02-01,F,Cali,online,1,23
CUST-03785,2023-09-05,M,Santa Marta,presencial,1,39
CUST-03786,2024-01-17,F,Bogotá,online,1,29
CUST-03787,2024-05-15,F,Bogotá,social_media,1,38
CUST-03788,2024-08-31,M,Cartagena,online,1,26
CUST-03789,2024-04-01,M,Manizales,presencial,0,36
CUST-03790,2023-07-01,F,Medellín,online,0,48
CUST-03791,2024-04-30,M,Barranquilla,social_media,0,40
CUST-03792,2024-08-23,F,Bucaramanga,social_media,1,30
CUST-03793,2024-07-18,F,Bogotá,presencial,1,37
CUST-03794,2023-12-25,F,Barranquilla,presencial,0,32
CUST-03795,2023-12-19,F,Barranquilla,online,0,35
CUST-03796,2023-06-17,F,Santa Marta,presencial,1,31
CUST-03797,2023-09-22,F,Santa Marta,social_media,0,33
CUST-03798,2023-04-03,M,Bucaramanga,online,0,37
CUST-03799,2023-10-19,M,Manizales,online,0,25
CUST-03800,2023-01-29,M,Cúcuta,online,0,24
CUST-03801,2024-01-31,F,Barranquilla,online,1,21
CUST-03802,2023-02-20,M,Cúcuta,presencial,1,18
CUST-03803,2023-06-16,F,Manizales,online,1,22
CUST-03804,2024-08-08,M,Cali,online,0,36
CUST-03805,2023-08-08,F,Medellín,online,1,26
CUST-03806,2023-08-15,F,Bucaramanga,social_media,0,40
CUST-03807,2023-08-19,F,Cartagena,social_media,0,35
CUST-03808,2023-07-31,F,Manizales,presencial,0,18
CUST-03809,2023-10-03,F,Bogotá,social_media,1,41
CUST-03810,2024-02-24,M,Cúcuta,social_media,0,43
CUST-03811,2024-06-09,F,Cali,presencial,0,25
CUST-03812,2023-01-21,M,Pereira,presencial,1,39
CUST-03813,2023-01-10,F,Cúcuta,online,0,26
CUST-03814,2024-04-30,F,Barranquilla,online,1,35
CUST-03815,2023-05-16,F,Cúcuta,presencial,1,22
CUST-03816,2023-06-27,M,Cartagena,online,1,18
CUST-03817,2023-01-09,F,Manizales,online,0,31
CUST-03818,2023-08-18,M,Bogotá,online,0,33
CUST-03819,2023-09-16,F,Bogotá,presencial,1,31
CUST-03820,2023-11-09,M,Pereira,social_media,0,23
CUST-03821,2023-10-09,M,Santa Marta,social_media,0,31
CUST-03822,2024-03-09,M,Barranquilla,presencial,0,37
CUST-03823,2024-01-21,F,Manizales,presencial,0,34
CUST-03824,2023-12-24,F,Cúcuta,online,0,36
CUST-03825,2024-04-15,M,Pereira,presencial,1,28
CUST-03826,2023-09-16,F,Medellín,presencial,0,46
CUST-03827,2023-08-12,F,Cartagena,presencial,0,23
CUST-03828,2024-04-22,F,Santa Marta,presencial,0,39
CUST-03829,2023-11-06,M,Santa Marta,online,1,46
CUST-03830,2024-06-17,M,Cali,online,0,39
CUST-03831,2024-02-11,F,Cali,presencial,0,32
CUST-03832,2024-08-21,M,Medellín,presencial,0,29
CUST-03833,2023-04-15,F,Pereira,social_media,0,45
CUST-03834,2023-01-08,F,Bucaramanga,social_media,0,20
CUST-03835,2024-06-07,M,Cartagena,presencial,1,25
CUST-03836,2024-01-19,M,Pereira,social_media,0,31
CUST-03837,2024-07-28,F,Barranquilla,social_media,0,47
CUST-03838,2024-08-31,F,Cartagena,online,0,38
CUST-03839,2023-10-17,F,Santa Marta,online,0,25
CUST-03840,2023-11-02,M,Santa Marta,online,0,31
CUST-03841,2023-04-21,M,Barranquilla,social_media,0,28
CUST-03842,2024-05-08,F,Bucaramanga,presencial,0,27
CUST-03843,2023-03-07,F,Medellín,online,1,44
CUST-03844,2023-12-11,M,Cali,social_media,0,21
CUST-03845,2023-10-11,F,Santa Marta,presencial,0,51
CUST-03846,2023-11-29,M,Bucaramanga,online,0,43
CUST-03847,2023-10-11,M,Manizales,social_media,1,45
CUST-03848,2023-09-25,F,Cartagena,online,1,30
CUST-03849,2023-11-02,F,Medellín,social_media,0,33
CUST-03850,2023-07-12,M,Pereira,online,0,20
CUST-03851,2023-06-03,F,Bucaramanga,social_media,0,29
CUST-03852,2024-06-13,M,Medellín,presencial,0,39
CUST-03853,2023-09-04,M,Bucaramanga,online,0,47
CUST-03854,2023-02-28,M,Manizales,online,1,23
CUST-03855,2024-02-18,F,Bogotá,social_media,1,31
CUST-03856,2023-11-24,F,Barranquilla,presencial,1,33
CUST-03857,2023-05-24,F,Bogotá,presencial,0,21
CUST-03858,2023-01-27,M,Medellín,online,0,40
CUST-03859,2024-05-24,M,Bogotá,social_media,0,27
CUST-03860,2023-10-30,M,Bucaramanga,online,0,33
CUST-03861,2023-09-23,M,Bucaramanga,social_media,1,30
CUST-03862,2024-03-04,F,Bogotá,presencial,0,27
CUST-03863,2024-02-19,F,Barranquilla,online,0,34
CUST-03864,2024-02-02,F,Barranquilla,social_media,1,32
CUST-03865,2023-02-06,M,Manizales,presencial,1,31
CUST-03866,2024-08-20,M,Bucaramanga,social_media,1,27
CUST-03867,2024-08-08,F,Medellín,online,1,38
CUST-03868,2023-07-14,M,Cartagena,social_media,0,51
CUST-03869,2023-12-18,F,Barranquilla,online,0,36
CUST-03870,2023-08-16,M,Cúcuta,presencial,0,44
CUST-03871,2024-07-01,M,Barranquilla,social_media,0,21
CUST-03872,2024-05-02,M,Manizales,presencial,0,36
CUST-03873,2024-01-03,M,Cartagena,presencial,0,24
CUST-03874,2024-06-03,M,Cali,online,1,20
CUST-03875,2023-11-04,F,Cúcuta,online,0,27
CUST-03876,2023-06-24,F,Barranquilla,presencial,0,46
CUST-03877,2024-07-25,F,Bogotá,online,0,44
CUST-03878,2023-07-05,M,Bucaramanga,presencial,0,37
CUST-03879,2023-10-28,F,Cúcuta,online,0,19
CUST-03880,2023-04-10,F,Barranquilla,online,1,33
CUST-03881,2024-04-27,M,Bucaramanga,social_media,0,38
CUST-03882,2023-05-12,M,Medellín,social_media,1,36
CUST-03883,2023-09-22,F,Cartagena,online,0,18
CUST-03884,2024-07-26,F,Santa Marta,presencial,0,26
CUST-03885,2023-07-07,F,Manizales,presencial,0,34
CUST-03886,2023-12-10,F,Cali,presencial,0,40
CUST-03887,2023-04-02,F,Bogotá,online,0,18
CUST-03888,2023-08-16,M,Cúcuta,online,0,33
CUST-03889,2023-12-30,F,Cali,presencial,0,36
CUST-03890,2023-08-17,F,Manizales,social_media,1,43
CUST-03891,2023-11-11,F,Cali,social_media,0,41
CUST-03892,2024-03-06,F,Cartagena,presencial,0,40
CUST-03893,2023-12-06,F,Medellín,online,0,27
CUST-03894,2024-01-16,F,Bogotá,online,0,18
CUST-03895,2023-09-24,M,Cúcuta,presencial,0,31
CUST-03896,2024-08-22,M,Cartagena,social_media,0,45
CUST-03897,2023-10-29,M,Cartagena,presencial,0,48
CUST-03898,2024-04-19,F,Bucaramanga,presencial,0,42
CUST-03899,2023-05-01,F,Medellín,presencial,0,39
CUST-03900,2024-04-26,M,Santa Marta,social_media,0,38
CUST-03901,2023-02-24,F,Medellín,presencial,1,29
CUST-03902,2024-08-20,F,Medellín,social_media,0,33
CUST-03903,2024-08-17,F,Cartagena,online,0,51
CUST-03904,2023-03-14,M,Santa Marta,social_media,0,25
CUST-03905,2024-04-28,M,Barranquilla,social_media,1,51
CUST-03906,2023-07-19,M,Bucaramanga,presencial,1,31
CUST-03907,2024-05-27,F,Medellín,online,1,48
CUST-03908,2023-05-03,M,Barranquilla,presencial,0,20
CUST-03909,2024-01-26,M,Santa Marta,social_media,0,40
CUST-03910,2024-06-26,M,Medellín,social_media,1,27
CUST-03911,2023-11-02,F,Bogotá,presencial,0,20
CUST-03912,2024-02-28,M,Barranquilla,online,0,37
CUST-03913,2023-02-25,M,Barranquilla,social_media,0,45
CUST-03914,2023-06-04,F,Bogotá,social_media,0,26
CUST-03915,2023-05-21,M,Barranquilla,social_media,0,20
CUST-03916,2023-07-25,F,Cali,online,0,34
CUST-03917,2023-12-17,F,Medellín,presencial,1,34
CUST-03918,2024-02-24,M,Cúcuta,online,0,40
CUST-03919,2024-08-06,M,Barranquilla,online,0,44
CUST-03920,2024-04-13,M,Manizales,social_media,0,34
CUST-03921,2023-05-27,F,Pereira,online,0,53
CUST-03922,2023-11-20,M,Santa Marta,social_media,1,37
CUST-03923,2023-07-04,M,Manizales,online,1,31
CUST-03924,2023-03-24,M,Bogotá,online,0,18
CUST-03925,2024-05-14,F,Medellín,presencial,0,32
CUST-03926,2023-12-07,F,Medellín,online,1,31
CUST-03927,2023-07-01,F,Manizales,presencial,0,44
CUST-03928,2023-11-17,M,Barranquilla,social_media,0,39
CUST-03929,2023-03-01,M,Santa Marta,social_media,0,23
CUST-03930,2023-01-05,F,Medellín,presencial,1,36
CUST-03931,2024-04-07,M,Barranquilla,social_media,1,41
CUST-03932,2023-10-08,M,Bogotá,social_media,0,50
CUST-03933,2023-08-03,F,Cali,online,0,43
CUST-03934,2023-06-22,F,Bucaramanga,presencial,0,42
CUST-03935,2024-08-13,F,Santa Marta,social_media,0,35
CUST-03936,2023-06-12,M,Bogotá,presencial,0,38
CUST-03937,2024-05-16,M,Cartagena,online,0,47
CUST-03938,2023-04-01,M,Medellín,social_media,1,21
CUST-03939,2023-05-13,F,Pereira,social_media,0,31
CUST-03940,2024-03-20,F,Barranquilla,presencial,1,27
CUST-03941,2024-03-15,M,Cartagena,social_media,0,38
CUST-03942,2024-02-18,F,Manizales,presencial,0,47
CUST-03943,2024-03-15,F,Medellín,social_media,1,29
CUST-03944,2024-05-03,M,Cali,online,0,18
CUST-03945,2024-01-28,F,Cartagena,online,0,30
CUST-03946,2023-01-05,M,Cúcuta,presencial,0,44
CUST-03947,2023-02-08,F,Barranquilla,social_media,1,40
CUST-03948,2024-06-30,M,Cartagena,social_media,0,39
CUST-03949,2023-07-24,F,Cali,presencial,0,32
CUST-03950,2024-01-18,M,Santa Marta,online,1,22
CUST-03951,2023-01-15,F,Manizales,online,0,40
CUST-03952,2023-11-26,F,Bucaramanga,online,0,26
CUST-03953,2024-06-27,F,Bogotá,presencial,0,56
CUST-03954,2023-07-15,F,Barranquilla,online,0,40
CUST-03955,2023-01-19,F,Pereira,presencial,0,29
CUST-03956,2023-01-05,M,Cúcuta,online,0,28
CUST-03957,2023-09-12,M,Cartagena,online,0,34
CUST-03958,2023-08-20,M,Barranquilla,presencial,0,32
CUST-03959,2023-12-19,F,Santa Marta,social_media,0,46
CUST-03960,2023-11-16,M,Manizales,social_media,0,36
CUST-03961,2023-05-13,F,Cali,social_media,1,27
CUST-03962,2023-04-16,F,Bucaramanga,online,0,53
CUST-03963,2024-01-28,M,Barranquilla,online,0,35
CUST-03964,2024-05-30,M,Pereira,social_media,1,42
CUST-03965,2024-08-25,F,Bogotá,online,1,28
CUST-03966,2023-11-10,F,Bogotá,online,0,38
CUST-03967,2023-06-21,M,Bucaramanga,social_media,1,38
CUST-03968,2023-03-08,M,Cúcuta,presencial,0,18
CUST-03969,2023-02-16,F,Pereira,social_media,1,55
CUST-03970,2023-11-02,F,Santa Marta,social_media,1,47
CUST-03971,2023-10-25,M,Pereira,presencial,0,31
CUST-03972,2024-04-11,F,Santa Marta,online,1,23
CUST-03973,2024-06-16,F,Cúcuta,social_media,1,38
CUST-03974,2024-06-20,M,Santa Marta,social_media,0,35
CUST-03975,2023-12-12,M,Manizales,online,1,38
CUST-03976,2024-03-20,F,Pereira,online,0,36
CUST-03977,2023-05-18,F,Cali,presencial,1,40
CUST-03978,2023-12-17,M,Cali,online,1,49
CUST-03979,2024-05-16,F,Cartagena,social_media,0,40
CUST-03980,2024-01-03,M,Pereira,online,0,24
CUST-03981,2023-07-12,F,Cúcuta,online,1,48
CUST-03982,2023-06-18,M,Pereira,presencial,0,51
CUST-03983,2024-02-18,F,Bogotá,presencial,0,66
CUST-03984,2023-01-20,F,Manizales,social_media,0,23
CUST-03985,2023-08-22,F,Bogotá,social_media,0,37
CUST-03986,2023-08-18,M,Barranquilla,online,1,18
CUST-03987,2023-05-15,M,Medellín,social_media,0,40
CUST-03988,2023-08-05,M,Cartagena,social_media,1,29
CUST-03989,2023-01-23,F,Bucaramanga,online,1,54
CUST-03990,2024-08-26,F,Barranquilla,online,0,27
CUST-03991,2024-05-31,M,Barranquilla,online,0,18
CUST-03992,2023-06-23,M,Pereira,presencial,0,30
CUST-03993,2023-05-07,F,Barranquilla,presencial,0,18
CUST-03994,2024-01-11,F,Medellín,online,0,42
CUST-03995,2023-02-08,F,Barranquilla,presencial,1,18
CUST-03996,2024-01-20,F,Pereira,presencial,0,35
CUST-03997,2023-09-19,M,Bogotá,presencial,1,18
CUST-03998,2024-07-01,M,Barranquilla,social_media,0,31
CUST-03999,2023-02-19,F,Bucaramanga,online,0,51
CUST-04000,2024-08-31,F,Manizales,online,0,38
CUST-04001,2023-02-19,F,Manizales,social_media,0,26
CUST-04002,2023-04-21,M,Santa Marta,presencial,1,34
CUST-04003,2023-01-21,M,Cartagena,online,1,35
CUST-04004,2023-02-19,F,Medellín,presencial,1,39
CUST-04005,2023-04-29,F,Cali,social_media,1,21
CUST-04006,2024-03-02,F,Medellín,presencial,0,40
CUST-04007,2024-03-30,F,Santa Marta,social_media,0,18
CUST-04008,2024-01-25,F,Bucaramanga,social_media,0,28
CUST-04009,2023-05-07,F,Bogotá,presencial,0,30
CUST-04010,2024-07-14,M,Cali,presencial,0,41
CUST-04011,2023-09-16,M,Pereira,online,0,35
CUST-04012,2024-04-30,M,Pereira,social_media,1,20
CUST-04013,2023-06-06,F,Cartagena,presencial,0,25
CUST-04014,2023-07-30,F,Cali,presencial,0,36
CUST-04015,2023-01-10,F,Pereira,online,0,34
CUST-04016,2023-11-05,M,Cartagena,online,0,29
CUST-04017,2024-03-06,F,Bucaramanga,online,0,30
CUST-04018,2023-04-14,M,Cali,social_media,0,41
CUST-04019,2024-06-16,F,Bucaramanga,online,1,29
CUST-04020,2023-10-04,F,Pereira,social_media,0,34
CUST-04021,2023-05-21,F,Manizales,online,1,56
CUST-04022,2024-03-04,M,Medellín,social_media,0,20
CUST-04023,2023-04-18,M,Medellín,online,0,18
CUST-04024,2024-06-07,M,Bucaramanga,social_media,1,42
CUST-04025,2023-05-01,F,Manizales,online,0,28
CUST-04026,2023-10-17,M,Cartagena,online,0,31
CUST-04027,2023-04-27,F,Bogotá,presencial,0,27
CUST-04028,2023-04-19,F,Bogotá,social_media,1,32
CUST-04029,2024-05-24,M,Cúcuta,presencial,0,50
CUST-04030,2023-07-23,M,Santa Marta,social_media,0,43
CUST-04031,2023-07-24,F,Barranquilla,presencial,0,43
CUST-04032,2023-09-27,F,Cúcuta,online,1,20
CUST-04033,2024-06-19,F,Bogotá,presencial,0,23
CUST-04034,2023-07-26,F,Manizales,online,0,18
CUST-04035,2024-01-02,M,Medellín,social_media,0,26
CUST-04036,2024-02-24,M,Medellín,online,0,44
CUST-04037,2023-10-30,M,Bogotá,presencial,1,40
CUST-04038,2023-06-14,F,Bogotá,social_media,0,32
CUST-04039,2023-02-10,F,Santa Marta,presencial,1,34
CUST-04040,2024-07-15,F,Bogotá,online,0,28
CUST-04041,2024-05-23,M,Bucaramanga,online,0,37
CUST-04042,2023-08-01,F,Pereira,presencial,0,42
CUST-04043,2024-05-07,F,Barranquilla,social_media,1,18
CUST-04044,2023-12-05,M,Cartagena,presencial,0,37
CUST-04045,2023-08-29,M,Barranquilla,online,0,44
CUST-04046,2023-01-03,F,Barranquilla,social_media,0,30
CUST-04047,2023-01-14,M,Cúcuta,presencial,0,42
CUST-04048,2023-04-02,F,Bogotá,online,1,63
CUST-04049,2023-04-24,M,Bucaramanga,social_media,0,33
CUST-04050,2024-08-10,F,Cúcuta,presencial,0,38
CUST-04051,2024-05-20,M,Cúcuta,social_media,0,27
CUST-04052,2023-06-02,M,Pereira,online,1,36
CUST-04053,2023-04-03,M,Pereira,presencial,0,39
CUST-04054,2024-06-07,M,Manizales,presencial,0,36
CUST-04055,2023-03-18,F,Pereira,online,1,24
CUST-04056,2023-04-14,F,Bucaramanga,online,0,37
CUST-04057,2023-09-20,M,Manizales,online,1,49
CUST-04058,2023-08-25,F,Cali,presencial,0,39
CUST-04059,2024-04-12,M,Santa Marta,online,0,44
CUST-04060,2023-10-31,M,Cali,presencial,0,32
CUST-04061,2023-09-28,F,Barranquilla,presencial,1,42
CUST-04062,2024-04-20,F,Cúcuta,social_media,1,37
CUST-04063,2023-02-21,F,Bucaramanga,online,0,25
CUST-04064,2023-04-13,F,Manizales,online,0,38
CUST-04065,2023-06-28,F,Cali,social_media,0,25
CUST-04066,2023-02-10,F,Cúcuta,presencial,0,28
CUST-04067,2023-10-25,F,Bucaramanga,presencial,0,36
CUST-04068,2024-01-04,M,Cartagena,presencial,1,37
CUST-04069,2023-11-17,F,Cartagena,online,1,23
CUST-04070,2024-03-12,M,Cartagena,presencial,1,45
CUST-04071,2023-04-29,F,Santa Marta,social_media,0,40
CUST-04072,2023-04-08,F,Pereira,presencial,1,27
CUST-04073,2023-02-16,M,Santa Marta,online,1,19
CUST-04074,2023-01-10,M,Santa Marta,online,0,33
CUST-04075,2023-05-22,M,Bucaramanga,presencial,1,30
CUST-04076,2023-06-24,M,Bucaramanga,presencial,0,36
CUST-04077,2023-12-03,F,Barranquilla,online,0,31
CUST-04078,2024-01-02,F,Manizales,presencial,0,18
CUST-04079,2024-03-24,M,Medellín,social_media,0,31
CUST-04080,2023-10-02,M,Cartagena,online,0,31
CUST-04081,2023-04-06,F,Bogotá,presencial,1,41
CUST-04082,2024-01-17,F,Cúcuta,presencial,0,28
CUST-04083,2023-12-17,M,Medellín,presencial,0,51
CUST-04084,2023-07-07,F,Bogotá,social_media,0,18
CUST-04085,2023-04-27,F,Bucaramanga,online,0,48
CUST-04086,2024-02-15,M,Medellín,social_media,0,32
CUST-04087,2024-02-14,M,Barranquilla,presencial,0,43
CUST-04088,2024-04-12,M,Cartagena,social_media,1,35
CUST-04089,2023-10-06,M,Pereira,presencial,0,46
CUST-04090,2024-01-30,F,Cúcuta,presencial,0,31
CUST-04091,2024-05-04,M,Bogotá,online,1,24
CUST-04092,2024-03-07,F,Cartagena,online,0,49
CUST-04093,2023-06-20,F,Barranquilla,presencial,0,33
CUST-04094,2023-04-26,F,Pereira,presencial,1,37
CUST-04095,2023-05-16,F,Cúcuta,presencial,1,47
CUST-04096,2023-03-02,M,Pereira,online,0,24
CUST-04097,2023-06-13,F,Manizales,online,0,40
CUST-04098,2023-04-17,M,Barranquilla,presencial,0,29
CUST-04099,2024-03-02,F,Barranquilla,online,0,33
CUST-04100,2024-08-27,M,Cúcuta,presencial,0,35
CUST-04101,2024-05-09,F,Cartagena,social_media,0,19
CUST-04102,2024-08-05,F,Cartagena,online,1,27
CUST-04103,2024-03-24,M,Cali,presencial,0,48
CUST-04104,2023-07-05,M,Cartagena,social_media,1,43
CUST-04105,2024-01-24,M,Cartagena,presencial,0,34
CUST-04106,2024-01-03,M,Manizales,social_media,0,37
CUST-04107,2023-01-30,F,Pereira,online,0,32
CUST-04108,2023-05-14,F,Manizales,online,1,48
CUST-04109,2024-05-09,F,Cartagena,presencial,1,32
CUST-04110,2024-05-14,F,Medellín,online,0,37
CUST-04111,2023-04-26,F,Manizales,online,0,46
CUST-04112,2024-02-26,M,Santa Marta,social_media,0,27
CUST-04113,2024-03-27,M,Medellín,online,0,50
CUST-04114,2023-02-17,F,Bogotá,social_media,0,19
CUST-04115,2023-03-06,M,Bucaramanga,social_media,0,51
CUST-04116,2023-09-25,F,Cali,social_media,0,31
CUST-04117,2023-11-18,F,Bogotá,online,0,32
CUST-04118,2023-01-13,M,Bucaramanga,presencial,0,18
CUST-04119,2024-06-21,F,Manizales,presencial,0,30
CUST-04120,2024-08-13,M,Santa Marta,online,0,24
CUST-04121,2024-08-01,F,Bucaramanga,social_media,1,28
CUST-04122,2023-08-18,M,Bucaramanga,online,0,33
CUST-04123,2023-12-13,F,Bogotá,presencial,1,44
CUST-04124,2024-06-15,F,Cartagena,social_media,0,37
CUST-04125,2024-06-19,M,Cali,online,0,38
CUST-04126,2023-04-08,F,Pereira,social_media,1,24
CUST-04127,2024-03-19,F,Santa Marta,social_media,0,26
CUST-04128,2023-09-12,M,Bucaramanga,presencial,0,52
CUST-04129,2024-05-08,M,Cartagena,social_media,0,27
CUST-04130,2023-12-21,M,Pereira,online,1,51
CUST-04131,2024-01-30,F,Santa Marta,social_media,1,32
CUST-04132,2023-06-02,M,Cartagena,social_media,1,35
CUST-04133,2024-07-25,M,Cartagena,online,1,45
CUST-04134,2023-02-25,M,Cúcuta,presencial,0,47
CUST-04135,2023-01-12,F,Barranquilla,presencial,0,33
CUST-04136,2023-06-10,M,Cartagena,online,1,31
CUST-04137,2024-06-01,F,Pereira,social_media,1,34
CUST-04138,2024-04-25,F,Cali,online,0,38
CUST-04139,2024-05-22,M,Barranquilla,online,1,43
CUST-04140,2023-06-19,F,Santa Marta,online,0,35
CUST-04141,2023-03-18,F,Medellín,presencial,0,41
CUST-04142,2024-05-18,F,Manizales,social_media,0,51
CUST-04143,2023-11-25,F,Santa Marta,online,0,38
CUST-04144,2023-09-04,F,Cartagena,presencial,1,38
CUST-04145,2023-12-05,M,Pereira,presencial,1,19
CUST-04146,2023-10-12,M,Bucaramanga,social_media,0,18
CUST-04147,2023-02-21,M,Bogotá,online,1,38
CUST-04148,2024-06-03,F,Manizales,social_media,0,34
CUST-04149,2023-08-17,M,Santa Marta,online,0,29
CUST-04150,2024-07-17,F,Cúcuta,presencial,0,37
CUST-04151,2024-01-23,F,Bogotá,presencial,1,34
CUST-04152,2024-02-17,F,Manizales,social_media,0,46
CUST-04153,2023-08-29,F,Cali,online,0,35
CUST-04154,2023-03-22,M,Bucaramanga,social_media,0,27
CUST-04155,2024-04-15,F,Cúcuta,online,0,44
CUST-04156,2024-03-30,M,Manizales,social_media,0,32
CUST-04157,2024-08-09,M,Cartagena,presencial,0,40
CUST-04158,2024-04-03,F,Manizales,social_media,0,30
CUST-04159,2023-04-01,M,Pereira,online,0,28
CUST-04160,2024-05-25,M,Pereira,social_media,0,35
CUST-04161,2024-04-02,M,Pereira,online,1,35
CUST-04162,2023-11-20,F,Santa Marta,social_media,0,39
CUST-04163,2023-05-02,F,Bucaramanga,online,0,32
CUST-04164,2024-05-24,F,Bucaramanga,online,1,18
CUST-04165,2023-01-19,M,Santa Marta,online,0,30
CUST-04166,2023-04-16,M,Bucaramanga,social_media,1,42
CUST-04167,2024-02-18,F,Pereira,social_media,0,32
CUST-04168,2024-02-27,F,Pereira,presencial,0,32
CUST-04169,2023-02-06,M,Medellín,online,1,44
CUST-04170,2024-07-24,F,Manizales,presencial,0,27
CUST-04171,2024-07-16,F,Bucaramanga,presencial,0,19
CUST-04172,2023-01-01,M,Barranquilla,online,0,33
CUST-04173,2023-04-04,M,Pereira,presencial,0,30
CUST-04174,2023-11-08,F,Manizales,social_media,1,25
CUST-04175,2024-06-04,F,Bogotá,presencial,0,33
CUST-04176,2024-07-29,F,Cúcuta,social_media,1,39
CUST-04177,2023-07-31,F,Barranquilla,online,0,34
CUST-04178,2024-04-12,M,Barranquilla,online,0,38
CUST-04179,2023-12-16,F,Cúcuta,online,0,53
CUST-04180,2024-01-08,F,Santa Marta,presencial,1,31
CUST-04181,2023-02-25,M,Bucaramanga,online,0,37
CUST-04182,2023-08-17,M,Barranquilla,online,1,29
CUST-04183,2024-04-10,M,Bogotá,social_media,0,26
CUST-04184,2023-12-06,M,Manizales,presencial,1,29
CUST-04185,2024-07-27,M,Santa Marta,presencial,0,30
CUST-04186,2024-04-29,M,Cartagena,online,0,38
CUST-04187,2024-01-08,M,Cartagena,presencial,0,58
CUST-04188,2024-04-08,F,Cúcuta,online,1,27
CUST-04189,2023-04-27,F,Manizales,social_media,0,30
CUST-04190,2023-04-10,M,Manizales,presencial,0,34
CUST-04191,2023-08-16,F,Cartagena,presencial,1,38
CUST-04192,2023-01-03,F,Barranquilla,social_media,0,37
CUST-04193,2023-12-16,M,Bucaramanga,presencial,0,47
CUST-04194,2023-12-30,M,Cúcuta,online,0,18
CUST-04195,2023-10-26,M,Cartagena,presencial,0,18
CUST-04196,2024-07-14,M,Manizales,presencial,0,30
CUST-04197,2024-06-18,M,Santa Marta,social_media,0,45
CUST-04198,2024-01-18,F,Bogotá,social_media,0,19
CUST-04199,2023-04-19,F,Santa Marta,online,0,18
CUST-04200,2023-02-16,M,Santa Marta,presencial,0,40
CUST-04201,2023-06-18,M,Bucaramanga,presencial,0,37
CUST-04202,2024-05-19,F,Cúcuta,social_media,0,24
CUST-04203,2023-05-24,F,Cartagena,online,0,25
CUST-04204,2024-02-24,F,Pereira,presencial,0,25
CUST-04205,2023-04-20,M,Manizales,online,1,36
CUST-04206,2023-09-18,M,Santa Marta,presencial,1,28
CUST-04207,2023-07-20,F,Santa Marta,social_media,1,39
CUST-04208,2023-07-12,M,Cúcuta,social_media,0,18
CUST-04209,2023-05-04,F,Cali,social_media,0,26
CUST-04210,2024-02-07,M,Manizales,social_media,0,23
CUST-04211,2023-08-09,M,Bogotá,social_media,1,32
CUST-04212,2024-04-13,F,Pereira,social_media,1,29
CUST-04213,2023-07-15,F,Cartagena,online,0,42
CUST-04214,2023-12-13,M,Medellín,social_media,0,18
CUST-04215,2023-04-21,F,Medellín,online,1,35
CUST-04216,2024-02-29,M,Manizales,social_media,0,40
CUST-04217,2023-02-17,F,Cartagena,presencial,1,53
CUST-04218,2024-08-25,F,Cali,presencial,0,30
CUST-04219,2023-05-07,M,Bogotá,presencial,0,38
CUST-04220,2024-04-06,M,Pereira,online,0,18
CUST-04221,2024-04-13,M,Cali,social_media,0,18
CUST-04222,2024-08-26,F,Pereira,online,0,43
CUST-04223,2024-05-31,F,Medellín,social_media,0,34
CUST-04224,2023-05-18,M,Barranquilla,presencial,0,46
CUST-04225,2024-05-25,F,Medellín,online,0,21
CUST-04226,2023-01-05,M,Barranquilla,social_media,1,40
CUST-04227,2024-06-27,M,Cartagena,online,0,53
CUST-04228,2023-02-19,M,Manizales,online,0,39
CUST-04229,2024-07-20,M,Medellín,presencial,0,37
CUST-04230,2024-03-19,M,Cúcuta,presencial,0,35
CUST-04231,2024-08-22,F,Cali,presencial,1,19
CUST-04232,2024-05-09,F,Cúcuta,presencial,0,48
CUST-04233,2024-06-04,M,Cartagena,presencial,0,28
CUST-04234,2023-07-01,F,Santa Marta,social_media,0,40
CUST-04235,2024-08-15,M,Cúcuta,social_media,0,19
CUST-04236,2023-06-27,F,Cartagena,presencial,0,23
CUST-04237,2023-05-12,F,Santa Marta,presencial,0,49
CUST-04238,2023-04-17,M,Barranquilla,presencial,0,31
CUST-04239,2024-02-01,F,Cúcuta,online,1,49
CUST-04240,2023-11-26,M,Cartagena,presencial,1,34
CUST-04241,2024-05-31,F,Santa Marta,social_media,0,18
CUST-04242,2024-01-29,M,Barranquilla,social_media,1,43
CUST-04243,2024-03-04,M,Cartagena,online,0,29
CUST-04244,2023-09-12,M,Cartagena,social_media,0,41
CUST-04245,2023-10-08,M,Barranquilla,presencial,0,35
CUST-04246,2024-02-12,M,Barranquilla,online,0,19
CUST-04247,2023-12-18,M,Cartagena,online,0,36
CUST-04248,2023-10-29,F,Bucaramanga,social_media,1,56
CUST-04249,2024-04-08,M,Pereira,presencial,0,39
CUST-04250,2023-05-17,F,Bucaramanga,presencial,0,34
CUST-04251,2023-05-22,M,Bogotá,presencial,1,45
CUST-04252,2024-02-27,F,Medellín,online,0,37
CUST-04253,2024-06-08,M,Pereira,social_media,0,37
CUST-04254,2023-11-03,M,Cali,social_media,0,24
CUST-04255,2024-07-14,F,Cúcuta,social_media,0,37
CUST-04256,2023-11-18,M,Medellín,presencial,0,45
CUST-04257,2024-07-20,M,Bucaramanga,online,0,26
CUST-04258,2023-08-11,M,Barranquilla,online,0,49
CUST-04259,2023-07-25,M,Cartagena,social_media,0,34
CUST-04260,2023-08-03,F,Bucaramanga,social_media,0,26
CUST-04261,2023-10-25,M,Cali,online,1,44
CUST-04262,2023-12-20,F,Bogotá,social_media,0,32
CUST-04263,2023-05-16,M,Cali,online,1,42
CUST-04264,2023-07-02,M,Cali,online,1,32
CUST-04265,2024-05-30,M,Bucaramanga,social_media,0,34
CUST-04266,2024-07-09,M,Barranquilla,online,1,39
CUST-04267,2023-11-27,F,Pereira,online,0,37
CUST-04268,2023-04-29,M,Medellín,social_media,1,18
CUST-04269,2023-12-27,M,Barranquilla,social_media,0,23
CUST-04270,2024-07-29,M,Manizales,social_media,0,44
CUST-04271,2024-05-06,F,Bucaramanga,online,0,33
CUST-04272,2024-08-19,F,Cúcuta,social_media,0,29
CUST-04273,2024-08-07,F,Cali,social_media,0,21
CUST-04274,2024-03-03,F,Cúcuta,online,0,24
CUST-04275,2024-06-30,M,Medellín,online,1,18
CUST-04276,2023-10-20,M,Cali,social_media,0,33
CUST-04277,2024-03-08,F,Bogotá,social_media,1,29
CUST-04278,2023-01-14,M,Bogotá,online,0,25
CUST-04279,2024-06-19,M,Medellín,online,0,34
CUST-04280,2023-04-20,F,Cali,presencial,1,38
CUST-04281,2023-01-26,M,Santa Marta,online,0,55
CUST-04282,2024-01-26,F,Manizales,online,0,19
CUST-04283,2023-05-29,F,Santa Marta,presencial,1,46
CUST-04284,2023-02-24,F,Pereira,social_media,0,44
CUST-04285,2023-02-27,F,Pereira,presencial,0,27
CUST-04286,2023-07-24,F,Cartagena,online,1,37
CUST-04287,2023-10-01,F,Pereira,presencial,1,30
CUST-04288,2023-06-14,M,Barranquilla,presencial,1,36
CUST-04289,2023-10-21,M,Cartagena,presencial,1,50
CUST-04290,2023-09-14,M,Bogotá,presencial,0,41
CUST-04291,2023-05-30,F,Barranquilla,presencial,0,40
CUST-04292,2023-03-05,F,Cali,presencial,1,30
CUST-04293,2023-10-30,F,Medellín,social_media,0,20
CUST-04294,2023-07-28,M,Medellín,presencial,0,32
CUST-04295,2024-07-08,M,Manizales,presencial,0,47
CUST-04296,2023-02-03,F,Bogotá,presencial,1,19
CUST-04297,2024-01-03,F,Manizales,presencial,0,24
CUST-04298,2024-04-08,F,Santa Marta,online,0,36
CUST-04299,2023-04-15,F,Bucaramanga,presencial,0,25
CUST-04300,2024-07-29,F,Bogotá,presencial,1,27
CUST-04301,2023-08-18,M,Cúcuta,presencial,1,30
CUST-04302,2024-07-28,F,Pereira,social_media,0,21
CUST-04303,2024-02-03,F,Cartagena,presencial,0,25
CUST-04304,2023-09-01,F,Santa Marta,online,1,42
CUST-04305,2024-06-07,F,Pereira,social_media,1,21
CUST-04306,2023-10-22,M,Cartagena,online,0,19
CUST-04307,2023-02-18,F,Medellín,social_media,1,28
CUST-04308,2024-01-26,F,Barranquilla,social_media,1,42
CUST-04309,2024-02-01,F,Medellín,presencial,0,33
CUST-04310,2024-03-02,M,Santa Marta,presencial,0,30
CUST-04311,2023-11-17,F,Medellín,social_media,1,35
CUST-04312,2024-07-19,M,Medellín,presencial,0,18
CUST-04313,2023-02-25,F,Medellín,presencial,0,39
CUST-04314,2023-01-14,F,Bogotá,social_media,1,38
CUST-04315,2023-09-15,F,Santa Marta,social_media,0,30
CUST-04316,2023-07-27,F,Manizales,online,0,45
CUST-04317,2024-03-29,F,Medellín,social_media,1,23
CUST-04318,2023-08-19,F,Medellín,online,0,46
CUST-04319,2024-01-12,F,Cartagena,online,0,36
CUST-04320,2024-08-25,F,Barranquilla,presencial,0,31
CUST-04321,2024-07-13,F,Medellín,presencial,0,34
CUST-04322,2023-07-21,M,Manizales,social_media,1,33
CUST-04323,2023-07-18,M,Manizales,social_media,1,47
CUST-04324,2023-10-29,M,Barranquilla,online,0,24
CUST-04325,2024-04-04,M,Barranquilla,online,0,27
CUST-04326,2023-07-01,F,Santa Marta,presencial,1,45
CUST-04327,2023-03-18,F,Barranquilla,social_media,0,29
CUST-04328,2023-07-11,M,Cúcuta,social_media,0,44
CUST-04329,2023-06-27,M,Santa Marta,social_media,1,51
CUST-04330,2024-06-10,M,Cali,social_media,0,30
CUST-04331,2023-05-03,M,Medellín,presencial,0,41
CUST-04332,2024-01-22,F,Manizales,presencial,1,23
CUST-04333,2023-02-11,M,Cali,online,1,42
CUST-04334,2024-03-14,F,Medellín,presencial,0,36
CUST-04335,2023-10-13,F,Manizales,online,1,39
CUST-04336,2024-07-23,F,Manizales,presencial,0,28
CUST-04337,2023-09-28,M,Cartagena,presencial,0,18
CUST-04338,2023-05-14,M,Santa Marta,social_media,1,40
CUST-04339,2023-06-14,F,Bucaramanga,online,0,18
CUST-04340,2024-08-21,M,Cartagena,online,0,31
CUST-04341,2023-09-19,M,Cali,online,0,44
CUST-04342,2023-01-06,F,Pereira,presencial,0,36
CUST-04343,2023-12-05,F,Santa Marta,social_media,0,54
CUST-04344,2024-04-22,M,Barranquilla,presencial,1,45
CUST-04345,2023-06-08,F,Pereira,social_media,0,28
CUST-04346,2023-02-10,M,Cali,presencial,0,35
CUST-04347,2023-06-07,M,Medellín,online,0,34
CUST-04348,2023-11-27,F,Bogotá,presencial,0,19
CUST-04349,2023-02-22,F,Bucaramanga,online,0,25
CUST-04350,2023-11-05,M,Cartagena,social_media,0,29
CUST-04351,2024-05-17,F,Medellín,online,0,18
CUST-04352,2024-08-09,M,Cali,online,0,35
CUST-04353,2024-07-17,F,Santa Marta,online,1,32
CUST-04354,2024-01-02,M,Cali,online,0,18
CUST-04355,2023-03-16,F,Pereira,social_media,0,39
CUST-04356,2023-11-22,M,Bogotá,presencial,0,42
CUST-04357,2024-06-22,M,Pereira,presencial,0,37
CUST-04358,2023-08-14,F,Santa Marta,presencial,0,31
CUST-04359,2023-07-08,M,Manizales,presencial,0,40
CUST-04360,2024-06-17,M,Pereira,online,0,41
CUST-04361,2023-03-11,M,Cúcuta,social_media,0,38
CUST-04362,2024-06-01,M,Manizales,social_media,0,26
CUST-04363,2023-06-13,M,Barranquilla,presencial,0,37
CUST-04364,2024-03-01,F,Medellín,presencial,0,46
CUST-04365,2024-07-10,M,Santa Marta,social_media,1,29
CUST-04366,2024-07-03,M,Cali,social_media,1,55
CUST-04367,2024-02-18,M,Barranquilla,online,1,29
CUST-04368,2023-04-05,F,Pereira,social_media,0,35
CUST-04369,2023-12-24,F,Medellín,social_media,0,28
CUST-04370,2023-08-15,M,Manizales,online,0,37
CUST-04371,2023-08-07,M,Cúcuta,online,0,18
CUST-04372,2023-12-06,F,Manizales,online,0,29
CUST-04373,2023-12-06,F,Cartagena,social_media,0,24
CUST-04374,2024-01-05,M,Santa Marta,social_media,0,36
CUST-04375,2023-10-28,F,Manizales,social_media,0,44
CUST-04376,2023-08-12,M,Bogotá,online,0,41
CUST-04377,2024-06-27,M,Santa Marta,social_media,0,18
CUST-04378,2024-05-01,M,Cartagena,social_media,0,55
CUST-04379,2024-07-28,F,Santa Marta,online,0,37
CUST-04380,2023-01-10,M,Santa Marta,presencial,0,27
CUST-04381,2023-04-28,M,Cúcuta,presencial,0,36
CUST-04382,2023-12-21,F,Cúcuta,social_media,0,36
CUST-04383,2024-04-01,M,Cali,online,0,28
CUST-04384,2023-09-04,M,Manizales,online,0,36
CUST-04385,2023-09-07,M,Pereira,social_media,0,28
CUST-04386,2023-02-10,F,Pereira,social_media,1,30
CUST-04387,2023-11-25,F,Cúcuta,presencial,1,28
CUST-04388,2024-01-26,M,Medellín,online,1,20
CUST-04389,2023-04-27,F,Medellín,social_media,0,36
CUST-04390,2024-01-31,M,Medellín,online,0,40
CUST-04391,2023-09-20,M,Medellín,social_media,0,40
CUST-04392,2024-07-07,F,Barranquilla,presencial,1,43
CUST-04393,2023-10-17,F,Pereira,social_media,1,38
CUST-04394,2023-01-26,M,Medellín,presencial,1,29
CUST-04395,2024-06-13,F,Cartagena,presencial,0,43
CUST-04396,2024-01-19,F,Pereira,social_media,0,21
CUST-04397,2024-06-10,F,Santa Marta,social_media,0,25
CUST-04398,2024-06-04,M,Manizales,presencial,1,25
CUST-04399,2024-04-01,M,Santa Marta,online,0,45
CUST-04400,2024-05-13,F,Pereira,online,0,44
CUST-04401,2023-02-14,M,Cali,presencial,0,39
CUST-04402,2023-10-31,M,Bogotá,presencial,1,45
CUST-04403,2023-07-17,F,Cúcuta,social_media,0,26
CUST-04404,2023-11-25,M,Pereira,social_media,1,38
CUST-04405,2024-06-10,F,Bucaramanga,presencial,0,33
CUST-04406,2023-03-26,M,Medellín,presencial,0,43
CUST-04407,2023-04-09,M,Bogotá,online,0,33
CUST-04408,2023-06-21,F,Cúcuta,online,1,31
CUST-04409,2024-07-04,M,Barranquilla,online,1,40
CUST-04410,2024-06-30,F,Barranquilla,presencial,0,43
CUST-04411,2023-01-08,M,Bucaramanga,presencial,0,28
CUST-04412,2023-03-09,M,Cartagena,online,0,34
CUST-04413,2023-08-04,M,Santa Marta,online,0,24
CUST-04414,2023-08-07,F,Manizales,social_media,0,18
CUST-04415,2024-03-10,M,Santa Marta,social_media,0,37
CUST-04416,2023-04-17,M,Cúcuta,presencial,0,41
CUST-04417,2023-07-30,F,Pereira,social_media,0,37
CUST-04418,2024-07-04,F,Santa Marta,presencial,1,18
CUST-04419,2024-03-21,M,Cali,presencial,1,31
CUST-04420,2023-03-15,F,Santa Marta,presencial,0,18
CUST-04421,2023-06-07,F,Medellín,online,0,48
CUST-04422,2023-01-25,F,Santa Marta,social_media,1,24
CUST-04423,2024-04-15,F,Bucaramanga,social_media,0,47
CUST-04424,2023-12-06,M,Barranquilla,social_media,0,44
CUST-04425,2023-02-08,F,Medellín,social_media,1,25
CUST-04426,2023-03-31,M,Cúcuta,online,1,23
CUST-04427,2023-03-17,M,Cali,social_media,1,38
CUST-04428,2023-02-25,M,Cartagena,social_media,0,26
CUST-04429,2023-07-02,F,Santa Marta,online,0,36
CUST-04430,2023-09-15,F,Pereira,social_media,0,30
CUST-04431,2024-07-25,M,Cali,social_media,0,18
CUST-04432,2023-03-14,M,Barranquilla,online,0,18
CUST-04433,2024-08-11,F,Medellín,online,0,37
CUST-04434,2023-08-22,F,Manizales,online,0,29
CUST-04435,2023-09-22,M,Bucaramanga,online,0,29
CUST-04436,2024-02-22,F,Cali,presencial,1,41
CUST-04437,2024-02-02,F,Cartagena,online,0,46
CUST-04438,2024-04-06,M,Cartagena,social_media,0,32
CUST-04439,2024-02-19,F,Bogotá,social_media,0,31
CUST-04440,2024-03-19,F,Cartagena,social_media,0,40
CUST-04441,2023-11-20,M,Bucaramanga,social_media,0,21
CUST-04442,2023-01-18,F,Cúcuta,presencial,1,37
CUST-04443,2024-02-03,M,Cúcuta,presencial,0,40
CUST-04444,2023-05-02,F,Medellín,presencial,0,41
CUST-04445,2024-07-01,M,Cali,social_media,0,18
CUST-04446,2023-01-07,F,Cúcuta,social_media,0,27
CUST-04447,2023-03-06,M,Cartagena,online,0,26
CUST-04448,2024-08-22,F,Cali,online,1,35
CUST-04449,2023-02-16,F,Cartagena,social_media,1,39
CUST-04450,2023-03-16,F,Cartagena,online,1,49
CUST-04451,2024-01-02,M,Manizales,online,0,30
CUST-04452,2024-05-29,F,Cúcuta,social_media,1,30
CUST-04453,2023-04-19,M,Santa Marta,presencial,0,46
CUST-04454,2023-10-24,F,Manizales,social_media,1,37
CUST-04455,2023-11-05,F,Cali,social_media,0,47
CUST-04456,2023-03-30,F,Bogotá,online,1,37
CUST-04457,2023-10-16,F,Cali,online,0,23
CUST-04458,2024-03-24,F,Bogotá,social_media,1,21
CUST-04459,2024-01-26,F,Santa Marta,presencial,0,19
CUST-04460,2024-02-09,M,Cali,social_media,0,41
CUST-04461,2023-02-01,M,Manizales,presencial,0,46
CUST-04462,2024-04-30,F,Bucaramanga,presencial,0,53
CUST-04463,2023-06-10,F,Cali,social_media,0,43
CUST-04464,2024-06-30,F,Santa Marta,social_media,0,46
CUST-04465,2023-08-14,F,Manizales,social_media,0,29
CUST-04466,2023-05-20,F,Cali,presencial,0,23
CUST-04467,2024-02-05,M,Pereira,online,0,43
CUST-04468,2024-07-12,F,Cartagena,presencial,0,39
CUST-04469,2023-10-30,F,Medellín,presencial,0,36
CUST-04470,2023-05-28,M,Manizales,presencial,0,38
CUST-04471,2023-11-02,M,Bogotá,online,0,38
CUST-04472,2024-01-18,M,Barranquilla,presencial,1,47
CUST-04473,2023-01-12,F,Barranquilla,presencial,1,47
CUST-04474,2024-07-20,F,Cúcuta,presencial,1,40
CUST-04475,2024-07-22,F,Cartagena,online,0,43
CUST-04476,2023-05-25,F,Barranquilla,presencial,1,40
CUST-04477,2023-05-07,F,Bogotá,online,0,30
CUST-04478,2023-02-12,M,Pereira,online,0,42
CUST-04479,2023-01-06,F,Cúcuta,social_media,1,21
CUST-04480,2024-08-09,F,Medellín,social_media,1,45
CUST-04481,2024-02-08,F,Cúcuta,social_media,1,23
CUST-04482,2024-07-04,M,Cali,online,0,37
CUST-04483,2024-07-14,F,Cartagena,social_media,0,26
CUST-04484,2023-03-29,F,Manizales,social_media,0,40
CUST-04485,2023-11-09,F,Cúcuta,social_media,0,34
CUST-04486,2023-08-04,F,Manizales,online,1,19
CUST-04487,2023-12-19,M,Medellín,presencial,0,39
CUST-04488,2023-08-05,M,Santa Marta,social_media,0,29
CUST-04489,2024-02-27,M,Bucaramanga,social_media,0,43
CUST-04490,2024-06-08,F,Santa Marta,social_media,0,35
CUST-04491,2023-05-26,M,Barranquilla,social_media,1,38
CUST-04492,2023-06-14,M,Cali,online,0,25
CUST-04493,2023-07-08,F,Cartagena,presencial,0,29
CUST-04494,2023-08-15,F,Cartagena,presencial,0,30
CUST-04495,2023-09-16,M,Barranquilla,social_media,0,43
CUST-04496,2023-07-18,M,Pereira,presencial,1,51
CUST-04497,2023-04-28,M,Manizales,social_media,0,26
CUST-04498,2023-07-05,M,Cartagena,social_media,0,45
CUST-04499,2024-08-03,F,Santa Marta,presencial,0,18
CUST-04500,2023-02-25,F,Pereira,presencial,1,23
CUST-04501,2024-07-16,M,Pereira,online,0,25
CUST-04502,2024-04-17,M,Manizales,social_media,1,21
CUST-04503,2024-07-16,M,Barranquilla,presencial,0,19
CUST-04504,2023-03-16,F,Cúcuta,online,1,39
CUST-04505,2023-10-25,F,Bucaramanga,presencial,0,32
CUST-04506,2023-03-10,F,Cartagena,presencial,0,38
CUST-04507,2023-09-14,M,Bogotá,social_media,0,41
CUST-04508,2023-04-11,F,Santa Marta,online,0,37
CUST-04509,2023-07-22,M,Medellín,social_media,0,41
CUST-04510,2024-08-17,M,Bucaramanga,presencial,0,34
CUST-04511,2024-05-13,F,Manizales,online,0,23
CUST-04512,2023-12-05,M,Cali,social_media,0,45
CUST-04513,2024-01-01,F,Cartagena,online,0,29
CUST-04514,2023-05-12,F,Pereira,presencial,1,25
CUST-04515,2023-08-29,M,Barranquilla,online,0,33
CUST-04516,2023-04-13,M,Cartagena,presencial,1,25
CUST-04517,2023-10-19,F,Bogotá,social_media,0,30
CUST-04518,2023-03-13,F,Barranquilla,presencial,0,38
CUST-04519,2023-07-18,F,Pereira,presencial,0,38
CUST-04520,2023-11-22,F,Cúcuta,online,0,26
CUST-04521,2024-05-12,F,Pereira,online,0,30
CUST-04522,2024-04-06,F,Cúcuta,social_media,1,45
CUST-04523,2023-12-03,F,Cúcuta,online,0,39
CUST-04524,2023-11-10,M,Barranquilla,social_media,1,55
CUST-04525,2024-08-21,F,Bucaramanga,presencial,0,46
CUST-04526,2023-06-06,M,Cartagena,presencial,0,46
CUST-04527,2024-08-02,M,Bogotá,online,1,21
CUST-04528,2024-08-03,F,Manizales,presencial,1,42
CUST-04529,2024-01-09,F,Pereira,presencial,0,34
CUST-04530,2023-11-20,F,Cartagena,social_media,0,29
CUST-04531,2024-03-14,F,Cúcuta,online,0,36
CUST-04532,2023-06-22,F,Cúcuta,social_media,0,44
CUST-04533,2023-01-05,M,Pereira,presencial,0,40
CUST-04534,2023-11-17,M,Cúcuta,presencial,1,26
CUST-04535,2023-09-10,F,Cali,presencial,0,42
CUST-04536,2023-08-15,F,Manizales,online,0,28
CUST-04537,2024-03-22,F,Cartagena,presencial,0,37
CUST-04538,2023-10-11,F,Medellín,presencial,0,31
CUST-04539,2024-01-04,M,Medellín,social_media,1,32
CUST-04540,2023-05-18,M,Barranquilla,online,0,42
CUST-04541,2023-12-06,M,Pereira,presencial,0,24
CUST-04542,2024-05-06,F,Cúcuta,social_media,0,54
CUST-04543,2024-04-18,F,Barranquilla,presencial,0,18
CUST-04544,2024-04-01,F,Santa Marta,social_media,0,29
CUST-04545,2024-01-03,M,Medellín,presencial,1,38
CUST-04546,2023-11-09,M,Bucaramanga,online,0,40
CUST-04547,2024-05-13,M,Barranquilla,online,1,33
CUST-04548,2024-07-18,F,Bucaramanga,social_media,0,34
CUST-04549,2023-04-22,M,Cúcuta,presencial,1,39
CUST-04550,2023-06-29,F,Santa Marta,online,0,32
CUST-04551,2023-03-25,M,Cúcuta,presencial,0,48
CUST-04552,2023-10-15,F,Santa Marta,online,0,43
CUST-04553,2023-05-24,F,Santa Marta,social_media,0,43
CUST-04554,2024-07-05,F,Santa Marta,online,0,25
CUST-04555,2023-07-21,F,Cali,presencial,1,34
CUST-04556,2023-09-27,M,Santa Marta,presencial,0,31
CUST-04557,2023-03-20,M,Cali,presencial,0,24
CUST-04558,2023-03-19,M,Cúcuta,social_media,0,38
CUST-04559,2023-01-20,F,Cali,social_media,0,29
CUST-04560,2024-06-03,M,Cartagena,presencial,1,41
CUST-04561,2023-02-01,F,Bucaramanga,presencial,0,24
CUST-04562,2024-08-18,M,Santa Marta,online,0,52
CUST-04563,2024-08-15,M,Bogotá,online,0,26
CUST-04564,2024-02-19,F,Manizales,online,0,37
CUST-04565,2024-08-27,F,Barranquilla,presencial,0,42
CUST-04566,2023-08-06,F,Cúcuta,online,0,29
CUST-04567,2023-02-07,M,Pereira,presencial,1,43
CUST-04568,2024-07-18,F,Bucaramanga,social_media,1,22
CUST-04569,2023-09-24,M,Bucaramanga,online,1,49
CUST-04570,2024-07-10,M,Pereira,presencial,1,35
CUST-04571,2024-07-06,M,Barranquilla,presencial,0,29
CUST-04572,2024-04-28,F,Bucaramanga,social_media,0,32
CUST-04573,2023-06-02,M,Cali,social_media,0,43
CUST-04574,2024-01-10,F,Cartagena,social_media,0,29
CUST-04575,2024-02-06,F,Medellín,social_media,0,27
CUST-04576,2023-08-17,M,Cali,online,0,32
CUST-04577,2024-08-26,M,Santa Marta,social_media,0,23
CUST-04578,2023-10-25,M,Bucaramanga,presencial,0,53
CUST-04579,2023-05-18,M,Cali,presencial,0,29
CUST-04580,2024-04-20,F,Medellín,presencial,0,43
CUST-04581,2024-05-28,F,Cartagena,presencial,1,37
CUST-04582,2024-06-06,F,Cúcuta,presencial,1,25
CUST-04583,2023-04-03,F,Cartagena,social_media,0,34
CUST-04584,2024-02-11,F,Bogotá,presencial,1,42
CUST-04585,2024-01-08,F,Cali,social_media,0,33
CUST-04586,2024-05-29,F,Pereira,social_media,0,46
CUST-04587,2023-01-11,F,Santa Marta,social_media,0,45
CUST-04588,2023-09-02,F,Cartagena,social_media,0,44
CUST-04589,2023-06-19,M,Barranquilla,online,0,30
CUST-04590,2024-06-10,M,Cali,online,0,24
CUST-04591,2023-05-24,F,Cúcuta,online,1,28
CUST-04592,2024-04-01,F,Santa Marta,online,1,36
CUST-04593,2023-06-13,M,Pereira,online,0,40
CUST-04594,2023-07-03,M,Pereira,presencial,0,18
CUST-04595,2024-08-02,M,Manizales,online,0,34
CUST-04596,2024-08-02,F,Cúcuta,presencial,1,36
CUST-04597,2023-05-30,M,Bogotá,presencial,0,32
CUST-04598,2024-05-10,M,Barranquilla,social_media,0,47
CUST-04599,2024-01-03,M,Cartagena,social_media,1,39
CUST-04600,2023-02-11,M,Cartagena,social_media,0,48
CUST-04601,2023-08-13,M,Bogotá,online,0,32
CUST-04602,2024-05-14,F,Cali,presencial,1,44
CUST-04603,2023-08-26,M,Medellín,online,0,51
CUST-04604,2023-03-06,F,Pereira,social_media,0,48
CUST-04605,2023-09-28,M,Cartagena,social_media,0,24
CUST-04606,2024-01-14,M,Cali,presencial,0,32
CUST-04607,2023-08-28,M,Manizales,presencial,1,31
CUST-04608,2023-02-13,M,Bogotá,social_media,0,39
CUST-04609,2023-07-31,M,Bogotá,online,1,41
CUST-04610,2024-06-14,F,Bucaramanga,online,0,26
CUST-04611,2024-01-05,F,Bogotá,presencial,0,35
CUST-04612,2024-02-02,F,Barranquilla,social_media,0,18
CUST-04613,2024-04-25,F,Bucaramanga,online,1,49
CUST-04614,2024-04-10,F,Bogotá,presencial,0,29
CUST-04615,2023-02-17,F,Santa Marta,presencial,0,35
CUST-04616,2023-02-10,F,Barranquilla,presencial,0,31
CUST-04617,2023-11-28,M,Santa Marta,online,1,46
CUST-04618,2023-04-16,F,Santa Marta,presencial,1,18
CUST-04619,2024-06-17,M,Bucaramanga,online,0,34
CUST-04620,2023-10-08,M,Pereira,presencial,0,33
CUST-04621,2023-09-27,F,Bogotá,online,0,30
CUST-04622,2024-08-15,M,Cartagena,social_media,0,52
CUST-04623,2024-07-11,M,Cali,online,0,26
CUST-04624,2024-08-06,F,Cúcuta,social_media,0,42
CUST-04625,2023-06-28,M,Cúcuta,presencial,1,38
CUST-04626,2024-01-21,F,Bucaramanga,online,0,47
CUST-04627,2024-01-23,M,Barranquilla,presencial,0,28
CUST-04628,2024-01-10,F,Santa Marta,social_media,1,27
CUST-04629,2024-08-24,M,Pereira,presencial,1,45
CUST-04630,2023-03-21,F,Barranquilla,presencial,0,39
CUST-04631,2024-06-13,M,Bucaramanga,presencial,0,19
CUST-04632,2023-09-15,F,Medellín,social_media,0,29
CUST-04633,2024-01-21,M,Cali,social_media,0,38
CUST-04634,2023-08-17,M,Pereira,online,0,43
CUST-04635,2024-06-12,F,Barranquilla,online,1,28
CUST-04636,2024-02-20,M,Cúcuta,online,0,18
CUST-04637,2023-12-28,F,Pereira,online,1,40
CUST-04638,2023-12-20,M,Santa Marta,presencial,0,22
CUST-04639,2024-05-13,M,Cartagena,social_media,0,18
CUST-04640,2024-05-08,F,Bogotá,social_media,0,18
CUST-04641,2023-01-07,M,Cartagena,presencial,1,43
CUST-04642,2024-05-28,F,Bucaramanga,online,0,36
CUST-04643,2023-05-23,M,Medellín,social_media,0,32
CUST-04644,2024-03-26,M,Manizales,presencial,0,48
CUST-04645,2023-06-19,M,Medellín,presencial,0,41
CUST-04646,2023-08-24,M,Santa Marta,online,0,51
CUST-04647,2023-03-20,F,Medellín,online,0,21
CUST-04648,2024-06-10,F,Cali,social_media,0,34
CUST-04649,2023-10-15,M,Manizales,social_media,0,18
CUST-04650,2023-08-05,M,Bucaramanga,online,0,32
CUST-04651,2023-06-03,F,Bogotá,social_media,1,32
CUST-04652,2023-07-11,M,Barranquilla,online,0,41
CUST-04653,2023-06-11,F,Cartagena,presencial,1,35
CUST-04654,2024-01-06,M,Cali,presencial,0,41
CUST-04655,2023-05-02,M,Bogotá,presencial,0,42
CUST-04656,2023-08-24,F,Cali,social_media,0,56
CUST-04657,2024-02-29,M,Santa Marta,online,0,31
CUST-04658,2023-12-05,F,Medellín,presencial,0,25
CUST-04659,2023-04-27,F,Bogotá,presencial,0,37
CUST-04660,2024-05-08,F,Pereira,social_media,0,26
CUST-04661,2024-05-05,F,Pereira,social_media,0,49
CUST-04662,2024-05-05,F,Cartagena,presencial,0,32
CUST-04663,2023-08-04,F,Medellín,social_media,0,29
CUST-04664,2024-08-27,M,Bogotá,social_media,0,30
CUST-04665,2023-06-15,F,Cartagena,social_media,0,42
CUST-04666,2024-02-25,F,Cúcuta,social_media,0,33
CUST-04667,2023-01-23,M,Barranquilla,online,0,28
CUST-04668,2023-09-07,F,Santa Marta,social_media,0,51
CUST-04669,2023-02-14,M,Cartagena,social_media,0,26
CUST-04670,2023-05-11,F,Cúcuta,online,0,35
CUST-04671,2024-08-10,F,Medellín,social_media,0,41
CUST-04672,2024-08-29,F,Barranquilla,social_media,0,18
CUST-04673,2023-06-14,M,Santa Marta,presencial,1,39
CUST-04674,2023-05-18,M,Manizales,presencial,0,24
CUST-04675,2024-06-08,F,Cali,presencial,0,43
CUST-04676,2023-02-10,F,Manizales,online,0,25
CUST-04677,2024-08-09,M,Medellín,social_media,1,41
CUST-04678,2023-05-31,M,Cali,online,1,46
CUST-04679,2023-02-27,M,Cartagena,online,0,43
CUST-04680,2023-06-20,F,Cúcuta,social_media,0,37
CUST-04681,2023-09-22,M,Cúcuta,social_media,0,32
CUST-04682,2023-07-04,M,Manizales,presencial,0,29
CUST-04683,2024-06-13,M,Bogotá,social_media,0,49
CUST-04684,2024-02-20,M,Barranquilla,online,0,28
CUST-04685,2024-07-31,M,Bogotá,presencial,0,24
CUST-04686,2023-01-20,M,Bogotá,online,1,41
CUST-04687,2023-10-18,M,Cartagena,social_media,1,27
CUST-04688,2023-03-29,F,Bucaramanga,presencial,0,25
CUST-04689,2023-08-10,M,Bogotá,social_media,1,20
CUST-04690,2024-04-04,F,Bucaramanga,presencial,0,30
CUST-04691,2024-04-27,F,Cartagena,presencial,0,34
CUST-04692,2024-05-08,M,Barranquilla,presencial,0,37
CUST-04693,2023-06-24,F,Cúcuta,social_media,1,44
CUST-04694,2023-08-13,F,Cartagena,presencial,0,40
CUST-04695,2024-02-25,M,Manizales,presencial,1,33
CUST-04696,2023-05-27,F,Santa Marta,social_media,0,33
CUST-04697,2024-08-19,M,Medellín,online,1,40
CUST-04698,2023-07-06,M,Bucaramanga,social_media,1,47
CUST-04699,2024-06-07,M,Cali,social_media,1,36
CUST-04700,2023-09-28,M,Medellín,presencial,1,30
CUST-04701,2023-06-21,M,Bogotá,social_media,0,25
CUST-04702,2023-12-17,M,Barranquilla,social_media,0,20
CUST-04703,2024-04-09,M,Manizales,social_media,0,41
CUST-04704,2024-08-27,F,Cali,presencial,0,40
CUST-04705,2023-03-12,M,Cartagena,social_media,1,40
CUST-04706,2023-08-24,F,Cúcuta,presencial,0,33
CUST-04707,2024-01-23,M,Cartagena,social_media,1,49
CUST-04708,2024-01-30,M,Cartagena,presencial,1,30
CUST-04709,2023-05-16,M,Santa Marta,presencial,0,44
CUST-04710,2023-04-22,F,Manizales,social_media,0,34
CUST-04711,2023-01-17,F,Manizales,online,0,28
CUST-04712,2023-07-27,F,Bogotá,social_media,1,40
CUST-04713,2024-06-19,F,Bogotá,online,0,39
CUST-04714,2024-05-31,F,Medellín,presencial,0,38
CUST-04715,2024-03-05,F,Manizales,online,0,35
CUST-04716,2023-06-03,M,Cúcuta,online,0,34
CUST-04717,2023-04-09,M,Bogotá,presencial,0,58
CUST-04718,2023-07-01,F,Barranquilla,online,1,46
CUST-04719,2024-05-02,F,Santa Marta,social_media,0,42
CUST-04720,2023-02-09,F,Medellín,online,0,36
CUST-04721,2024-06-28,F,Cali,presencial,0,45
CUST-04722,2024-05-30,F,Bucaramanga,online,0,40
CUST-04723,2023-05-01,M,Cúcuta,presencial,0,35
CUST-04724,2023-04-06,M,Cali,presencial,0,31
CUST-04725,2024-05-08,M,Barranquilla,social_media,0,34
CUST-04726,2023-05-14,M,Santa Marta,presencial,0,18
CUST-04727,2024-07-06,M,Santa Marta,online,0,37
CUST-04728,2023-01-02,M,Cúcuta,social_media,0,30
CUST-04729,2024-03-17,M,Cartagena,social_media,0,50
CUST-04730,2024-06-18,M,Pereira,online,1,35
CUST-04731,2024-03-06,F,Santa Marta,online,0,23
CUST-04732,2024-01-15,F,Manizales,social_media,0,34
CUST-04733,2023-02-14,M,Pereira,presencial,1,24
CUST-04734,2024-06-26,M,Manizales,social_media,0,39
CUST-04735,2024-03-15,M,Cartagena,social_media,0,37
CUST-04736,2023-08-23,F,Cartagena,social_media,0,44
CUST-04737,2024-05-08,F,Cartagena,presencial,0,27
CUST-04738,2024-01-26,M,Bogotá,online,0,35
CUST-04739,2023-12-25,F,Bucaramanga,online,1,21
CUST-04740,2024-08-26,M,Cartagena,online,0,42
CUST-04741,2024-08-12,M,Manizales,presencial,0,40
CUST-04742,2023-04-11,M,Manizales,presencial,0,39
CUST-04743,2024-03-11,M,Medellín,online,1,35
CUST-04744,2023-05-18,M,Bucaramanga,online,0,39
CUST-04745,2023-09-18,F,Cúcuta,online,1,51
CUST-04746,2024-05-03,M,Cúcuta,online,0,32
CUST-04747,2023-08-27,M,Bucaramanga,presencial,0,36
CUST-04748,2023-03-27,M,Cali,online,0,24
CUST-04749,2023-10-18,M,Bogotá,social_media,1,26
CUST-04750,2024-07-10,F,Pereira,online,0,35
CUST-04751,2024-02-23,M,Cúcuta,presencial,1,46
CUST-04752,2023-09-21,M,Cartagena,social_media,0,32
CUST-04753,2023-07-13,F,Cúcuta,social_media,1,32
CUST-04754,2023-01-06,M,Cartagena,social_media,1,30
CUST-04755,2023-01-08,M,Manizales,presencial,0,29
CUST-04756,2024-08-14,M,Cartagena,online,1,37
CUST-04757,2024-06-19,M,Cartagena,presencial,1,20
CUST-04758,2023-05-01,F,Bogotá,presencial,0,47
CUST-04759,2024-06-16,M,Medellín,social_media,1,28
CUST-04760,2023-01-08,M,Cartagena,social_media,0,42
CUST-04761,2024-01-20,F,Pereira,presencial,1,22
CUST-04762,2023-07-30,M,Cali,social_media,0,41
CUST-04763,2023-11-20,M,Bogotá,presencial,0,41
CUST-04764,2024-02-23,F,Medellín,social_media,1,38
CUST-04765,2024-01-06,M,Cali,online,0,25
CUST-04766,2023-04-20,F,Santa Marta,online,0,37
CUST-04767,2023-06-08,M,Manizales,online,0,23
CUST-04768,2024-03-12,F,Barranquilla,social_media,1,32
CUST-04769,2024-08-22,M,Manizales,social_media,0,45
CUST-04770,2023-09-17,M,Santa Marta,online,0,42
CUST-04771,2023-09-25,F,Cali,presencial,0,35
CUST-04772,2024-07-02,M,Bucaramanga,presencial,0,25
CUST-04773,2024-03-09,F,Manizales,online,0,41
CUST-04774,2024-08-01,F,Cúcuta,social_media,0,35
CUST-04775,2024-01-10,F,Pereira,presencial,0,18
CUST-04776,2023-10-10,F,Santa Marta,presencial,1,42
CUST-04777,2024-02-11,M,Pereira,presencial,1,34
CUST-04778,2023-07-28,F,Bogotá,social_media,1,47
CUST-04779,2024-02-28,M,Santa Marta,presencial,1,24
CUST-04780,2024-07-19,M,Cartagena,presencial,0,18
CUST-04781,2024-07-24,F,Bucaramanga,online,0,37
CUST-04782,2024-05-09,F,Medellín,social_media,1,37
CUST-04783,2023-07-03,M,Medellín,online,0,18
CUST-04784,2024-01-15,F,Barranquilla,presencial,0,25
CUST-04785,2024-07-26,M,Barranquilla,social_media,0,62
CUST-04786,2024-07-22,F,Cartagena,social_media,0,31
CUST-04787,2024-05-10,M,Pereira,online,0,42
CUST-04788,2023-09-17,M,Bogotá,online,0,28
CUST-04789,2023-11-11,F,Cúcuta,social_media,1,18
CUST-04790,2024-08-14,M,Barranquilla,social_media,0,33
CUST-04791,2023-12-19,M,Santa Marta,online,0,32
CUST-04792,2024-02-12,F,Manizales,presencial,0,31
CUST-04793,2023-05-22,F,Cali,social_media,1,33
CUST-04794,2023-05-02,F,Bucaramanga,presencial,0,37
CUST-04795,2023-08-24,F,Santa Marta,online,0,33
CUST-04796,2024-04-02,F,Manizales,social_media,0,22
CUST-04797,2023-06-15,M,Pereira,online,0,39
CUST-04798,2023-04-13,M,Pereira,social_media,0,18
CUST-04799,2023-08-08,F,Bogotá,social_media,0,18
CUST-04800,2024-06-04,M,Cartagena,online,0,42
CUST-04801,2024-02-15,M,Pereira,online,0,40
CUST-04802,2023-12-13,M,Medellín,presencial,0,34
CUST-04803,2024-07-17,M,Bucaramanga,online,0,21
CUST-04804,2023-02-23,M,Medellín,online,0,27
CUST-04805,2023-06-14,F,Cali,presencial,1,32
CUST-04806,2024-02-03,F,Bogotá,online,1,19
CUST-04807,2023-01-06,M,Cali,presencial,0,27
CUST-04808,2023-04-04,M,Pereira,presencial,0,41
CUST-04809,2023-05-29,F,Cartagena,online,1,49
CUST-04810,2024-04-27,F,Barranquilla,presencial,1,30
CUST-04811,2024-03-21,F,Manizales,presencial,1,42
CUST-04812,2023-04-01,F,Manizales,presencial,0,18
CUST-04813,2023-03-07,M,Bogotá,online,0,41
CUST-04814,2023-09-27,F,Santa Marta,online,1,26
CUST-04815,2023-08-16,F,Santa Marta,presencial,0,38
CUST-04816,2024-01-15,M,Medellín,online,0,32
CUST-04817,2023-03-23,F,Medellín,social_media,1,48
CUST-04818,2023-02-08,F,Manizales,presencial,1,26
CUST-04819,2024-01-29,F,Bucaramanga,social_media,1,41
CUST-04820,2024-02-15,F,Cali,online,0,32
CUST-04821,2024-06-17,F,Medellín,social_media,0,33
CUST-04822,2023-10-21,M,Cartagena,online,0,33
CUST-04823,2023-02-28,M,Manizales,online,1,26
CUST-04824,2023-06-29,M,Bucaramanga,presencial,0,34
CUST-04825,2024-05-21,M,Cali,social_media,0,34
CUST-04826,2024-03-25,M,Santa Marta,presencial,1,37
CUST-04827,2023-01-11,F,Manizales,social_media,0,35
CUST-04828,2023-07-26,F,Cúcuta,online,1,42
CUST-04829,2024-06-14,F,Bucaramanga,online,0,44
CUST-04830,2023-10-20,F,Bogotá,presencial,0,24
CUST-04831,2023-07-19,F,Medellín,social_media,0,43
CUST-04832,2023-02-04,F,Barranquilla,social_media,0,23
CUST-04833,2024-06-06,F,Medellín,online,0,40
CUST-04834,2024-06-12,F,Cali,presencial,0,41
CUST-04835,2023-08-26,F,Manizales,online,0,18
CUST-04836,2023-06-23,F,Santa Marta,online,0,35
CUST-04837,2023-02-06,F,Bucaramanga,presencial,0,30
CUST-04838,2024-01-04,F,Barranquilla,social_media,1,27
CUST-04839,2023-09-02,F,Medellín,social_media,1,48
CUST-04840,2023-01-01,M,Pereira,online,0,28
CUST-04841,2023-06-11,F,Cúcuta,social_media,0,26
CUST-04842,2023-03-30,M,Pereira,presencial,1,35
CUST-04843,2023-10-10,F,Cúcuta,social_media,0,41
CUST-04844,2024-02-14,F,Santa Marta,social_media,1,33
CUST-04845,2023-12-28,F,Cartagena,online,0,46
CUST-04846,2024-02-09,M,Cúcuta,social_media,0,40
CUST-04847,2024-02-20,M,Barranquilla,presencial,1,18
CUST-04848,2024-08-23,F,Cúcuta,online,0,29
CUST-04849,2023-07-25,F,Bucaramanga,presencial,0,29
CUST-04850,2024-06-14,F,Medellín,social_media,0,39
CUST-04851,2023-01-16,F,Medellín,social_media,0,18
CUST-04852,2023-03-12,M,Santa Marta,online,1,60
CUST-04853,2023-04-03,M,Pereira,presencial,0,40
CUST-04854,2024-07-16,F,Pereira,social_media,0,36
CUST-04855,2023-10-19,M,Cartagena,social_media,1,46
CUST-04856,2024-07-26,M,Pereira,online,0,58
CUST-04857,2024-08-19,F,Santa Marta,social_media,0,43
CUST-04858,2023-12-23,F,Cúcuta,social_media,0,44
CUST-04859,2023-12-22,F,Cartagena,social_media,1,36
CUST-04860,2023-10-11,M,Santa Marta,presencial,0,33
CUST-04861,2023-08-20,F,Bogotá,presencial,1,30
CUST-04862,2023-07-19,M,Cali,presencial,0,26
CUST-04863,2024-04-10,F,Pereira,social_media,0,28
CUST-04864,2024-02-18,F,Barranquilla,online,1,21
CUST-04865,2024-08-11,M,Medellín,online,0,34
CUST-04866,2023-01-05,M,Cali,online,0,18
CUST-04867,2023-09-25,M,Pereira,presencial,1,36
CUST-04868,2023-06-29,M,Manizales,presencial,0,34
CUST-04869,2024-02-21,M,Santa Marta,presencial,1,36
CUST-04870,2024-06-02,M,Bucaramanga,presencial,0,29
CUST-04871,2023-04-20,F,Cúcuta,social_media,0,65
CUST-04872,2024-07-26,M,Santa Marta,online,0,48
CUST-04873,2023-03-16,M,Barranquilla,online,1,22
CUST-04874,2024-05-30,F,Cartagena,presencial,0,37
CUST-04875,2023-10-29,M,Bogotá,online,0,28
CUST-04876,2023-12-15,M,Santa Marta,online,0,24
CUST-04877,2023-04-30,F,Santa Marta,presencial,1,21
CUST-04878,2024-06-09,F,Santa Marta,presencial,1,39
CUST-04879,2023-09-21,F,Cali,presencial,1,28
CUST-04880,2024-07-04,M,Cúcuta,presencial,1,44
CUST-04881,2024-08-11,F,Cúcuta,social_media,0,44
CUST-04882,2023-09-14,M,Cúcuta,online,1,48
CUST-04883,2024-03-29,F,Manizales,social_media,0,26
CUST-04884,2024-01-22,M,Cali,online,1,39
CUST-04885,2024-07-30,F,Bucaramanga,social_media,0,41
CUST-04886,2024-05-10,F,Cartagena,presencial,0,30
CUST-04887,2023-09-07,F,Manizales,social_media,0,27
CUST-04888,2023-12-14,M,Cali,presencial,1,51
CUST-04889,2024-04-14,M,Bogotá,presencial,1,37
CUST-04890,2024-04-16,F,Santa Marta,social_media,0,41
CUST-04891,2024-08-23,F,Cúcuta,online,0,26
CUST-04892,2023-01-29,F,Santa Marta,social_media,1,22
CUST-04893,2024-05-08,F,Cali,presencial,0,29
CUST-04894,2023-04-30,M,Medellín,presencial,0,33
CUST-04895,2023-09-22,F,Barranquilla,online,1,24
CUST-04896,2023-03-11,F,Manizales,online,1,34
CUST-04897,2024-01-27,M,Bucaramanga,online,0,18
CUST-04898,2023-08-14,M,Cúcuta,presencial,0,23
CUST-04899,2023-08-24,F,Bogotá,social_media,0,41
CUST-04900,2023-11-20,F,Manizales,online,0,41
CUST-04901,2024-02-27,M,Cartagena,presencial,0,31
CUST-04902,2023-12-28,M,Bucaramanga,social_media,1,24
CUST-04903,2024-06-12,F,Cartagena,online,0,24
CUST-04904,2024-07-02,M,Cúcuta,social_media,0,31
CUST-04905,2023-01-10,M,Cartagena,social_media,0,41
CUST-04906,2023-09-27,F,Cali,presencial,0,44
CUST-04907,2023-09-12,F,Barranquilla,presencial,0,30
CUST-04908,2023-10-22,M,Cartagena,presencial,1,23
CUST-04909,2023-04-06,F,Medellín,social_media,0,37
CUST-04910,2024-02-13,F,Bucaramanga,online,1,26
CUST-04911,2023-12-17,F,Medellín,online,0,29
CUST-04912,2023-03-19,F,Barranquilla,online,0,48
CUST-04913,2024-07-21,F,Bogotá,presencial,0,43
CUST-04914,2023-07-02,M,Barranquilla,online,0,36
CUST-04915,2024-05-02,M,Pereira,online,0,22
CUST-04916,2023-11-18,F,Manizales,presencial,0,37
CUST-04917,2023-12-29,F,Medellín,online,0,45
CUST-04918,2023-08-12,F,Cali,online,0,31
CUST-04919,2024-08-10,M,Bogotá,online,0,48
CUST-04920,2023-10-03,M,Pereira,social_media,0,47
CUST-04921,2023-07-07,M,Barranquilla,social_media,0,51
CUST-04922,2023-07-14,M,Cúcuta,presencial,0,38
CUST-04923,2024-05-25,F,Manizales,presencial,0,40
CUST-04924,2023-07-24,F,Cartagena,social_media,0,49
CUST-04925,2023-08-29,M,Santa Marta,presencial,0,39
CUST-04926,2023-09-05,M,Bucaramanga,presencial,1,29
CUST-04927,2023-09-29,F,Cúcuta,online,0,30
CUST-04928,2023-07-31,F,Medellín,presencial,0,37
CUST-04929,2023-08-23,F,Bogotá,presencial,1,22
CUST-04930,2023-07-27,F,Bogotá,online,0,33
CUST-04931,2023-09-13,F,Santa Marta,online,0,45
CUST-04932,2023-12-31,M,Bogotá,social_media,1,18
CUST-04933,2023-06-09,F,Cali,presencial,0,50
CUST-04934,2023-04-20,M,Medellín,online,0,46
CUST-04935,2023-05-03,M,Barranquilla,presencial,1,30
CUST-04936,2023-03-22,F,Bogotá,presencial,0,40
CUST-04937,2024-05-19,M,Bogotá,social_media,0,35
CUST-04938,2023-01-07,M,Barranquilla,social_media,0,47
CUST-04939,2024-07-08,F,Barranquilla,social_media,1,44
CUST-04940,2023-02-13,M,Pereira,social_media,0,20
CUST-04941,2024-05-08,F,Manizales,social_media,1,40
CUST-04942,2024-01-16,F,Manizales,online,0,32
CUST-04943,2023-11-19,M,Manizales,social_media,0,35
CUST-04944,2024-05-19,F,Santa Marta,online,0,27
CUST-04945,2024-08-11,F,Bogotá,social_media,0,52
CUST-04946,2023-10-09,M,Santa Marta,online,1,45
CUST-04947,2024-05-17,F,Cúcuta,presencial,0,27
CUST-04948,2023-07-07,M,Manizales,social_media,0,21
CUST-04949,2024-06-07,M,Bogotá,online,0,31
CUST-04950,2023-10-14,F,Pereira,social_media,1,39
CUST-04951,2024-02-12,M,Santa Marta,online,0,37
CUST-04952,2023-08-16,F,Barranquilla,online,0,47
CUST-04953,2024-08-13,M,Santa Marta,social_media,1,42
CUST-04954,2023-05-12,F,Bogotá,online,0,44
CUST-04955,2023-02-25,F,Santa Marta,presencial,0,38
CUST-04956,2024-06-22,M,Bucaramanga,social_media,1,21
CUST-04957,2024-03-09,M,Barranquilla,presencial,0,33
CUST-04958,2024-05-04,F,Cartagena,online,1,45
CUST-04959,2024-07-07,F,Pereira,online,0,34
CUST-04960,2023-02-03,M,Cúcuta,social_media,0,40
CUST-04961,2024-05-29,F,Barranquilla,presencial,0,31
CUST-04962,2023-12-22,F,Manizales,presencial,0,24
CUST-04963,2024-02-08,M,Cali,social_media,0,33
CUST-04964,2023-06-28,M,Medellín,presencial,0,38
CUST-04965,2024-04-13,F,Bogotá,social_media,0,28
CUST-04966,2023-05-04,M,Bucaramanga,social_media,0,32
CUST-04967,2024-06-14,M,Medellín,online,0,25
CUST-04968,2024-04-16,F,Manizales,online,0,46
CUST-04969,2023-11-20,M,Cúcuta,presencial,0,32
CUST-04970,2023-01-09,M,Barranquilla,social_media,0,49
CUST-04971,2023-01-13,F,Santa Marta,social_media,1,50
CUST-04972,2023-08-04,M,Barranquilla,social_media,0,34
CUST-04973,2024-01-24,F,Barranquilla,social_media,1,24
CUST-04974,2024-08-17,M,Manizales,online,0,18
CUST-04975,2023-04-14,M,Manizales,presencial,0,20
CUST-04976,2023-11-30,F,Cartagena,online,0,21
CUST-04977,2024-01-06,M,Cali,social_media,0,48
CUST-04978,2023-09-23,M,Medellín,presencial,1,36
CUST-04979,2023-07-11,M,Santa Marta,presencial,0,38
CUST-04980,2024-07-15,M,Santa Marta,social_media,0,18
CUST-04981,2023-09-27,M,Cartagena,social_media,0,23
CUST-04982,2023-08-31,M,Manizales,online,1,43
CUST-04983,2023-10-03,F,Pereira,online,0,37
CUST-04984,2024-04-27,M,Cali,social_media,0,33
CUST-04985,2023-12-18,M,Cartagena,social_media,1,40
CUST-04986,2024-01-10,F,Santa Marta,online,1,51
CUST-04987,2023-07-08,F,Barranquilla,presencial,0,32
CUST-04988,2024-05-25,F,Cali,presencial,0,35
CUST-04989,2024-03-10,M,Pereira,presencial,0,36
CUST-04990,2023-08-04,F,Manizales,online,0,58
CUST-04991,2024-03-05,F,Cartagena,social_media,0,18
CUST-04992,2024-01-17,M,Manizales,presencial,1,41
CUST-04993,2024-01-09,F,Cartagena,social_media,0,33
CUST-04994,2024-02-15,M,Santa Marta,online,1,40
CUST-04995,2023-10-14,M,Pereira,online,0,28
CUST-04996,2024-04-06,M,Cartagena,social_media,1,34
CUST-04997,2023-07-04,M,Santa Marta,social_media,0,42
CUST-04998,2024-08-08,M,Cartagena,social_media,1,66
CUST-04999,2023-05-15,F,Manizales,social_media,0,43
CUST-05000,2024-08-12,M,Barranquilla,presencial,0,26
CUST-05001,2023-08-23,F,Santa Marta,social_media,0,30
CUST-05002,2023-04-13,M,Bucaramanga,presencial,1,30
CUST-05003,2023-10-04,F,Bucaramanga,online,0,18
CUST-05004,2023-08-30,M,Cali,presencial,1,31
CUST-05005,2024-07-22,M,Cali,social_media,0,42
CUST-05006,2024-03-18,M,Barranquilla,presencial,1,22
CUST-05007,2024-01-26,F,Bogotá,online,1,45
CUST-05008,2023-07-20,F,Bucaramanga,social_media,0,39
CUST-05009,2023-05-30,F,Bogotá,online,0,27
CUST-05010,2023-06-03,M,Barranquilla,online,0,33
CUST-05011,2024-04-29,M,Pereira,social_media,0,50
CUST-05012,2023-01-10,F,Bucaramanga,presencial,0,42
CUST-05013,2023-06-30,M,Manizales,online,0,35
CUST-05014,2024-03-07,F,Barranquilla,social_media,0,32
CUST-05015,2024-05-26,M,Santa Marta,online,0,35
CUST-05016,2023-05-18,F,Cúcuta,presencial,0,29
CUST-05017,2024-06-13,F,Manizales,online,0,18
CUST-05018,2024-06-30,M,Cartagena,online,0,55
CUST-05019,2023-11-20,F,Bucaramanga,online,1,36
CUST-05020,2024-05-13,M,Cartagena,online,0,38
CUST-05021,2023-11-04,M,Bucaramanga,presencial,0,34
CUST-05022,2023-09-14,M,Bogotá,social_media,0,27
CUST-05023,2024-07-29,F,Barranquilla,online,0,33
CUST-05024,2024-08-04,F,Santa Marta,presencial,0,19
CUST-05025,2023-02-18,F,Barranquilla,online,0,57
CUST-05026,2024-02-12,M,Medellín,online,0,22
CUST-05027,2023-04-12,M,Bucaramanga,online,0,24
CUST-05028,2023-06-17,F,Medellín,presencial,0,30
CUST-05029,2023-03-03,M,Cali,online,0,47
CUST-05030,2023-08-09,M,Pereira,online,1,35
CUST-05031,2023-09-18,F,Barranquilla,social_media,0,22
CUST-05032,2024-05-02,F,Bogotá,presencial,0,47
CUST-05033,2023-04-09,M,Santa Marta,social_media,0,42
CUST-05034,2024-04-05,M,Bucaramanga,social_media,1,40
CUST-05035,2023-12-09,F,Santa Marta,social_media,0,42
CUST-05036,2023-09-24,F,Cali,social_media,0,58
CUST-05037,2024-01-05,M,Cartagena,online,0,56
CUST-05038,2024-01-04,M,Santa Marta,social_media,1,28
CUST-05039,2024-07-27,M,Bucaramanga,presencial,0,51
CUST-05040,2024-07-24,F,Medellín,online,0,38
CUST-05041,2023-09-21,M,Bogotá,social_media,0,39
CUST-05042,2023-12-19,M,Santa Marta,social_media,0,18
CUST-05043,2023-01-21,M,Bogotá,presencial,0,33
CUST-05044,2024-02-26,M,Cartagena,presencial,0,26
CUST-05045,2023-05-05,M,Bogotá,social_media,1,43
CUST-05046,2023-12-26,M,Cartagena,social_media,0,45
CUST-05047,2023-07-23,F,Cartagena,social_media,1,18
CUST-05048,2024-08-13,F,Pereira,social_media,0,34
CUST-05049,2024-08-12,F,Pereira,social_media,0,46
CUST-05050,2024-07-05,M,Cúcuta,presencial,0,33
CUST-05051,2023-06-28,F,Bogotá,presencial,0,42
CUST-05052,2023-10-19,M,Santa Marta,online,1,38
CUST-05053,2023-12-30,M,Bogotá,online,0,38
CUST-05054,2023-11-29,M,Cartagena,presencial,1,32
CUST-05055,2024-06-06,M,Pereira,online,0,22
CUST-05056,2024-05-14,M,Manizales,social_media,0,23
CUST-05057,2024-04-02,F,Medellín,online,0,42
CUST-05058,2023-03-22,F,Bogotá,social_media,1,35
CUST-05059,2024-01-26,F,Barranquilla,social_media,0,33
CUST-05060,2023-10-21,M,Barranquilla,online,1,30
CUST-05061,2024-04-19,F,Cúcuta,online,1,31
CUST-05062,2023-05-29,M,Bucaramanga,social_media,0,45
CUST-05063,2023-06-21,F,Bogotá,presencial,1,31
CUST-05064,2023-12-12,F,Bogotá,online,0,21
CUST-05065,2024-03-07,F,Cali,online,1,42
CUST-05066,2024-08-08,F,Cartagena,presencial,1,32
CUST-05067,2024-02-19,F,Bucaramanga,online,0,35
CUST-05068,2023-03-15,F,Cartagena,social_media,0,51
CUST-05069,2023-03-23,M,Cartagena,presencial,1,34
CUST-05070,2023-06-15,M,Santa Marta,presencial,0,37
CUST-05071,2023-12-18,M,Medellín,social_media,0,23
CUST-05072,2023-08-22,M,Bogotá,social_media,0,32
CUST-05073,2023-11-18,M,Bucaramanga,social_media,0,41
CUST-05074,2023-11-21,F,Santa Marta,presencial,1,19
CUST-05075,2023-10-26,M,Pereira,social_media,0,37
CUST-05076,2023-10-01,M,Manizales,online,1,36
CUST-05077,2024-02-09,M,Cartagena,online,0,35
CUST-05078,2023-10-05,M,Cúcuta,social_media,0,45
CUST-05079,2024-03-31,M,Barranquilla,online,0,38
CUST-05080,2024-01-07,M,Bucaramanga,online,1,49
CUST-05081,2024-08-24,M,Cali,presencial,0,25
CUST-05082,2024-06-17,M,Bogotá,social_media,0,36
CUST-05083,2024-04-06,M,Barranquilla,online,1,35
CUST-05084,2024-02-28,F,Santa Marta,social_media,1,24
CUST-05085,2023-06-21,M,Barranquilla,social_media,1,44
CUST-05086,2023-07-08,M,Bogotá,online,1,58
CUST-05087,2023-01-24,F,Barranquilla,online,1,34
CUST-05088,2023-05-09,F,Pereira,presencial,1,40
CUST-05089,2023-08-29,M,Cali,presencial,0,35
CUST-05090,2023-09-15,M,Cúcuta,presencial,0,27
CUST-05091,2023-03-23,M,Bucaramanga,online,0,18
CUST-05092,2023-08-04,F,Bogotá,presencial,1,27
CUST-05093,2023-06-20,M,Barranquilla,social_media,0,21
CUST-05094,2024-02-11,F,Cali,presencial,1,52
CUST-05095,2023-04-16,F,Bogotá,presencial,0,33
CUST-05096,2023-04-08,F,Cali,presencial,1,31
CUST-05097,2023-03-07,F,Barranquilla,social_media,0,43
CUST-05098,2024-04-29,F,Cartagena,social_media,1,23
CUST-05099,2024-07-15,M,Bucaramanga,online,0,27
CUST-05100,2023-02-25,M,Medellín,presencial,1,35
CUST-05101,2023-01-27,F,Medellín,social_media,0,45
CUST-05102,2024-02-11,F,Bucaramanga,social_media,0,40
CUST-05103,2024-06-20,F,Cartagena,social_media,0,37
CUST-05104,2023-03-27,F,Bogotá,online,0,35
CUST-05105,2023-04-17,M,Cali,online,0,39
CUST-05106,2023-09-26,F,Cartagena,online,1,37
CUST-05107,2023-06-09,F,Medellín,presencial,0,24
CUST-05108,2023-03-28,M,Bogotá,social_media,0,35
CUST-05109,2024-02-04,M,Santa Marta,online,0,24
CUST-05110,2023-11-13,M,Cartagena,online,0,35
CUST-05111,2023-08-23,M,Medellín,social_media,1,30
CUST-05112,2023-09-11,F,Cúcuta,social_media,0,60
CUST-05113,2023-10-18,F,Barranquilla,presencial,1,34
CUST-05114,2024-03-29,F,Cali,presencial,1,20
CUST-05115,2023-05-10,F,Pereira,presencial,1,33
CUST-05116,2023-05-15,F,Bogotá,online,0,40
CUST-05117,2024-06-23,F,Cúcuta,online,1,51
CUST-05118,2023-06-24,F,Barranquilla,social_media,0,29
CUST-05119,2023-01-30,F,Pereira,presencial,0,19
CUST-05120,2023-02-05,F,Cúcuta,social_media,0,43
CUST-05121,2024-01-01,M,Cartagena,presencial,0,21
CUST-05122,2023-11-30,F,Barranquilla,presencial,1,30
CUST-05123,2024-05-02,M,Barranquilla,presencial,0,32
CUST-05124,2024-04-23,M,Medellín,presencial,1,34
CUST-05125,2024-07-07,M,Manizales,social_media,0,41
CUST-05126,2023-10-06,M,Barranquilla,social_media,1,28
CUST-05127,2024-07-15,F,Medellín,online,0,32
CUST-05128,2024-03-31,M,Santa Marta,presencial,1,34
CUST-05129,2023-05-19,M,Cúcuta,social_media,1,36
CUST-05130,2024-07-06,F,Pereira,presencial,0,35
CUST-05131,2023-07-01,M,Cali,presencial,0,39
CUST-05132,2024-08-28,F,Pereira,online,1,43
CUST-05133,2024-04-12,F,Bogotá,online,0,38
CUST-05134,2024-07-31,F,Bogotá,social_media,0,39
CUST-05135,2024-03-21,F,Barranquilla,social_media,1,19
CUST-05136,2024-06-20,M,Barranquilla,online,0,35
CUST-05137,2024-06-30,F,Barranquilla,social_media,0,39
CUST-05138,2023-11-14,M,Santa Marta,social_media,0,42
CUST-05139,2023-12-22,M,Bucaramanga,online,0,28
CUST-05140,2024-05-08,F,Cali,presencial,0,28
CUST-05141,2024-07-06,M,Bucaramanga,presencial,1,29
CUST-05142,2023-08-21,F,Medellín,online,1,40
CUST-05143,2023-04-02,M,Medellín,presencial,0,45
CUST-05144,2024-03-28,M,Pereira,presencial,0,30
CUST-05145,2023-11-12,M,Cali,online,0,44
CUST-05146,2024-01-10,M,Pereira,social_media,1,36
CUST-05147,2024-02-27,F,Cali,online,0,33
CUST-05148,2023-09-24,F,Medellín,online,1,32
CUST-05149,2023-06-09,M,Barranquilla,presencial,0,42
CUST-05150,2023-11-07,M,Barranquilla,online,0,38
CUST-05151,2023-01-11,M,Cali,presencial,0,57
CUST-05152,2023-01-01,M,Santa Marta,online,0,26
CUST-05153,2024-06-19,F,Bucaramanga,social_media,0,40
CUST-05154,2023-05-20,M,Cartagena,presencial,1,29
CUST-05155,2023-12-19,M,Bucaramanga,online,1,26
CUST-05156,2023-10-21,M,Manizales,presencial,1,34
CUST-05157,2024-04-25,F,Cartagena,online,0,36
CUST-05158,2024-07-01,M,Barranquilla,online,0,64
CUST-05159,2023-01-09,F,Pereira,online,0,33
CUST-05160,2024-05-18,F,Cartagena,presencial,0,23
CUST-05161,2024-05-03,M,Barranquilla,presencial,0,37
CUST-05162,2023-11-03,M,Cartagena,social_media,0,18
CUST-05163,2023-01-10,M,Barranquilla,social_media,1,34
CUST-05164,2024-03-16,F,Manizales,social_media,0,35
CUST-05165,2023-10-27,F,Manizales,social_media,1,42
CUST-05166,2023-08-25,M,Bogotá,online,1,44
CUST-05167,2023-01-08,F,Cali,presencial,0,29
CUST-05168,2024-07-15,M,Barranquilla,online,1,33
CUST-05169,2024-01-18,M,Medellín,presencial,0,27
CUST-05170,2023-07-13,M,Cartagena,presencial,0,23
CUST-05171,2024-02-26,M,Manizales,online,0,38
CUST-05172,2024-07-28,M,Medellín,online,0,22
CUST-05173,2024-03-23,M,Santa Marta,presencial,0,30
CUST-05174,2024-02-09,F,Pereira,social_media,0,25
CUST-05175,2023-09-13,F,Bucaramanga,social_media,1,40
CUST-05176,2023-06-17,F,Manizales,presencial,1,53
CUST-05177,2024-02-04,M,Medellín,online,0,21
CUST-05178,2024-01-23,M,Cartagena,online,0,18
CUST-05179,2023-08-14,M,Barranquilla,presencial,0,33
CUST-05180,2023-09-27,F,Manizales,online,0,35
CUST-05181,2023-03-23,M,Bogotá,presencial,0,37
CUST-05182,2024-03-08,F,Cali,presencial,0,30
CUST-05183,2023-09-03,M,Cúcuta,presencial,0,32
CUST-05184,2024-06-13,F,Manizales,online,0,38
CUST-05185,2023-10-06,M,Cartagena,social_media,0,45
CUST-05186,2023-10-19,M,Barranquilla,presencial,0,18
CUST-05187,2024-06-28,F,Bucaramanga,online,0,31
CUST-05188,2023-10-03,F,Cartagena,social_media,1,37
CUST-05189,2024-02-27,F,Cali,presencial,1,25
CUST-05190,2023-07-12,M,Cartagena,social_media,0,52
CUST-05191,2023-03-12,F,Barranquilla,online,0,28
CUST-05192,2023-07-06,F,Bogotá,social_media,0,34
CUST-05193,2023-05-20,M,Bogotá,social_media,0,40
CUST-05194,2023-10-24,M,Pereira,online,1,29
CUST-05195,2023-04-24,F,Barranquilla,presencial,0,18
CUST-05196,2024-04-11,M,Bogotá,online,1,30
CUST-05197,2024-04-08,F,Bucaramanga,online,0,45
CUST-05198,2023-10-06,F,Bogotá,presencial,1,31
CUST-05199,2024-05-18,F,Manizales,presencial,0,26
CUST-05200,2023-07-12,M,Santa Marta,online,0,44
CUST-05201,2023-11-25,F,Cali,presencial,0,31
CUST-05202,2023-01-20,F,Pereira,presencial,1,29
CUST-05203,2023-06-05,M,Cartagena,online,0,36
CUST-05204,2023-02-20,F,Cali,online,0,42
CUST-05205,2024-07-01,F,Cartagena,online,1,58
CUST-05206,2023-01-23,F,Cúcuta,online,0,43
CUST-05207,2023-07-10,M,Pereira,social_media,0,46
CUST-05208,2023-04-15,F,Pereira,social_media,1,29
CUST-05209,2023-10-16,M,Santa Marta,presencial,0,24
CUST-05210,2023-10-03,M,Manizales,social_media,0,35
CUST-05211,2023-05-09,F,Barranquilla,social_media,0,36
CUST-05212,2024-03-24,F,Cartagena,social_media,0,24
CUST-05213,2023-01-09,M,Cartagena,presencial,0,33
CUST-05214,2023-08-27,F,Cúcuta,social_media,0,38
CUST-05215,2023-04-03,F,Medellín,online,0,38
CUST-05216,2023-06-04,M,Pereira,online,0,40
CUST-05217,2023-01-16,F,Pereira,presencial,1,37
CUST-05218,2024-05-20,F,Santa Marta,presencial,1,29
CUST-05219,2023-08-11,M,Santa Marta,presencial,1,29
CUST-05220,2023-12-17,F,Barranquilla,social_media,0,23
CUST-05221,2024-03-06,M,Cartagena,presencial,1,52
CUST-05222,2023-11-16,M,Pereira,presencial,0,35
CUST-05223,2024-05-25,F,Cúcuta,presencial,0,32
CUST-05224,2024-01-16,M,Pereira,online,0,25
CUST-05225,2024-04-19,F,Cúcuta,presencial,1,64
CUST-05226,2023-02-02,F,Manizales,online,0,24
CUST-05227,2023-12-05,M,Manizales,online,0,30
CUST-05228,2023-03-24,M,Medellín,presencial,1,39
CUST-05229,2023-05-30,M,Santa Marta,presencial,1,41
CUST-05230,2023-02-27,M,Barranquilla,social_media,0,44
CUST-05231,2023-09-30,M,Bogotá,presencial,0,53
CUST-05232,2024-02-06,M,Bogotá,presencial,0,40
CUST-05233,2023-03-15,F,Cartagena,presencial,0,24
CUST-05234,2024-07-10,F,Pereira,presencial,1,32
CUST-05235,2024-04-26,M,Cartagena,presencial,1,38
CUST-05236,2023-07-05,F,Cali,presencial,0,55
CUST-05237,2023-07-16,M,Pereira,social_media,0,21
CUST-05238,2023-09-14,M,Bogotá,social_media,0,47
CUST-05239,2024-01-26,F,Bogotá,presencial,0,36
CUST-05240,2023-01-13,F,Medellín,social_media,0,43
CUST-05241,2023-05-05,M,Bogotá,online,0,33
CUST-05242,2023-09-12,M,Santa Marta,social_media,0,26
CUST-05243,2024-01-30,M,Barranquilla,online,0,42
CUST-05244,2024-03-29,F,Pereira,presencial,1,41
CUST-05245,2023-09-11,M,Cartagena,online,0,44
CUST-05246,2023-02-04,M,Pereira,presencial,0,34
CUST-05247,2023-07-23,F,Pereira,social_media,0,29
CUST-05248,2024-04-16,F,Bogotá,online,0,19
CUST-05249,2023-04-07,F,Bogotá,online,1,43
CUST-05250,2024-06-17,M,Cali,online,0,39
CUST-05251,2023-08-02,M,Cúcuta,presencial,1,25
CUST-05252,2024-04-29,F,Medellín,presencial,0,29
CUST-05253,2024-02-03,M,Pereira,social_media,0,30
CUST-05254,2023-11-16,M,Cali,social_media,0,20
CUST-05255,2023-11-27,F,Pereira,presencial,1,26
CUST-05256,2023-06-12,F,Santa Marta,social_media,1,23
CUST-05257,2023-02-13,M,Bogotá,online,0,30
CUST-05258,2024-07-16,F,Cali,online,0,27
CUST-05259,2024-06-17,F,Bucaramanga,online,0,18
CUST-05260,2023-05-06,M,Santa Marta,social_media,1,55
CUST-05261,2023-09-17,M,Cartagena,online,0,47
CUST-05262,2024-05-07,M,Cali,online,0,27
CUST-05263,2023-11-02,M,Manizales,presencial,1,37
CUST-05264,2023-07-23,M,Cartagena,presencial,0,39
CUST-05265,2024-01-05,M,Bucaramanga,social_media,1,46
CUST-05266,2023-02-23,F,Medellín,presencial,1,26
CUST-05267,2023-08-12,F,Barranquilla,social_media,1,45
CUST-05268,2023-04-26,F,Bogotá,social_media,1,29
CUST-05269,2023-08-30,M,Barranquilla,presencial,0,21
CUST-05270,2024-03-20,M,Bogotá,presencial,0,42
CUST-05271,2023-11-29,M,Barranquilla,social_media,0,47
CUST-05272,2023-01-16,M,Medellín,social_media,1,60
CUST-05273,2023-06-21,M,Bucaramanga,social_media,0,23
CUST-05274,2023-10-10,F,Bucaramanga,online,0,41
CUST-05275,2024-08-21,M,Manizales,online,1,30
CUST-05276,2023-05-03,F,Santa Marta,presencial,1,42
CUST-05277,2024-02-10,M,Manizales,online,0,20
CUST-05278,2023-09-06,F,Bogotá,online,0,22
CUST-05279,2023-01-10,F,Cali,social_media,0,27
CUST-05280,2023-02-13,F,Bucaramanga,online,0,35
CUST-05281,2024-08-18,F,Bogotá,presencial,0,28
CUST-05282,2024-05-01,F,Manizales,online,0,41
CUST-05283,2023-06-08,F,Bucaramanga,online,0,45
CUST-05284,2024-01-16,F,Bogotá,online,0,40
CUST-05285,2023-04-02,M,Cúcuta,presencial,0,51
CUST-05286,2023-09-12,M,Medellín,presencial,1,39
CUST-05287,2023-06-11,F,Bucaramanga,social_media,0,22
CUST-05288,2024-05-26,M,Cúcuta,online,0,48
CUST-05289,2023-04-04,M,Manizales,social_media,0,28
CUST-05290,2023-12-13,F,Cartagena,social_media,1,44
CUST-05291,2023-03-03,M,Bogotá,presencial,1,50
CUST-05292,2023-03-03,F,Cúcuta,social_media,0,39
CUST-05293,2023-12-31,M,Medellín,online,1,20
CUST-05294,2023-06-07,F,Barranquilla,social_media,0,25
CUST-05295,2024-07-03,M,Barranquilla,presencial,0,48
CUST-05296,2023-04-20,F,Pereira,presencial,0,33
CUST-05297,2023-05-09,M,Medellín,presencial,0,35
CUST-05298,2024-05-14,M,Pereira,online,0,42
CUST-05299,2023-08-27,M,Pereira,social_media,0,41
CUST-05300,2023-11-21,F,Pereira,online,0,37
CUST-05301,2024-07-25,F,Cali,presencial,0,32
CUST-05302,2023-12-22,M,Bucaramanga,online,0,31
CUST-05303,2024-03-25,M,Bucaramanga,presencial,0,43
CUST-05304,2023-07-17,F,Barranquilla,online,0,40
CUST-05305,2023-01-22,M,Bogotá,online,1,32
CUST-05306,2024-01-22,M,Santa Marta,social_media,1,45
CUST-05307,2024-01-02,F,Medellín,social_media,0,33
CUST-05308,2023-05-18,F,Santa Marta,presencial,0,26
CUST-05309,2023-09-14,M,Manizales,social_media,0,27
CUST-05310,2023-02-10,F,Bogotá,social_media,1,25
CUST-05311,2024-05-11,M,Pereira,online,0,32
CUST-05312,2024-03-24,M,Cúcuta,presencial,0,47
CUST-05313,2024-07-26,F,Cali,online,0,26
CUST-05314,2023-10-29,M,Cúcuta,online,0,36
CUST-05315,2024-07-09,F,Cúcuta,social_media,1,28
CUST-05316,2024-05-16,F,Santa Marta,social_media,0,32
CUST-05317,2023-07-14,M,Cartagena,presencial,1,19
CUST-05318,2024-08-03,F,Cali,social_media,1,32
CUST-05319,2023-07-11,M,Manizales,online,1,33
CUST-05320,2024-07-10,F,Cali,social_media,1,40
CUST-05321,2023-12-23,M,Pereira,presencial,0,37
CUST-05322,2023-11-28,F,Pereira,presencial,0,23
CUST-05323,2024-04-24,M,Pereira,online,0,45
CUST-05324,2023-10-09,M,Bogotá,online,0,37
CUST-05325,2024-07-21,F,Cartagena,social_media,0,36
CUST-05326,2023-06-14,M,Bogotá,presencial,0,34
CUST-05327,2023-03-12,M,Pereira,online,0,29
CUST-05328,2024-06-27,M,Manizales,social_media,0,37
CUST-05329,2023-06-08,M,Pereira,social_media,0,39
CUST-05330,2024-04-05,M,Bogotá,social_media,1,18
CUST-05331,2023-10-30,M,Cali,online,1,29
CUST-05332,2023-09-27,F,Cúcuta,online,1,32
CUST-05333,2024-07-08,F,Cali,social_media,0,37
CUST-05334,2024-01-11,F,Pereira,social_media,0,46
CUST-05335,2024-04-09,F,Barranquilla,online,0,27
CUST-05336,2023-01-01,M,Cali,presencial,0,30
CUST-05337,2024-06-02,M,Bucaramanga,social_media,0,29
CUST-05338,2024-01-24,F,Cúcuta,presencial,1,26
CUST-05339,2023-07-09,M,Bucaramanga,presencial,0,31
CUST-05340,2023-01-20,F,Cúcuta,online,0,42
CUST-05341,2024-01-08,M,Cartagena,online,1,24
CUST-05342,2023-09-02,M,Bucaramanga,presencial,1,39
CUST-05343,2023-11-25,F,Cali,online,1,18
CUST-05344,2023-03-06,M,Cúcuta,presencial,0,29
CUST-05345,2024-07-05,F,Cartagena,presencial,1,31
CUST-05346,2024-02-01,F,Santa Marta,online,0,51
CUST-05347,2023-07-14,F,Barranquilla,online,0,32
CUST-05348,2024-06-20,M,Medellín,social_media,0,18
CUST-05349,2024-05-24,M,Cartagena,online,0,18
CUST-05350,2024-07-18,F,Cali,social_media,1,35
CUST-05351,2023-06-07,M,Cali,online,1,41
CUST-05352,2023-10-17,F,Barranquilla,online,0,38
CUST-05353,2023-11-27,F,Barranquilla,online,0,36
CUST-05354,2024-02-24,M,Cartagena,online,0,46
CUST-05355,2023-11-26,F,Pereira,presencial,0,29
CUST-05356,2023-04-24,M,Barranquilla,online,0,43
CUST-05357,2023-04-09,M,Pereira,presencial,0,18
CUST-05358,2024-06-19,M,Santa Marta,online,0,25
CUST-05359,2023-03-10,F,Cali,online,1,18
CUST-05360,2023-02-14,F,Cartagena,presencial,0,32
CUST-05361,2023-05-13,M,Barranquilla,online,1,34
CUST-05362,2023-07-02,M,Santa Marta,social_media,0,36
CUST-05363,2023-02-02,F,Cartagena,social_media,0,35
CUST-05364,2023-07-26,M,Cúcuta,online,1,25
CUST-05365,2023-04-20,M,Medellín,social_media,0,33
CUST-05366,2024-05-12,F,Cúcuta,social_media,1,20
CUST-05367,2023-07-16,F,Bogotá,social_media,1,48
CUST-05368,2023-04-12,F,Pereira,social_media,0,31
CUST-05369,2023-02-02,M,Bogotá,presencial,0,30
CUST-05370,2024-08-07,F,Manizales,presencial,1,50
CUST-05371,2024-02-02,F,Santa Marta,presencial,0,22
CUST-05372,2024-05-16,F,Pereira,social_media,0,23
CUST-05373,2024-06-22,F,Santa Marta,social_media,1,24
CUST-05374,2024-08-27,F,Cúcuta,presencial,0,34
CUST-05375,2023-09-20,F,Bucaramanga,social_media,0,39
CUST-05376,2023-02-20,F,Pereira,presencial,0,42
CUST-05377,2024-01-11,M,Cali,presencial,0,60
CUST-05378,2023-08-15,F,Santa Marta,presencial,0,18
CUST-05379,2023-03-14,M,Cali,social_media,0,41
CUST-05380,2023-01-14,M,Bucaramanga,presencial,0,29
CUST-05381,2023-08-02,F,Barranquilla,online,0,29
CUST-05382,2024-05-18,M,Santa Marta,presencial,1,28
CUST-05383,2023-03-23,F,Bogotá,presencial,0,25
CUST-05384,2024-04-24,M,Santa Marta,online,1,51
CUST-05385,2023-03-04,F,Barranquilla,social_media,0,43
CUST-05386,2024-01-05,M,Cúcuta,presencial,1,35
CUST-05387,2024-07-25,F,Cartagena,online,0,48
CUST-05388,2024-03-01,F,Bogotá,social_media,0,19
CUST-05389,2024-01-13,M,Bogotá,online,1,21
CUST-05390,2023-03-01,M,Bucaramanga,presencial,0,18
CUST-05391,2023-09-30,F,Cúcuta,online,1,28
CUST-05392,2024-06-25,M,Bogotá,social_media,0,36
CUST-05393,2023-02-11,F,Medellín,presencial,1,36
CUST-05394,2023-03-14,M,Cali,online,0,36
CUST-05395,2023-11-08,F,Pereira,social_media,0,20
CUST-05396,2023-03-21,M,Medellín,social_media,0,43
CUST-05397,2023-08-10,F,Cartagena,presencial,0,37
CUST-05398,2024-06-15,M,Santa Marta,presencial,0,42
CUST-05399,2023-04-10,F,Cúcuta,presencial,0,18
CUST-05400,2023-04-14,M,Manizales,presencial,1,38
CUST-05401,2023-08-25,F,Manizales,online,0,23
CUST-05402,2024-06-28,M,Medellín,social_media,1,31
CUST-05403,2024-01-30,M,Bogotá,presencial,1,40
CUST-05404,2023-07-14,F,Santa Marta,presencial,0,35
CUST-05405,2023-07-17,M,Cúcuta,presencial,0,26
CUST-05406,2024-06-22,M,Barranquilla,online,0,35
CUST-05407,2023-09-12,F,Santa Marta,social_media,0,19
CUST-05408,2024-08-06,F,Pereira,social_media,1,46
CUST-05409,2023-07-03,F,Bucaramanga,presencial,0,32
CUST-05410,2024-07-25,F,Cúcuta,social_media,0,46
CUST-05411,2024-07-25,M,Santa Marta,online,0,29
CUST-05412,2024-03-01,M,Cúcuta,social_media,0,29
CUST-05413,2023-04-19,M,Barranquilla,presencial,0,27
CUST-05414,2024-08-13,F,Bogotá,social_media,0,43
CUST-05415,2024-01-02,M,Cartagena,online,1,27
CUST-05416,2024-04-14,M,Bucaramanga,online,0,41
CUST-05417,2024-03-13,F,Bucaramanga,social_media,0,31
CUST-05418,2023-04-17,M,Bogotá,social_media,1,18
CUST-05419,2023-06-20,M,Pereira,presencial,0,29
CUST-05420,2023-07-04,F,Manizales,presencial,0,23
CUST-05421,2024-07-17,M,Cartagena,presencial,0,35
CUST-05422,2024-02-16,F,Medellín,social_media,0,23
CUST-05423,2024-05-31,F,Medellín,online,0,44
CUST-05424,2023-12-12,M,Cartagena,online,0,34
CUST-05425,2023-06-11,M,Pereira,social_media,0,33
CUST-05426,2024-06-30,M,Pereira,online,0,41
CUST-05427,2024-03-29,F,Barranquilla,online,0,44
CUST-05428,2023-12-27,F,Cali,social_media,0,34
CUST-05429,2023-11-19,M,Santa Marta,online,1,27
CUST-05430,2024-07-17,M,Pereira,social_media,1,18
CUST-05431,2023-11-29,F,Medellín,presencial,1,28
CUST-05432,2024-01-16,M,Bogotá,online,0,28
CUST-05433,2024-02-27,M,Medellín,social_media,0,36
CUST-05434,2024-03-16,F,Cali,online,0,31
CUST-05435,2023-11-28,M,Cartagena,online,1,41
CUST-05436,2023-09-04,M,Cali,presencial,0,28
CUST-05437,2024-07-30,M,Cúcuta,social_media,1,34
CUST-05438,2024-07-12,M,Santa Marta,presencial,1,46
CUST-05439,2023-08-08,F,Cúcuta,online,0,38
CUST-05440,2024-01-20,F,Barranquilla,online,0,34
CUST-05441,2024-07-17,F,Pereira,online,0,28
CUST-05442,2023-09-18,F,Barranquilla,social_media,0,28
CUST-05443,2024-01-04,M,Cali,presencial,0,26
CUST-05444,2024-04-08,M,Cúcuta,social_media,0,29
CUST-05445,2024-04-03,M,Bogotá,online,0,42
CUST-05446,2024-02-11,M,Santa Marta,presencial,0,32
CUST-05447,2023-01-01,F,Bogotá,online,1,21
CUST-05448,2023-02-05,M,Bogotá,presencial,1,52
CUST-05449,2023-10-19,M,Bogotá,social_media,1,38
CUST-05450,2023-01-17,F,Cartagena,social_media,0,20
CUST-05451,2024-06-14,F,Pereira,social_media,0,30
CUST-05452,2023-05-19,F,Pereira,social_media,0,36
CUST-05453,2023-11-06,M,Cúcuta,social_media,0,52
CUST-05454,2023-01-07,F,Bogotá,presencial,0,23
CUST-05455,2023-11-04,M,Bucaramanga,presencial,0,44
CUST-05456,2023-08-16,M,Santa Marta,online,0,48
CUST-05457,2023-08-08,F,Bucaramanga,presencial,0,28
CUST-05458,2023-11-19,F,Barranquilla,online,0,32
CUST-05459,2023-01-23,F,Cúcuta,social_media,1,24
CUST-05460,2023-10-10,M,Santa Marta,presencial,1,32
CUST-05461,2024-07-20,M,Cali,presencial,1,34
CUST-05462,2024-06-07,M,Cúcuta,social_media,0,41
CUST-05463,2024-07-23,F,Barranquilla,social_media,1,45
CUST-05464,2024-08-07,M,Barranquilla,social_media,0,27
CUST-05465,2024-08-08,M,Barranquilla,online,0,18
CUST-05466,2023-06-08,M,Bucaramanga,online,1,34
CUST-05467,2023-04-07,M,Pereira,presencial,0,37
CUST-05468,2023-02-08,F,Santa Marta,social_media,1,37
CUST-05469,2024-04-16,M,Cali,presencial,0,31
CUST-05470,2023-12-31,F,Manizales,social_media,0,36
CUST-05471,2023-06-09,F,Manizales,social_media,0,50
CUST-05472,2023-05-22,M,Bogotá,social_media,1,38
CUST-05473,2023-09-29,M,Cartagena,social_media,0,31
CUST-05474,2024-01-11,F,Cúcuta,social_media,1,29
CUST-05475,2024-08-19,M,Cartagena,online,0,33
CUST-05476,2023-09-13,F,Manizales,presencial,0,51
CUST-05477,2023-08-27,M,Manizales,social_media,1,33
CUST-05478,2023-09-20,M,Medellín,online,0,34
CUST-05479,2023-11-04,F,Cali,online,0,30
CUST-05480,2023-04-05,M,Medellín,social_media,0,45
CUST-05481,2024-08-07,F,Bogotá,social_media,0,54
CUST-05482,2024-02-14,F,Medellín,online,0,39
CUST-05483,2024-08-05,M,Cúcuta,social_media,0,35
CUST-05484,2023-08-11,F,Bucaramanga,online,1,35
CUST-05485,2023-03-21,M,Bogotá,social_media,0,18
CUST-05486,2023-11-29,M,Bucaramanga,online,1,42
CUST-05487,2024-05-09,M,Bogotá,social_media,0,36
CUST-05488,2023-06-27,F,Medellín,online,0,39
CUST-05489,2024-05-14,M,Manizales,presencial,0,27
CUST-05490,2024-08-13,M,Bucaramanga,social_media,0,31
CUST-05491,2023-04-08,F,Santa Marta,social_media,0,30
CUST-05492,2023-11-04,F,Bogotá,online,0,45
CUST-05493,2023-02-08,F,Cartagena,social_media,0,31
CUST-05494,2024-08-13,F,Pereira,presencial,0,55
CUST-05495,2024-01-26,M,Santa Marta,presencial,0,39
CUST-05496,2023-03-22,M,Santa Marta,online,1,22
CUST-05497,2023-02-27,M,Barranquilla,online,1,33
CUST-05498,2023-12-09,M,Barranquilla,social_media,1,28
CUST-05499,2023-12-23,F,Barranquilla,online,0,18
CUST-05500,2024-03-20,F,Cali,presencial,1,50
CUST-05501,2024-03-02,M,Manizales,presencial,1,42
CUST-05502,2023-05-04,F,Cartagena,social_media,0,40
CUST-05503,2023-08-21,F,Pereira,presencial,1,36
CUST-05504,2023-01-12,F,Cúcuta,online,0,21
CUST-05505,2024-01-27,F,Bucaramanga,social_media,0,30
CUST-05506,2023-02-25,F,Santa Marta,social_media,0,43
CUST-05507,2023-11-09,M,Cali,social_media,0,24
CUST-05508,2024-06-20,M,Bucaramanga,online,0,18
CUST-05509,2023-02-12,F,Cali,social_media,1,32
CUST-05510,2023-11-23,F,Medellín,social_media,0,33
CUST-05511,2024-07-06,M,Cali,presencial,0,36
CUST-05512,2024-08-01,M,Medellín,presencial,0,42
CUST-05513,2023-06-03,F,Medellín,social_media,0,41
CUST-05514,2023-12-01,F,Cúcuta,online,1,37
CUST-05515,2024-05-29,F,Pereira,online,0,46
CUST-05516,2023-08-15,M,Cúcuta,online,0,19
CUST-05517,2023-06-06,F,Cali,online,1,40
CUST-05518,2023-02-21,F,Manizales,presencial,0,41
CUST-05519,2024-02-07,F,Medellín,online,1,22
CUST-05520,2024-04-01,F,Pereira,online,0,19
CUST-05521,2024-08-12,F,Cali,social_media,0,27
CUST-05522,2024-05-31,F,Santa Marta,online,1,28
CUST-05523,2023-04-03,F,Pereira,online,0,42
CUST-05524,2023-08-16,F,Santa Marta,online,0,28
CUST-05525,2024-03-18,M,Medellín,online,1,26
CUST-05526,2023-10-24,M,Bucaramanga,presencial,0,28
CUST-05527,2024-02-08,M,Cartagena,social_media,0,46
CUST-05528,2023-06-01,F,Medellín,presencial,1,35
CUST-05529,2023-05-16,M,Barranquilla,social_media,0,33
CUST-05530,2023-12-11,M,Barranquilla,social_media,0,33
CUST-05531,2023-03-26,M,Manizales,social_media,0,47
CUST-05532,2024-05-02,M,Pereira,social_media,0,27
CUST-05533,2024-08-08,M,Cartagena,presencial,1,48
CUST-05534,2023-02-20,F,Santa Marta,social_media,0,37
CUST-05535,2024-07-15,M,Bogotá,online,0,33
CUST-05536,2024-02-13,F,Barranquilla,online,1,60
CUST-05537,2023-09-26,F,Cartagena,social_media,1,24
CUST-05538,2023-03-29,M,Manizales,online,0,31
CUST-05539,2024-02-13,F,Cali,online,0,22
CUST-05540,2024-05-28,M,Cartagena,social_media,1,44
CUST-05541,2024-03-20,F,Cali,social_media,0,51
CUST-05542,2023-05-14,F,Pereira,social_media,0,51
CUST-05543,2023-05-19,M,Cúcuta,presencial,0,47
CUST-05544,2024-05-07,F,Cali,social_media,0,33
CUST-05545,2024-07-26,F,Pereira,social_media,1,31
CUST-05546,2023-07-22,F,Medellín,presencial,1,18
CUST-05547,2024-05-14,F,Pereira,online,0,55
CUST-05548,2024-02-09,F,Santa Marta,presencial,1,39
CUST-05549,2024-08-08,F,Cartagena,online,0,30
CUST-05550,2023-07-20,F,Bucaramanga,presencial,0,48
CUST-05551,2024-07-28,F,Cúcuta,social_media,1,25
CUST-05552,2024-06-20,M,Cali,presencial,0,39
CUST-05553,2023-09-10,F,Cúcuta,social_media,1,33
CUST-05554,2023-09-06,M,Cartagena,online,0,41
CUST-05555,2023-03-15,M,Cartagena,social_media,0,34
CUST-05556,2023-09-30,F,Cali,presencial,1,20
CUST-05557,2024-03-16,F,Manizales,presencial,0,35
CUST-05558,2023-11-28,M,Bucaramanga,online,0,45
CUST-05559,2024-08-12,M,Cali,social_media,0,34
CUST-05560,2023-04-02,M,Bogotá,online,1,42
CUST-05561,2023-04-26,F,Cúcuta,social_media,0,24
CUST-05562,2024-02-28,F,Bogotá,social_media,1,34
CUST-05563,2024-03-09,F,Cúcuta,online,0,28
CUST-05564,2024-01-10,M,Medellín,online,0,42
CUST-05565,2023-12-23,F,Cúcuta,social_media,1,35
CUST-05566,2023-07-15,F,Cartagena,online,0,41
CUST-05567,2023-11-25,F,Pereira,social_media,0,45
CUST-05568,2023-12-19,F,Bogotá,online,1,41
CUST-05569,2024-08-31,M,Bogotá,online,0,37
CUST-05570,2023-01-25,F,Barranquilla,online,0,25
CUST-05571,2023-11-09,F,Cúcuta,presencial,1,34
CUST-05572,2023-06-23,M,Bucaramanga,online,1,29
CUST-05573,2023-12-25,F,Santa Marta,presencial,0,31
CUST-05574,2024-03-28,M,Bogotá,social_media,0,31
CUST-05575,2023-05-30,M,Cúcuta,social_media,1,25
CUST-05576,2024-03-27,F,Cartagena,online,0,18
CUST-05577,2023-02-15,M,Santa Marta,presencial,0,28
CUST-05578,2023-08-28,F,Manizales,social_media,0,36
CUST-05579,2023-07-24,M,Pereira,presencial,0,21
CUST-05580,2024-01-18,M,Cúcuta,presencial,1,35
CUST-05581,2023-06-09,F,Medellín,social_media,0,54
CUST-05582,2023-03-29,M,Santa Marta,presencial,0,45
CUST-05583,2023-04-26,F,Manizales,presencial,1,51
CUST-05584,2023-02-25,F,Cúcuta,social_media,1,38
CUST-05585,2023-09-06,F,Cúcuta,online,0,46
CUST-05586,2023-06-01,F,Santa Marta,online,0,27
CUST-05587,2023-10-22,M,Santa Marta,presencial,1,28
CUST-05588,2023-01-15,F,Santa Marta,online,1,18
CUST-05589,2023-12-18,M,Cali,social_media,0,46
CUST-05590,2023-04-24,F,Pereira,social_media,0,50
CUST-05591,2023-11-09,M,Bogotá,social_media,0,29
CUST-05592,2024-04-05,M,Santa Marta,presencial,0,32
CUST-05593,2024-04-27,M,Santa Marta,social_media,0,27
CUST-05594,2023-01-24,M,Cali,presencial,1,38
CUST-05595,2023-12-06,F,Cartagena,presencial,0,46
CUST-05596,2023-08-03,F,Manizales,social_media,0,18
CUST-05597,2024-07-04,M,Bucaramanga,social_media,0,39
CUST-05598,2023-08-05,M,Cúcuta,presencial,0,32
CUST-05599,2023-07-28,F,Cúcuta,social_media,0,36
CUST-05600,2024-07-13,M,Santa Marta,online,0,39
CUST-05601,2024-06-19,M,Cali,presencial,0,33
CUST-05602,2023-09-22,F,Pereira,presencial,1,33
CUST-05603,2024-07-15,M,Bucaramanga,social_media,1,32
CUST-05604,2024-05-09,M,Cartagena,social_media,0,44
CUST-05605,2023-05-25,F,Barranquilla,presencial,1,39
CUST-05606,2023-01-19,M,Cartagena,presencial,0,37
CUST-05607,2024-01-21,F,Barranquilla,presencial,1,22
CUST-05608,2024-08-19,F,Cali,social_media,1,31
CUST-05609,2024-06-23,F,Pereira,presencial,0,43
CUST-05610,2023-02-14,F,Bucaramanga,online,1,35
CUST-05611,2023-09-19,M,Barranquilla,online,0,41
CUST-05612,2023-06-24,F,Santa Marta,social_media,0,52
CUST-05613,2023-03-03,F,Bogotá,presencial,0,45
CUST-05614,2023-10-18,M,Bogotá,presencial,1,35
CUST-05615,2023-07-25,F,Santa Marta,online,0,29
CUST-05616,2023-10-05,M,Pereira,presencial,0,18
CUST-05617,2023-02-24,F,Medellín,social_media,0,33
CUST-05618,2024-04-21,F,Cúcuta,social_media,0,31
CUST-05619,2023-01-09,F,Cartagena,social_media,1,38
CUST-05620,2023-03-10,F,Barranquilla,presencial,0,33
CUST-05621,2024-02-02,M,Bogotá,presencial,0,31
CUST-05622,2023-10-05,M,Santa Marta,online,0,18
CUST-05623,2024-01-04,M,Bucaramanga,online,0,25
CUST-05624,2023-04-21,F,Bucaramanga,social_media,0,39
CUST-05625,2023-01-20,F,Barranquilla,presencial,1,52
CUST-05626,2023-10-27,F,Medellín,presencial,0,34
CUST-05627,2024-01-31,M,Manizales,social_media,0,38
CUST-05628,2023-08-25,F,Manizales,social_media,0,44
CUST-05629,2024-01-25,M,Cali,online,0,26
CUST-05630,2024-06-04,M,Pereira,online,1,38
CUST-05631,2023-04-12,M,Pereira,social_media,0,27
CUST-05632,2023-11-20,F,Cartagena,presencial,0,43
CUST-05633,2024-05-11,F,Cartagena,online,0,36
CUST-05634,2024-06-28,F,Manizales,social_media,0,37
CUST-05635,2023-04-01,F,Barranquilla,presencial,0,27
CUST-05636,2023-07-10,M,Bogotá,social_media,0,42
CUST-05637,2023-07-23,M,Bogotá,presencial,0,55
CUST-05638,2024-05-27,F,Santa Marta,online,0,24
CUST-05639,2024-04-13,F,Barranquilla,presencial,1,31
CUST-05640,2024-07-28,F,Bogotá,presencial,1,37
CUST-05641,2023-01-23,M,Medellín,social_media,0,42
CUST-05642,2023-02-10,F,Cúcuta,presencial,1,29
CUST-05643,2023-09-11,M,Pereira,online,1,18
CUST-05644,2024-06-26,M,Medellín,social_media,0,48
CUST-05645,2023-11-09,M,Bogotá,social_media,1,42
CUST-05646,2023-12-08,M,Cúcuta,social_media,0,18
CUST-05647,2024-05-16,M,Santa Marta,social_media,1,28
CUST-05648,2024-02-07,M,Cartagena,social_media,0,50
CUST-05649,2023-06-10,M,Barranquilla,social_media,0,49
CUST-05650,2023-01-19,F,Barranquilla,social_media,1,44
CUST-05651,2023-12-22,F,Bogotá,online,0,33
CUST-05652,2023-12-27,F,Cali,online,0,35
CUST-05653,2023-12-30,M,Bogotá,social_media,1,33
CUST-05654,2023-11-06,M,Cartagena,presencial,0,46
CUST-05655,2023-08-30,F,Cartagena,social_media,1,26
CUST-05656,2024-05-28,M,Santa Marta,social_media,0,26
CUST-05657,2023-10-10,M,Manizales,social_media,0,45
CUST-05658,2023-03-05,M,Cartagena,presencial,0,34
CUST-05659,2023-09-21,M,Cartagena,online,0,48
CUST-05660,2024-02-01,M,Pereira,presencial,0,28
CUST-05661,2023-01-31,M,Medellín,presencial,0,34
CUST-05662,2024-07-22,M,Pereira,presencial,0,25
CUST-05663,2023-10-14,M,Bogotá,presencial,0,35
CUST-05664,2023-08-19,M,Cartagena,social_media,0,20
CUST-05665,2023-06-05,M,Bucaramanga,online,0,30
CUST-05666,2023-12-16,M,Cúcuta,presencial,0,20
CUST-05667,2024-02-07,M,Bogotá,online,0,41
CUST-05668,2023-05-21,F,Santa Marta,social_media,0,42
CUST-05669,2023-03-31,M,Santa Marta,social_media,0,18
CUST-05670,2024-01-27,M,Bogotá,online,0,48
CUST-05671,2024-06-17,F,Barranquilla,social_media,0,59
CUST-05672,2023-08-21,F,Manizales,online,0,35
CUST-05673,2024-03-03,F,Medellín,presencial,0,28
CUST-05674,2023-09-04,M,Manizales,social_media,0,63
CUST-05675,2024-08-09,M,Cúcuta,social_media,0,21
CUST-05676,2023-06-06,F,Santa Marta,online,0,35
CUST-05677,2024-03-12,F,Santa Marta,social_media,0,36
CUST-05678,2023-11-16,F,Bogotá,presencial,1,48
CUST-05679,2023-12-04,M,Santa Marta,social_media,0,38
CUST-05680,2024-04-04,M,Barranquilla,social_media,1,30
CUST-05681,2024-07-09,F,Manizales,social_media,0,25
CUST-05682,2023-05-15,M,Santa Marta,online,1,31
CUST-05683,2023-07-31,M,Cali,presencial,0,24
CUST-05684,2023-05-22,F,Bucaramanga,presencial,0,35
CUST-05685,2024-08-17,F,Cali,social_media,0,29
CUST-05686,2024-07-08,F,Bogotá,social_media,0,20
CUST-05687,2023-07-27,M,Cúcuta,online,0,47
CUST-05688,2023-05-22,M,Bucaramanga,presencial,0,30
CUST-05689,2023-11-13,M,Cartagena,social_media,0,22
CUST-05690,2024-06-20,M,Cali,presencial,0,33
CUST-05691,2023-05-19,M,Barranquilla,social_media,0,35
CUST-05692,2024-03-16,F,Medellín,social_media,1,18
CUST-05693,2023-05-29,M,Cúcuta,online,0,38
CUST-05694,2024-08-01,M,Cúcuta,presencial,0,24
CUST-05695,2023-06-11,F,Barranquilla,presencial,0,52
CUST-05696,2023-11-22,F,Barranquilla,social_media,0,40
CUST-05697,2023-03-11,F,Cali,social_media,0,31
CUST-05698,2024-07-24,F,Bucaramanga,online,1,27
CUST-05699,2024-06-29,M,Bogotá,social_media,0,33
CUST-05700,2023-05-02,M,Santa Marta,presencial,0,41
CUST-05701,2023-07-08,F,Cúcuta,online,1,34
CUST-05702,2023-11-22,M,Cali,presencial,1,32
CUST-05703,2023-05-30,F,Cali,online,1,35
CUST-05704,2023-01-31,M,Cali,presencial,1,28
CUST-05705,2023-11-23,M,Pereira,social_media,0,31
CUST-05706,2024-02-28,M,Manizales,presencial,1,18
CUST-05707,2024-02-26,F,Medellín,presencial,1,44
CUST-05708,2023-11-07,F,Bogotá,online,0,37
CUST-05709,2024-03-29,M,Cartagena,presencial,0,27
CUST-05710,2023-10-08,M,Manizales,social_media,0,53
CUST-05711,2023-06-05,F,Cali,online,0,35
CUST-05712,2023-07-12,F,Bucaramanga,online,0,24
CUST-05713,2023-04-20,M,Cali,presencial,1,43
CUST-05714,2023-05-15,M,Bucaramanga,online,0,38
CUST-05715,2023-07-09,F,Barranquilla,social_media,1,38
CUST-05716,2023-01-27,M,Pereira,presencial,0,30
CUST-05717,2023-10-01,F,Cúcuta,social_media,0,39
CUST-05718,2024-08-03,F,Bogotá,presencial,1,32
CUST-05719,2023-08-25,M,Bogotá,presencial,0,40
CUST-05720,2023-08-26,M,Cartagena,online,1,18
CUST-05721,2023-08-25,M,Santa Marta,online,0,30
CUST-05722,2023-01-27,F,Cartagena,online,0,52
CUST-05723,2024-01-03,F,Barranquilla,presencial,1,27
CUST-05724,2023-03-23,F,Manizales,online,0,28
CUST-05725,2024-05-03,M,Cartagena,social_media,0,30
CUST-05726,2023-05-18,M,Bogotá,online,0,22
CUST-05727,2024-05-29,F,Pereira,social_media,1,18
CUST-05728,2024-04-25,F,Barranquilla,online,1,32
CUST-05729,2024-01-18,M,Cúcuta,presencial,0,36
CUST-05730,2023-07-08,F,Cartagena,online,0,34
CUST-05731,2024-02-01,M,Bucaramanga,social_media,0,33
CUST-05732,2024-05-18,M,Pereira,social_media,1,35
CUST-05733,2024-04-30,F,Medellín,online,0,45
CUST-05734,2023-05-21,F,Bogotá,social_media,0,33
CUST-05735,2023-06-17,F,Cali,presencial,0,29
CUST-05736,2023-07-17,F,Cúcuta,online,1,32
CUST-05737,2023-08-20,F,Bogotá,social_media,0,40
CUST-05738,2023-02-03,M,Barranquilla,online,0,49
CUST-05739,2024-02-23,F,Bucaramanga,online,0,28
CUST-05740,2023-01-16,M,Cartagena,online,0,35
CUST-05741,2023-10-04,F,Barranquilla,online,0,38
CUST-05742,2024-02-27,F,Pereira,online,0,25
CUST-05743,2023-08-16,F,Bucaramanga,presencial,0,35
CUST-05744,2023-07-27,F,Cali,online,0,20
CUST-05745,2023-07-29,F,Santa Marta,presencial,1,18
CUST-05746,2023-03-09,F,Cartagena,online,0,38
CUST-05747,2023-07-01,M,Cúcuta,social_media,0,31
CUST-05748,2024-03-25,F,Bogotá,online,1,37
CUST-05749,2024-05-16,F,Bucaramanga,online,1,34
CUST-05750,2023-11-29,F,Cartagena,social_media,0,25
CUST-05751,2024-04-13,F,Cúcuta,presencial,0,34
CUST-05752,2023-09-10,M,Manizales,presencial,0,22
CUST-05753,2024-03-13,M,Barranquilla,presencial,0,48
CUST-05754,2024-02-19,M,Bogotá,presencial,1,21
CUST-05755,2023-02-12,M,Medellín,social_media,0,33
CUST-05756,2024-01-25,M,Manizales,presencial,1,24
CUST-05757,2023-11-17,M,Cúcuta,presencial,1,40
CUST-05758,2024-02-08,F,Manizales,presencial,0,31
CUST-05759,2024-08-08,F,Cartagena,presencial,0,29
CUST-05760,2024-08-31,M,Bucaramanga,presencial,0,43
CUST-05761,2024-07-03,F,Medellín,online,1,35
CUST-05762,2024-06-21,F,Santa Marta,online,0,40
CUST-05763,2023-02-09,F,Bucaramanga,presencial,0,25
CUST-05764,2024-06-17,F,Santa Marta,social_media,0,20
CUST-05765,2023-04-22,F,Cúcuta,social_media,0,36
CUST-05766,2024-04-07,M,Cali,online,0,31
CUST-05767,2024-04-12,M,Bucaramanga,social_media,0,41
CUST-05768,2023-02-13,M,Cúcuta,online,0,34
CUST-05769,2023-09-09,M,Cartagena,presencial,1,37
CUST-05770,2024-06-15,M,Santa Marta,presencial,0,18
CUST-05771,2024-07-04,M,Cúcuta,social_media,0,53
CUST-05772,2024-02-10,F,Bogotá,social_media,0,33
CUST-05773,2023-02-10,M,Santa Marta,social_media,1,41
CUST-05774,2024-07-25,F,Cartagena,presencial,0,26
CUST-05775,2024-02-01,F,Bogotá,presencial,0,38
CUST-05776,2024-06-12,M,Cúcuta,social_media,0,21
CUST-05777,2023-02-20,M,Manizales,social_media,0,39
CUST-05778,2023-07-14,M,Pereira,social_media,0,31
CUST-05779,2023-10-26,F,Bucaramanga,social_media,0,35
CUST-05780,2024-03-26,M,Medellín,online,1,41
CUST-05781,2024-02-12,M,Cartagena,social_media,0,22
CUST-05782,2023-11-08,M,Cali,social_media,0,28
CUST-05783,2023-10-20,F,Medellín,online,0,39
CUST-05784,2024-04-17,M,Cúcuta,online,1,55
CUST-05785,2023-06-20,M,Bogotá,online,0,33
CUST-05786,2024-03-08,F,Santa Marta,online,1,40
CUST-05787,2023-10-29,F,Medellín,social_media,0,33
CUST-05788,2023-02-25,F,Bogotá,presencial,0,54
CUST-05789,2024-06-13,M,Pereira,presencial,0,18
CUST-05790,2023-05-26,M,Santa Marta,presencial,0,35
CUST-05791,2024-04-19,F,Bucaramanga,presencial,0,18
CUST-05792,2024-04-07,M,Manizales,presencial,1,18
CUST-05793,2023-04-03,F,Pereira,presencial,1,37
CUST-05794,2024-05-27,F,Santa Marta,online,0,36
CUST-05795,2023-04-26,F,Pereira,online,0,32
CUST-05796,2023-07-04,F,Bucaramanga,presencial,0,33
CUST-05797,2024-08-22,F,Bogotá,social_media,0,65
CUST-05798,2024-07-13,M,Santa Marta,social_media,0,32
CUST-05799,2023-05-19,M,Cúcuta,presencial,0,40
CUST-05800,2024-02-07,M,Cartagena,social_media,1,28
CUST-05801,2024-02-28,M,Medellín,online,1,37
CUST-05802,2023-11-28,F,Manizales,online,0,32
CUST-05803,2024-04-06,M,Barranquilla,social_media,0,30
CUST-05804,2023-01-26,F,Cali,presencial,0,53
CUST-05805,2023-07-03,F,Bogotá,online,0,46
CUST-05806,2024-04-09,M,Cartagena,social_media,1,36
CUST-05807,2024-08-27,M,Cali,social_media,1,18
CUST-05808,2023-07-26,F,Barranquilla,online,0,31
CUST-05809,2024-04-10,M,Santa Marta,online,0,62
CUST-05810,2023-04-03,M,Pereira,presencial,0,32
CUST-05811,2023-09-14,M,Cartagena,social_media,0,46
CUST-05812,2023-11-28,M,Manizales,presencial,0,49
CUST-05813,2023-06-17,F,Bucaramanga,online,0,37
CUST-05814,2023-05-07,F,Cúcuta,social_media,0,26
CUST-05815,2023-04-04,M,Medellín,online,0,18
CUST-05816,2023-04-27,F,Pereira,online,0,41
CUST-05817,2024-04-05,F,Bogotá,online,0,26
CUST-05818,2024-01-07,M,Cali,presencial,0,36
CUST-05819,2023-03-29,M,Bogotá,online,0,22
CUST-05820,2024-06-20,F,Bogotá,presencial,0,32
CUST-05821,2024-01-29,F,Cartagena,online,0,35
CUST-05822,2024-06-07,F,Bucaramanga,online,1,37
CUST-05823,2023-06-13,M,Cali,social_media,0,23
CUST-05824,2024-01-23,F,Cali,online,0,46
CUST-05825,2024-07-17,F,Cali,social_media,0,29
CUST-05826,2024-01-25,M,Bogotá,social_media,0,18
CUST-05827,2023-02-14,F,Cartagena,presencial,0,33
CUST-05828,2023-06-24,M,Bogotá,social_media,1,35
CUST-05829,2023-12-10,M,Cúcuta,social_media,0,36
CUST-05830,2024-08-02,F,Cúcuta,online,1,48
CUST-05831,2023-06-03,M,Cali,online,1,32
CUST-05832,2023-06-16,M,Bucaramanga,presencial,1,33
CUST-05833,2023-05-29,F,Bucaramanga,social_media,0,23
CUST-05834,2023-07-03,M,Cali,social_media,0,43
CUST-05835,2023-02-22,F,Santa Marta,presencial,0,36
CUST-05836,2024-03-05,M,Manizales,online,0,30
CUST-05837,2023-11-12,M,Cali,social_media,0,18
CUST-05838,2023-11-13,F,Cartagena,presencial,1,49
CUST-05839,2024-04-01,F,Cartagena,online,1,22
CUST-05840,2023-10-23,F,Cartagena,presencial,0,29
CUST-05841,2023-07-05,M,Cali,presencial,0,38
CUST-05842,2023-05-01,F,Cartagena,social_media,0,23
CUST-05843,2023-05-15,M,Cartagena,online,0,20
CUST-05844,2023-07-27,F,Barranquilla,social_media,0,18
CUST-05845,2023-01-04,M,Barranquilla,social_media,1,42
CUST-05846,2023-09-17,F,Medellín,online,1,29
CUST-05847,2023-01-13,M,Santa Marta,online,1,64
CUST-05848,2024-04-14,F,Pereira,online,0,25
CUST-05849,2024-05-24,M,Bogotá,social_media,0,25
CUST-05850,2024-05-25,M,Cartagena,online,1,29
CUST-05851,2024-07-10,M,Medellín,online,1,37
CUST-05852,2023-01-06,M,Cúcuta,online,1,30
CUST-05853,2024-05-20,F,Bucaramanga,presencial,0,41
CUST-05854,2023-09-01,M,Pereira,online,1,25
CUST-05855,2023-08-11,F,Medellín,social_media,0,21
CUST-05856,2024-08-25,M,Bucaramanga,presencial,1,18
CUST-05857,2024-05-02,F,Cali,social_media,1,18
CUST-05858,2024-04-09,M,Santa Marta,presencial,0,29
CUST-05859,2024-02-24,M,Barranquilla,online,1,31
CUST-05860,2024-03-28,F,Cali,presencial,0,28
CUST-05861,2023-03-23,F,Cali,social_media,1,47
CUST-05862,2023-01-07,M,Medellín,presencial,0,47
CUST-05863,2023-09-08,F,Santa Marta,online,0,31
CUST-05864,2024-07-14,F,Manizales,online,0,18
CUST-05865,2023-10-12,F,Cartagena,social_media,0,29
CUST-05866,2024-07-24,M,Santa Marta,presencial,1,29
CUST-05867,2023-08-01,F,Medellín,social_media,0,28
CUST-05868,2023-02-20,M,Bucaramanga,social_media,1,28
CUST-05869,2023-07-09,F,Pereira,social_media,1,28
CUST-05870,2023-06-01,F,Bucaramanga,online,0,31
CUST-05871,2023-02-26,M,Cali,presencial,0,28
CUST-05872,2023-12-24,F,Cúcuta,online,0,37
CUST-05873,2023-02-07,F,Cúcuta,online,0,38
CUST-05874,2023-05-29,F,Cúcuta,online,0,25
CUST-05875,2023-02-03,F,Santa Marta,presencial,1,47
CUST-05876,2024-08-14,F,Manizales,online,1,25
CUST-05877,2023-11-02,F,Manizales,online,0,18
CUST-05878,2023-12-06,F,Manizales,online,1,38
CUST-05879,2023-03-31,M,Santa Marta,presencial,0,26
CUST-05880,2023-02-20,M,Bogotá,presencial,0,38
CUST-05881,2023-04-22,M,Manizales,social_media,1,18
CUST-05882,2024-03-02,M,Medellín,online,0,48
CUST-05883,2023-07-02,M,Barranquilla,online,1,41
CUST-05884,2023-06-15,F,Bogotá,presencial,0,19
CUST-05885,2023-10-19,M,Bucaramanga,presencial,0,20
CUST-05886,2024-08-09,M,Cúcuta,online,0,51
CUST-05887,2024-07-29,F,Bogotá,social_media,0,27
CUST-05888,2023-07-01,M,Cartagena,social_media,0,26
CUST-05889,2024-04-11,F,Santa Marta,online,0,18
CUST-05890,2024-08-15,F,Bogotá,social_media,0,31
CUST-05891,2024-01-04,M,Santa Marta,social_media,1,32
CUST-05892,2023-02-06,M,Barranquilla,online,0,42
CUST-05893,2023-04-06,F,Cali,social_media,0,21
CUST-05894,2023-11-03,F,Manizales,presencial,0,19
CUST-05895,2023-11-27,M,Bucaramanga,online,0,39
CUST-05896,2024-01-13,F,Pereira,presencial,0,45
CUST-05897,2024-01-24,M,Santa Marta,online,1,19
CUST-05898,2023-03-11,M,Cartagena,presencial,0,45
CUST-05899,2024-03-13,M,Medellín,social_media,0,35
CUST-05900,2024-07-17,M,Cali,presencial,0,45
CUST-05901,2023-03-08,F,Cali,presencial,0,34
CUST-05902,2023-10-27,F,Barranquilla,presencial,1,18
CUST-05903,2024-04-27,M,Cúcuta,presencial,1,33
CUST-05904,2023-05-18,M,Pereira,presencial,0,45
CUST-05905,2023-05-05,F,Cúcuta,online,0,26
CUST-05906,2023-10-09,F,Bucaramanga,presencial,0,31
CUST-05907,2023-12-04,F,Cali,presencial,1,33
CUST-05908,2024-06-23,F,Pereira,online,0,18
CUST-05909,2024-02-28,F,Barranquilla,online,1,51
CUST-05910,2024-06-21,M,Cúcuta,social_media,0,25
CUST-05911,2023-08-03,M,Manizales,presencial,0,40
CUST-05912,2023-08-03,M,Pereira,presencial,0,34
CUST-05913,2023-03-01,M,Pereira,social_media,0,47
CUST-05914,2023-04-22,F,Santa Marta,presencial,0,39
CUST-05915,2024-08-08,F,Manizales,social_media,0,32
CUST-05916,2024-06-25,M,Bogotá,online,0,26
CUST-05917,2023-03-31,M,Pereira,presencial,1,42
CUST-05918,2024-05-10,F,Cali,presencial,1,18
CUST-05919,2023-10-22,M,Barranquilla,online,1,41
CUST-05920,2024-03-13,M,Bucaramanga,presencial,0,24
CUST-05921,2023-11-21,F,Cartagena,online,0,47
CUST-05922,2023-09-23,F,Manizales,online,0,36
CUST-05923,2024-06-22,F,Medellín,social_media,1,41
CUST-05924,2024-08-11,M,Cartagena,online,0,35
CUST-05925,2023-12-29,F,Cartagena,social_media,0,18
CUST-05926,2023-05-13,F,Cali,online,0,26
CUST-05927,2024-07-30,M,Cúcuta,social_media,0,41
CUST-05928,2024-05-23,F,Cartagena,social_media,0,36
CUST-05929,2024-06-16,M,Barranquilla,social_media,0,46
CUST-05930,2024-05-24,M,Cartagena,social_media,0,39
CUST-05931,2024-05-19,M,Cúcuta,presencial,0,25
CUST-05932,2023-07-04,M,Santa Marta,online,0,27
CUST-05933,2023-08-27,F,Pereira,online,0,36
CUST-05934,2023-10-25,M,Bogotá,online,0,18
CUST-05935,2023-07-18,F,Cali,online,0,51
CUST-05936,2023-01-02,F,Santa Marta,social_media,0,39
CUST-05937,2023-05-02,F,Barranquilla,presencial,0,47
CUST-05938,2023-01-25,F,Barranquilla,online,1,19
CUST-05939,2024-04-21,F,Cúcuta,online,0,47
CUST-05940,2023-05-01,M,Bucaramanga,online,0,57
CUST-05941,2023-08-01,F,Cali,social_media,0,21
CUST-05942,2024-02-29,M,Cali,online,1,42
CUST-05943,2024-02-28,M,Santa Marta,online,0,35
CUST-05944,2023-02-16,M,Cartagena,presencial,0,19
CUST-05945,2023-12-08,F,Pereira,social_media,0,39
CUST-05946,2023-12-25,F,Cartagena,presencial,0,43
CUST-05947,2024-07-27,F,Bucaramanga,online,0,28
CUST-05948,2023-08-06,F,Manizales,social_media,0,46
CUST-05949,2023-01-12,M,Manizales,online,1,18
CUST-05950,2023-07-26,F,Medellín,online,0,20
CUST-05951,2023-10-16,F,Santa Marta,social_media,1,36
CUST-05952,2023-09-18,M,Cúcuta,presencial,0,35
CUST-05953,2023-03-11,M,Bucaramanga,social_media,0,27
CUST-05954,2023-11-12,M,Pereira,social_media,1,43
CUST-05955,2023-11-04,M,Cali,presencial,1,40
CUST-05956,2024-06-02,M,Barranquilla,social_media,0,43
CUST-05957,2024-07-17,M,Bucaramanga,presencial,0,33
CUST-05958,2023-11-28,M,Pereira,presencial,1,41
CUST-05959,2023-01-07,F,Bucaramanga,social_media,1,30
CUST-05960,2023-04-27,F,Cartagena,social_media,1,55
CUST-05961,2023-12-08,M,Medellín,presencial,1,26
CUST-05962,2023-12-16,M,Pereira,presencial,0,56
CUST-05963,2024-02-10,F,Cartagena,presencial,1,35
CUST-05964,2024-08-05,M,Santa Marta,presencial,0,21
CUST-05965,2023-01-30,M,Barranquilla,presencial,0,48
CUST-05966,2023-06-29,M,Cúcuta,social_media,1,36
CUST-05967,2023-07-18,M,Medellín,online,0,43
CUST-05968,2023-12-05,M,Pereira,social_media,0,47
CUST-05969,2023-12-13,F,Pereira,online,0,38
CUST-05970,2024-05-05,M,Bogotá,presencial,1,29
CUST-05971,2024-04-30,M,Cartagena,social_media,0,44
CUST-05972,2023-02-06,M,Cali,online,0,35
CUST-05973,2023-05-20,F,Santa Marta,presencial,0,41
CUST-05974,2024-05-08,F,Santa Marta,social_media,0,18
CUST-05975,2023-06-09,M,Pereira,online,1,39
CUST-05976,2024-04-16,M,Santa Marta,social_media,0,28
CUST-05977,2024-07-03,M,Medellín,online,0,51
CUST-05978,2023-12-10,M,Cúcuta,social_media,0,41
CUST-05979,2024-04-18,F,Manizales,social_media,0,37
CUST-05980,2024-02-28,F,Cúcuta,online,0,39
CUST-05981,2023-02-27,M,Cúcuta,social_media,0,25
CUST-05982,2024-06-17,M,Cúcuta,social_media,0,51
CUST-05983,2023-11-03,F,Bogotá,presencial,0,54
CUST-05984,2024-08-01,F,Cali,online,1,38
CUST-05985,2023-11-20,M,Manizales,social_media,0,50
CUST-05986,2024-07-22,M,Manizales,online,0,29
CUST-05987,2024-07-02,M,Cúcuta,social_media,0,27
CUST-05988,2023-01-20,F,Manizales,online,0,35
CUST-05989,2023-08-02,F,Pereira,online,1,39
CUST-05990,2024-08-14,F,Medellín,presencial,0,31
CUST-05991,2023-12-06,F,Cali,presencial,0,40
CUST-05992,2023-12-29,M,Santa Marta,online,1,38
CUST-05993,2023-03-09,F,Medellín,social_media,0,25
CUST-05994,2023-06-02,F,Pereira,online,0,40
CUST-05995,2023-10-15,F,Bogotá,social_media,0,43
CUST-05996,2023-02-01,M,Cali,online,0,36
CUST-05997,2023-12-14,F,Bogotá,presencial,0,46
CUST-05998,2024-01-20,F,Bucaramanga,presencial,1,22
CUST-05999,2024-07-01,F,Barranquilla,social_media,0,39
CUST-06000,2023-06-19,M,Bogotá,online,1,23
CUST-06001,2024-08-07,F,Cartagena,social_media,1,23
CUST-06002,2024-02-03,M,Barranquilla,presencial,0,28
CUST-06003,2023-07-11,M,Cúcuta,online,0,25
CUST-06004,2023-04-30,F,Cúcuta,presencial,1,29
CUST-06005,2023-11-12,M,Medellín,presencial,0,32
CUST-06006,2023-11-19,F,Pereira,online,0,43
CUST-06007,2023-02-02,M,Manizales,social_media,1,31
CUST-06008,2023-10-06,M,Barranquilla,online,0,19
CUST-06009,2024-02-28,F,Santa Marta,presencial,0,46
CUST-06010,2023-03-30,F,Cali,presencial,0,26
CUST-06011,2024-05-23,M,Bucaramanga,presencial,1,34
CUST-06012,2023-09-01,M,Pereira,presencial,1,39
CUST-06013,2024-01-16,M,Pereira,social_media,0,36
CUST-06014,2024-04-07,M,Bucaramanga,online,0,45
CUST-06015,2023-11-06,F,Santa Marta,online,0,39
CUST-06016,2023-08-10,M,Bogotá,social_media,0,26
CUST-06017,2024-06-21,M,Santa Marta,social_media,0,56
CUST-06018,2023-11-06,F,Santa Marta,presencial,0,36
CUST-06019,2023-06-29,M,Barranquilla,online,0,33
CUST-06020,2023-04-25,F,Cartagena,online,1,44
CUST-06021,2024-01-19,F,Cali,online,0,37
CUST-06022,2023-02-08,F,Pereira,social_media,0,38
CUST-06023,2023-07-26,M,Medellín,presencial,0,59
CUST-06024,2023-04-05,F,Manizales,presencial,0,32
CUST-06025,2024-03-30,F,Santa Marta,online,0,31
CUST-06026,2024-06-02,F,Bucaramanga,presencial,0,36
CUST-06027,2023-01-26,M,Santa Marta,social_media,0,45
CUST-06028,2024-05-09,M,Bucaramanga,social_media,0,19
CUST-06029,2024-05-27,M,Cali,online,0,18
CUST-06030,2023-06-07,M,Cúcuta,presencial,0,29
CUST-06031,2023-07-14,F,Cali,social_media,0,18
CUST-06032,2023-12-15,F,Medellín,social_media,0,30
CUST-06033,2024-05-10,F,Cartagena,social_media,0,40
CUST-06034,2024-06-20,M,Barranquilla,social_media,0,26
CUST-06035,2023-11-14,F,Bucaramanga,presencial,1,20
CUST-06036,2023-12-02,M,Cartagena,social_media,0,35
CUST-06037,2023-05-27,M,Bucaramanga,social_media,0,43
CUST-06038,2023-04-11,M,Barranquilla,presencial,0,18
CUST-06039,2024-06-12,F,Cali,online,1,43
CUST-06040,2023-05-16,F,Bogotá,online,0,43
CUST-06041,2023-07-30,M,Cartagena,social_media,0,44
CUST-06042,2023-02-07,F,Bucaramanga,online,0,47
CUST-06043,2024-04-15,M,Cartagena,presencial,0,57
CUST-06044,2024-02-01,F,Cartagena,social_media,0,31
CUST-06045,2024-06-18,M,Bucaramanga,presencial,1,36
CUST-06046,2023-04-29,M,Barranquilla,online,1,30
CUST-06047,2023-01-05,M,Barranquilla,online,0,35
CUST-06048,2023-11-15,F,Manizales,social_media,0,50
CUST-06049,2023-02-15,F,Manizales,online,1,21
CUST-06050,2024-08-31,F,Cali,social_media,0,26
CUST-06051,2023-03-31,F,Pereira,social_media,1,48
CUST-06052,2023-12-08,F,Cartagena,presencial,0,45
CUST-06053,2024-04-23,M,Cartagena,online,0,31
CUST-06054,2023-02-17,F,Cali,online,0,43
CUST-06055,2023-04-16,M,Medellín,social_media,1,38
CUST-06056,2024-06-17,F,Cali,social_media,1,50
CUST-06057,2023-11-16,F,Pereira,social_media,1,35
CUST-06058,2023-01-24,F,Cali,social_media,1,45
CUST-06059,2024-08-14,M,Medellín,presencial,0,61
CUST-06060,2023-11-16,F,Barranquilla,online,0,40
CUST-06061,2023-08-03,M,Cartagena,presencial,0,35
CUST-06062,2023-11-25,F,Pereira,online,0,42
CUST-06063,2023-07-25,M,Bogotá,presencial,1,31
CUST-06064,2023-07-17,M,Manizales,social_media,1,58
CUST-06065,2023-10-21,M,Cúcuta,presencial,1,36
CUST-06066,2023-10-11,M,Cali,presencial,0,32
CUST-06067,2024-06-29,F,Bucaramanga,social_media,0,26
CUST-06068,2023-11-23,F,Barranquilla,social_media,0,45
CUST-06069,2024-03-27,M,Cartagena,online,0,43
CUST-06070,2023-05-01,F,Cúcuta,online,0,30
CUST-06071,2023-10-07,M,Bucaramanga,presencial,0,40
CUST-06072,2023-06-02,F,Medellín,presencial,1,19
CUST-06073,2023-06-11,F,Cali,presencial,0,36
CUST-06074,2023-10-08,F,Manizales,social_media,1,39
CUST-06075,2023-04-28,M,Manizales,online,0,52
CUST-06076,2023-01-16,F,Bogotá,presencial,1,27
CUST-06077,2024-07-27,M,Cúcuta,online,0,22
CUST-06078,2024-06-10,F,Manizales,online,0,26
CUST-06079,2023-04-15,M,Medellín,social_media,1,21
CUST-06080,2023-07-31,F,Cúcuta,social_media,0,48
CUST-06081,2024-07-09,M,Cúcuta,presencial,0,50
CUST-06082,2023-12-25,M,Manizales,presencial,1,38
CUST-06083,2024-07-16,M,Cúcuta,presencial,0,47
CUST-06084,2023-11-23,F,Cartagena,presencial,0,36
CUST-06085,2023-10-05,M,Bogotá,presencial,0,34
CUST-06086,2023-05-25,F,Manizales,online,0,31
CUST-06087,2023-10-18,M,Cartagena,online,0,31
CUST-06088,2024-08-10,M,Bogotá,social_media,0,19
CUST-06089,2023-09-08,M,Barranquilla,social_media,1,37
CUST-06090,2023-06-25,F,Bogotá,online,0,34
CUST-06091,2023-03-14,F,Santa Marta,social_media,1,42
CUST-06092,2023-11-15,F,Cúcuta,social_media,0,35
CUST-06093,2023-12-13,F,Medellín,presencial,1,33
CUST-06094,2024-07-07,F,Manizales,social_media,1,26
CUST-06095,2024-03-30,F,Barranquilla,social_media,1,35
CUST-06096,2023-02-21,F,Santa Marta,social_media,0,42
CUST-06097,2023-05-14,M,Medellín,online,0,23
CUST-06098,2023-01-30,M,Cali,online,0,35
CUST-06099,2024-04-27,F,Medellín,presencial,0,37
CUST-06100,2023-02-21,F,Cúcuta,social_media,0,27
CUST-06101,2023-04-19,F,Cartagena,online,1,29
CUST-06102,2024-01-28,F,Bogotá,presencial,1,37
CUST-06103,2023-02-25,F,Cali,social_media,0,23
CUST-06104,2023-03-30,M,Bogotá,presencial,0,38
CUST-06105,2024-03-12,F,Cúcuta,presencial,1,26
CUST-06106,2024-02-06,F,Manizales,social_media,0,45
CUST-06107,2023-07-03,F,Barranquilla,online,0,58
CUST-06108,2024-08-29,M,Cali,social_media,1,26
CUST-06109,2024-04-01,M,Manizales,social_media,0,40
CUST-06110,2023-12-31,M,Santa Marta,social_media,1,27
CUST-06111,2023-11-16,M,Manizales,online,1,45
CUST-06112,2023-12-07,F,Bucaramanga,social_media,0,22
CUST-06113,2023-07-22,M,Cali,online,0,39
CUST-06114,2024-06-30,M,Manizales,presencial,1,26
CUST-06115,2023-03-22,M,Cartagena,online,0,32
CUST-06116,2024-04-21,M,Cartagena,presencial,0,24
CUST-06117,2024-08-04,M,Santa Marta,presencial,0,43
CUST-06118,2023-05-15,F,Bogotá,social_media,0,26
CUST-06119,2023-04-06,M,Pereira,online,1,40
CUST-06120,2024-04-24,M,Manizales,presencial,0,31
CUST-06121,2023-04-10,M,Cúcuta,presencial,0,33
CUST-06122,2024-04-11,F,Cali,online,1,36
CUST-06123,2023-11-14,F,Manizales,online,0,27
CUST-06124,2024-04-21,F,Bogotá,presencial,0,37
CUST-06125,2024-04-26,F,Manizales,presencial,1,50
CUST-06126,2023-08-26,F,Pereira,online,0,27
CUST-06127,2023-08-18,F,Barranquilla,online,1,46
CUST-06128,2023-05-28,F,Pereira,presencial,0,49
CUST-06129,2023-09-22,F,Cúcuta,social_media,0,26
CUST-06130,2024-01-08,M,Pereira,online,0,20
CUST-06131,2024-02-06,M,Cúcuta,presencial,1,38
CUST-06132,2023-07-07,F,Bogotá,presencial,0,29
CUST-06133,2023-12-05,M,Cali,social_media,0,53
CUST-06134,2023-11-29,F,Pereira,online,0,35
CUST-06135,2024-04-09,M,Cartagena,presencial,0,26
CUST-06136,2024-05-14,M,Santa Marta,social_media,0,23
CUST-06137,2023-01-31,F,Pereira,online,0,45
CUST-06138,2023-03-08,M,Cali,social_media,1,29
CUST-06139,2024-05-01,F,Bogotá,presencial,1,35
CUST-06140,2023-04-26,F,Cartagena,social_media,0,44
CUST-06141,2023-12-26,M,Cúcuta,presencial,0,30
CUST-06142,2024-05-05,F,Cartagena,presencial,0,34
CUST-06143,2024-04-17,M,Pereira,social_media,1,34
CUST-06144,2023-06-24,M,Bogotá,social_media,0,41
CUST-06145,2023-10-17,F,Cúcuta,presencial,0,40
CUST-06146,2023-12-23,F,Medellín,social_media,0,32
CUST-06147,2024-08-11,F,Bucaramanga,online,1,35
CUST-06148,2023-05-11,F,Manizales,online,0,31
CUST-06149,2024-06-04,F,Barranquilla,social_media,1,20
CUST-06150,2023-04-16,M,Cali,social_media,0,37
CUST-06151,2024-02-20,F,Cali,online,0,53
CUST-06152,2023-04-20,M,Cali,presencial,0,26
CUST-06153,2023-11-30,F,Medellín,presencial,1,27
CUST-06154,2024-07-23,M,Bogotá,online,0,26
CUST-06155,2023-03-14,M,Cartagena,presencial,0,42
CUST-06156,2023-11-06,M,Cúcuta,social_media,0,39
CUST-06157,2024-06-29,M,Cartagena,social_media,0,33
CUST-06158,2024-04-17,M,Cartagena,online,0,25
CUST-06159,2024-02-15,F,Barranquilla,online,0,35
CUST-06160,2024-08-27,M,Cali,online,0,19
CUST-06161,2024-02-28,F,Cali,online,0,36
CUST-06162,2023-09-02,M,Medellín,presencial,0,43
CUST-06163,2023-09-07,F,Cartagena,presencial,0,22
CUST-06164,2024-07-15,M,Barranquilla,presencial,0,19
CUST-06165,2023-06-12,M,Bucaramanga,social_media,0,50
CUST-06166,2024-05-08,F,Medellín,social_media,0,28
CUST-06167,2024-01-29,F,Medellín,online,1,46
CUST-06168,2023-03-09,M,Manizales,online,0,33
CUST-06169,2023-12-15,M,Bucaramanga,presencial,0,33
CUST-06170,2023-08-02,F,Cali,presencial,1,39
CUST-06171,2024-08-28,M,Cartagena,presencial,0,26
CUST-06172,2024-03-17,M,Cali,online,1,36
CUST-06173,2024-03-21,F,Medellín,presencial,0,31
CUST-06174,2024-08-03,M,Cali,online,0,21
CUST-06175,2023-12-17,M,Bogotá,online,0,38
CUST-06176,2024-07-11,F,Pereira,social_media,1,32
CUST-06177,2023-08-30,M,Bucaramanga,social_media,0,33
CUST-06178,2023-06-27,F,Cartagena,online,1,22
CUST-06179,2023-03-21,F,Bucaramanga,presencial,0,50
CUST-06180,2024-08-10,M,Manizales,online,1,43
CUST-06181,2024-05-13,M,Cali,online,0,44
CUST-06182,2023-04-28,F,Cali,online,0,31
CUST-06183,2024-08-29,F,Cartagena,online,1,18
CUST-06184,2024-04-19,M,Cartagena,social_media,1,54
CUST-06185,2023-11-30,F,Bogotá,social_media,0,34
CUST-06186,2024-07-22,M,Barranquilla,online,0,27
CUST-06187,2023-04-10,F,Santa Marta,social_media,0,39
CUST-06188,2024-03-31,F,Manizales,social_media,0,46
CUST-06189,2023-06-30,F,Cali,presencial,1,34
CUST-06190,2023-11-12,M,Cartagena,social_media,0,47
CUST-06191,2024-02-20,F,Cartagena,social_media,0,45
CUST-06192,2023-03-13,F,Pereira,online,1,24
CUST-06193,2023-04-22,F,Manizales,social_media,0,28
CUST-06194,2024-01-24,F,Santa Marta,social_media,0,44
CUST-06195,2023-12-02,M,Pereira,social_media,0,18
CUST-06196,2024-05-21,F,Medellín,online,1,33
CUST-06197,2023-03-04,M,Manizales,online,0,20
CUST-06198,2023-04-03,F,Manizales,social_media,0,30
CUST-06199,2023-08-11,F,Medellín,online,1,32
CUST-06200,2023-05-23,M,Bucaramanga,online,0,31
CUST-06201,2024-08-17,M,Cúcuta,presencial,0,29
CUST-06202,2023-01-01,F,Bogotá,social_media,0,24
CUST-06203,2023-05-31,F,Pereira,presencial,1,57
CUST-06204,2023-06-02,F,Cúcuta,social_media,1,53
CUST-06205,2024-04-08,M,Medellín,social_media,0,23
CUST-06206,2024-06-28,F,Cartagena,presencial,0,50
CUST-06207,2023-10-26,M,Pereira,presencial,0,31
CUST-06208,2024-02-04,F,Cúcuta,social_media,0,36
CUST-06209,2024-08-14,M,Santa Marta,presencial,1,34
CUST-06210,2024-04-02,M,Bogotá,presencial,0,28
CUST-06211,2023-07-20,M,Santa Marta,online,0,44
CUST-06212,2023-07-30,F,Cartagena,social_media,0,36
CUST-06213,2023-11-21,F,Bucaramanga,online,0,30
CUST-06214,2023-11-03,M,Manizales,social_media,0,21
CUST-06215,2024-08-06,M,Medellín,online,1,26
CUST-06216,2023-11-08,M,Pereira,social_media,0,18
CUST-06217,2024-03-21,F,Barranquilla,online,0,35
CUST-06218,2023-12-19,F,Santa Marta,social_media,0,23
CUST-06219,2023-04-02,F,Bucaramanga,online,0,32
CUST-06220,2024-08-19,M,Pereira,presencial,1,48
CUST-06221,2023-01-09,F,Bucaramanga,social_media,0,46
CUST-06222,2024-06-06,F,Manizales,presencial,0,34
CUST-06223,2024-02-18,F,Bucaramanga,online,0,34
CUST-06224,2023-05-11,M,Pereira,social_media,1,53
CUST-06225,2023-10-29,F,Manizales,online,1,40
CUST-06226,2023-03-05,F,Bogotá,online,0,31
CUST-06227,2024-01-14,F,Cúcuta,presencial,1,20
CUST-06228,2024-07-16,F,Barranquilla,social_media,0,38
CUST-06229,2023-02-24,F,Bucaramanga,online,0,43
CUST-06230,2023-01-01,M,Bogotá,presencial,1,28
CUST-06231,2024-07-27,M,Barranquilla,presencial,0,37
CUST-06232,2024-01-03,M,Bucaramanga,presencial,1,31
CUST-06233,2023-04-23,M,Pereira,presencial,0,33
CUST-06234,2023-10-16,F,Bucaramanga,online,0,18
CUST-06235,2023-02-01,F,Barranquilla,online,0,32
CUST-06236,2023-08-29,M,Pereira,online,1,44
CUST-06237,2024-03-18,M,Cúcuta,social_media,0,28
CUST-06238,2024-08-27,M,Medellín,social_media,0,35
CUST-06239,2024-02-08,F,Bucaramanga,presencial,1,27
CUST-06240,2023-11-22,F,Cartagena,online,0,38
CUST-06241,2024-01-27,F,Medellín,presencial,0,32
CUST-06242,2024-02-20,M,Santa Marta,online,0,25
CUST-06243,2024-01-26,M,Pereira,social_media,0,48
CUST-06244,2024-03-21,M,Cali,presencial,1,44
CUST-06245,2024-07-12,F,Pereira,online,1,28
CUST-06246,2023-08-05,F,Bucaramanga,online,0,39
CUST-06247,2023-06-27,M,Pereira,online,1,40
CUST-06248,2024-05-01,M,Barranquilla,presencial,0,41
CUST-06249,2023-05-23,F,Cúcuta,social_media,0,18
CUST-06250,2023-07-12,F,Manizales,online,0,45
CUST-06251,2024-07-22,M,Manizales,presencial,1,29
CUST-06252,2024-01-29,M,Pereira,online,0,31
CUST-06253,2024-01-04,F,Pereira,presencial,0,61
CUST-06254,2024-03-03,M,Cúcuta,social_media,1,38
CUST-06255,2023-06-07,M,Manizales,online,0,31
CUST-06256,2023-10-23,F,Bogotá,presencial,1,18
CUST-06257,2023-05-09,M,Bucaramanga,online,1,48
CUST-06258,2023-05-18,F,Medellín,presencial,0,21
CUST-06259,2023-01-12,M,Bogotá,social_media,1,24
CUST-06260,2023-03-15,F,Cúcuta,social_media,1,31
CUST-06261,2023-01-17,M,Pereira,presencial,0,49
CUST-06262,2023-05-28,M,Bucaramanga,social_media,1,42
CUST-06263,2024-05-13,M,Cartagena,online,0,33
CUST-06264,2024-03-23,F,Cartagena,social_media,0,38
CUST-06265,2023-05-20,M,Santa Marta,online,0,28
CUST-06266,2023-03-28,M,Santa Marta,social_media,1,36
CUST-06267,2023-05-21,F,Bucaramanga,social_media,0,35
CUST-06268,2024-03-01,M,Cali,online,0,44
CUST-06269,2024-04-11,F,Pereira,social_media,1,44
CUST-06270,2024-03-11,F,Barranquilla,online,0,39
CUST-06271,2023-07-04,F,Cartagena,online,0,31
CUST-06272,2024-04-10,M,Pereira,social_media,0,42
CUST-06273,2024-06-05,F,Pereira,social_media,0,34
CUST-06274,2024-03-10,M,Cúcuta,online,0,24
CUST-06275,2024-07-19,F,Manizales,presencial,0,30
CUST-06276,2024-04-05,M,Bogotá,social_media,0,35
CUST-06277,2024-01-29,F,Cartagena,social_media,0,44
CUST-06278,2023-12-30,F,Santa Marta,presencial,0,33
CUST-06279,2023-08-20,M,Pereira,presencial,0,22
CUST-06280,2023-07-10,F,Medellín,social_media,0,35
CUST-06281,2024-03-10,M,Bogotá,social_media,1,36
CUST-06282,2023-01-08,F,Manizales,social_media,0,36
CUST-06283,2024-08-14,M,Santa Marta,presencial,0,44
CUST-06284,2024-05-25,F,Cúcuta,social_media,0,45
CUST-06285,2023-08-31,F,Cartagena,presencial,0,29
CUST-06286,2024-05-28,M,Bucaramanga,presencial,1,28
CUST-06287,2023-10-03,F,Medellín,online,0,24
CUST-06288,2024-02-25,M,Cartagena,presencial,0,41
CUST-06289,2024-07-13,M,Barranquilla,online,0,49
CUST-06290,2024-08-13,F,Manizales,presencial,0,31
CUST-06291,2024-01-11,F,Manizales,presencial,0,32
CUST-06292,2023-02-04,F,Cartagena,online,0,49
CUST-06293,2023-02-08,M,Manizales,online,0,40
CUST-06294,2024-08-04,M,Bucaramanga,online,0,39
CUST-06295,2024-05-09,F,Cúcuta,online,0,23
CUST-06296,2024-01-13,M,Bucaramanga,online,0,41
CUST-06297,2023-04-26,F,Barranquilla,online,1,25
CUST-06298,2024-08-17,F,Cúcuta,online,0,23
CUST-06299,2024-05-08,F,Cali,presencial,0,31
CUST-06300,2023-03-23,M,Santa Marta,presencial,0,29
CUST-06301,2023-05-26,M,Cartagena,online,1,32
CUST-06302,2024-06-23,F,Cúcuta,social_media,1,20
CUST-06303,2023-10-14,M,Cúcuta,online,0,44
CUST-06304,2024-04-21,F,Barranquilla,social_media,0,46
CUST-06305,2024-06-13,F,Bucaramanga,presencial,1,18
CUST-06306,2023-03-22,M,Barranquilla,presencial,0,44
CUST-06307,2024-06-19,F,Bucaramanga,social_media,1,26
CUST-06308,2023-04-01,F,Cúcuta,presencial,0,43
CUST-06309,2023-09-09,F,Manizales,online,0,34
CUST-06310,2024-04-28,F,Manizales,social_media,1,35
CUST-06311,2023-03-21,F,Bucaramanga,social_media,1,33
CUST-06312,2024-07-06,M,Bogotá,presencial,0,47
CUST-06313,2024-08-16,M,Bogotá,social_media,1,22
CUST-06314,2023-11-16,F,Cali,social_media,1,41
CUST-06315,2023-02-24,M,Medellín,social_media,0,46
CUST-06316,2023-12-18,F,Bogotá,presencial,0,42
CUST-06317,2024-07-01,F,Bogotá,social_media,0,58
CUST-06318,2023-01-12,F,Bucaramanga,social_media,1,29
CUST-06319,2024-04-25,F,Pereira,online,0,44
CUST-06320,2024-04-09,M,Manizales,online,0,33
CUST-06321,2024-06-08,M,Cali,social_media,0,47
CUST-06322,2024-04-25,F,Bogotá,presencial,0,34
CUST-06323,2024-08-10,M,Cartagena,social_media,0,31
CUST-06324,2023-12-06,F,Manizales,presencial,0,48
CUST-06325,2024-03-07,M,Barranquilla,online,1,30
CUST-06326,2023-12-28,F,Medellín,online,0,20
CUST-06327,2023-10-29,F,Santa Marta,social_media,0,29
CUST-06328,2023-10-24,F,Santa Marta,presencial,0,41
CUST-06329,2023-06-21,M,Cali,presencial,0,48
CUST-06330,2023-02-06,M,Pereira,presencial,0,36
CUST-06331,2023-11-08,F,Bogotá,social_media,0,48
CUST-06332,2024-07-31,M,Manizales,presencial,0,21
CUST-06333,2023-09-24,M,Manizales,online,0,30
CUST-06334,2023-03-04,M,Cali,presencial,0,32
CUST-06335,2024-04-29,M,Cartagena,presencial,0,33
CUST-06336,2024-08-15,M,Barranquilla,social_media,1,35
CUST-06337,2023-06-23,M,Pereira,social_media,0,41
CUST-06338,2024-08-09,M,Pereira,social_media,1,30
CUST-06339,2023-02-22,M,Manizales,social_media,1,36
CUST-06340,2023-10-26,M,Cartagena,social_media,0,34
CUST-06341,2023-01-28,M,Cartagena,presencial,1,25
CUST-06342,2023-10-21,M,Manizales,presencial,0,33
CUST-06343,2024-05-11,M,Cartagena,social_media,0,33
CUST-06344,2023-03-26,M,Bogotá,social_media,1,33
CUST-06345,2023-05-10,F,Cali,presencial,0,35
CUST-06346,2024-06-01,F,Medellín,social_media,0,35
CUST-06347,2023-03-20,M,Cúcuta,online,1,30
CUST-06348,2023-10-12,M,Cartagena,presencial,0,47
CUST-06349,2023-09-16,M,Manizales,online,0,23
CUST-06350,2023-05-16,F,Santa Marta,presencial,0,27
CUST-06351,2023-10-15,F,Santa Marta,presencial,0,62
CUST-06352,2023-10-09,M,Bogotá,presencial,0,24
CUST-06353,2023-09-21,M,Bogotá,presencial,1,21
CUST-06354,2023-01-15,M,Bogotá,presencial,1,42
CUST-06355,2023-04-25,M,Bogotá,presencial,0,18
CUST-06356,2023-06-28,M,Santa Marta,presencial,0,32
CUST-06357,2024-08-28,F,Bogotá,social_media,1,56
CUST-06358,2023-06-04,M,Pereira,social_media,0,19
CUST-06359,2024-04-02,F,Bucaramanga,social_media,0,18
CUST-06360,2024-01-14,M,Santa Marta,online,0,20
CUST-06361,2023-06-29,M,Santa Marta,presencial,0,43
CUST-06362,2023-09-25,F,Barranquilla,social_media,0,46
CUST-06363,2023-08-30,F,Santa Marta,social_media,0,29
CUST-06364,2024-05-11,M,Bucaramanga,social_media,0,41
CUST-06365,2023-07-05,F,Cartagena,presencial,0,48
CUST-06366,2024-06-24,M,Santa Marta,presencial,0,52
CUST-06367,2023-02-03,F,Pereira,online,0,32
CUST-06368,2023-12-18,F,Santa Marta,online,0,18
CUST-06369,2023-03-28,M,Cartagena,presencial,0,26
CUST-06370,2023-05-29,M,Barranquilla,online,1,30
CUST-06371,2023-06-07,F,Cúcuta,social_media,0,32
CUST-06372,2024-05-22,M,Cali,online,0,33
CUST-06373,2024-02-27,F,Cartagena,social_media,0,46
CUST-06374,2024-01-28,F,Santa Marta,online,0,47
CUST-06375,2023-09-01,M,Cali,social_media,0,33
CUST-06376,2024-03-26,F,Bogotá,online,0,45
CUST-06377,2023-06-21,M,Medellín,online,1,38
CUST-06378,2023-08-04,M,Cúcuta,presencial,0,35
CUST-06379,2024-08-14,F,Cartagena,presencial,1,44
CUST-06380,2023-12-20,M,Cali,social_media,0,35
CUST-06381,2023-02-25,F,Bucaramanga,presencial,1,55
CUST-06382,2023-09-28,F,Manizales,social_media,0,20
CUST-06383,2023-04-29,M,Bucaramanga,presencial,1,29
CUST-06384,2023-02-23,M,Cúcuta,presencial,0,33
CUST-06385,2023-06-21,F,Santa Marta,social_media,0,39
CUST-06386,2024-04-20,M,Bucaramanga,online,1,47
CUST-06387,2024-02-13,F,Cartagena,social_media,0,34
CUST-06388,2024-05-02,F,Barranquilla,social_media,1,20
CUST-06389,2023-11-05,F,Medellín,social_media,0,43
CUST-06390,2024-05-02,F,Bucaramanga,presencial,0,42
CUST-06391,2024-06-29,F,Medellín,presencial,0,18
CUST-06392,2023-08-28,M,Cartagena,presencial,0,34
CUST-06393,2024-01-24,F,Bogotá,social_media,0,19
CUST-06394,2024-02-04,F,Cali,online,0,28
CUST-06395,2024-04-30,F,Cúcuta,online,0,25
CUST-06396,2023-09-26,F,Cartagena,social_media,0,43
CUST-06397,2023-05-29,F,Pereira,social_media,1,36
CUST-06398,2024-06-27,F,Manizales,online,0,22
CUST-06399,2024-03-21,M,Pereira,presencial,0,43
CUST-06400,2023-01-13,M,Pereira,social_media,0,20
CUST-06401,2023-10-23,F,Medellín,online,1,38
CUST-06402,2024-04-04,F,Bucaramanga,online,0,26
CUST-06403,2024-01-27,F,Cartagena,online,0,31
CUST-06404,2023-11-20,M,Santa Marta,presencial,0,40
CUST-06405,2024-06-26,F,Cúcuta,online,1,40
CUST-06406,2023-02-12,F,Barranquilla,online,0,48
CUST-06407,2023-04-10,F,Pereira,online,0,34
CUST-06408,2024-06-28,F,Manizales,social_media,0,38
CUST-06409,2023-12-29,F,Bucaramanga,social_media,0,30
CUST-06410,2024-03-18,F,Cali,social_media,0,36
CUST-06411,2023-10-07,M,Cartagena,online,0,39
CUST-06412,2023-12-10,F,Bogotá,online,0,34
CUST-06413,2023-10-04,F,Manizales,presencial,0,18
CUST-06414,2023-10-01,F,Medellín,online,1,38
CUST-06415,2023-04-11,F,Cúcuta,presencial,0,38
CUST-06416,2023-09-19,F,Pereira,online,0,28
CUST-06417,2024-08-21,F,Santa Marta,presencial,0,22
CUST-06418,2024-02-05,F,Bogotá,social_media,1,49
CUST-06419,2024-04-17,F,Barranquilla,online,0,39
CUST-06420,2023-09-05,F,Pereira,presencial,1,32
CUST-06421,2024-08-25,M,Santa Marta,social_media,0,23
CUST-06422,2023-07-19,M,Medellín,social_media,0,26
CUST-06423,2024-06-16,M,Medellín,online,0,48
CUST-06424,2023-12-12,F,Bucaramanga,presencial,1,36
CUST-06425,2023-07-04,M,Cali,presencial,1,29
CUST-06426,2023-11-17,M,Barranquilla,presencial,1,40
CUST-06427,2024-07-14,M,Cali,social_media,1,26
CUST-06428,2023-01-11,M,Bogotá,presencial,0,50
CUST-06429,2023-01-09,F,Bucaramanga,social_media,0,48
CUST-06430,2023-03-11,M,Medellín,presencial,0,30
CUST-06431,2023-01-13,M,Medellín,social_media,1,28
CUST-06432,2024-02-26,F,Pereira,online,0,18
CUST-06433,2023-04-11,M,Cartagena,social_media,0,20
CUST-06434,2024-06-21,F,Manizales,presencial,0,21
CUST-06435,2023-04-17,M,Medellín,social_media,1,36
CUST-06436,2024-04-01,M,Cúcuta,presencial,1,31
CUST-06437,2023-12-26,M,Manizales,online,0,21
CUST-06438,2023-08-13,F,Pereira,social_media,1,32
CUST-06439,2023-10-18,M,Cúcuta,online,0,40
CUST-06440,2023-09-15,M,Manizales,social_media,0,40
CUST-06441,2023-07-17,F,Cali,social_media,1,18
CUST-06442,2023-02-04,M,Manizales,online,0,33
CUST-06443,2023-01-25,M,Bucaramanga,online,0,21
CUST-06444,2023-04-05,M,Medellín,social_media,0,44
CUST-06445,2023-02-28,M,Bucaramanga,social_media,0,42
CUST-06446,2024-08-31,M,Cartagena,social_media,0,26
CUST-06447,2023-08-11,F,Cali,online,0,27
CUST-06448,2023-05-05,F,Bogotá,presencial,1,30
CUST-06449,2023-05-03,F,Pereira,online,1,18
CUST-06450,2023-03-30,M,Medellín,social_media,0,38
CUST-06451,2023-05-14,M,Bogotá,social_media,0,32
CUST-06452,2024-01-20,M,Bogotá,online,1,44
CUST-06453,2024-08-02,M,Pereira,social_media,0,24
CUST-06454,2023-07-09,M,Bogotá,social_media,0,28
CUST-06455,2023-04-24,F,Santa Marta,social_media,0,19
CUST-06456,2023-07-08,F,Bucaramanga,social_media,1,24
CUST-06457,2023-09-17,F,Barranquilla,social_media,0,23
CUST-06458,2023-10-29,M,Barranquilla,presencial,1,44
CUST-06459,2024-04-23,F,Cartagena,online,0,28
CUST-06460,2023-03-19,F,Medellín,online,0,36
CUST-06461,2024-04-09,F,Cartagena,online,0,31
CUST-06462,2023-10-11,F,Medellín,presencial,0,22
CUST-06463,2024-03-13,M,Barranquilla,presencial,0,33
CUST-06464,2023-11-28,M,Cúcuta,online,0,40
CUST-06465,2023-09-21,F,Cartagena,online,0,22
CUST-06466,2023-06-15,F,Bucaramanga,online,1,43
CUST-06467,2023-03-17,F,Bucaramanga,social_media,0,26
CUST-06468,2023-10-11,F,Santa Marta,presencial,0,30
CUST-06469,2023-03-05,F,Barranquilla,presencial,0,40
CUST-06470,2024-01-27,F,Cartagena,social_media,0,28
CUST-06471,2024-02-02,F,Bucaramanga,presencial,1,35
CUST-06472,2023-12-07,F,Barranquilla,online,0,31
CUST-06473,2023-03-03,F,Bucaramanga,presencial,0,36
CUST-06474,2023-09-22,M,Medellín,social_media,1,18
CUST-06475,2023-09-29,F,Pereira,online,0,18
CUST-06476,2023-07-02,M,Cali,presencial,0,41
CUST-06477,2024-03-27,M,Cúcuta,online,1,45
CUST-06478,2023-03-13,F,Barranquilla,presencial,0,25
CUST-06479,2024-05-18,F,Santa Marta,online,0,32
CUST-06480,2023-07-25,M,Cartagena,social_media,0,37
CUST-06481,2024-02-07,M,Santa Marta,social_media,0,41
CUST-06482,2023-07-02,F,Cúcuta,presencial,1,18
CUST-06483,2024-05-18,M,Cúcuta,presencial,1,26
CUST-06484,2023-04-22,F,Cúcuta,online,1,31
CUST-06485,2023-05-28,F,Cúcuta,social_media,0,42
CUST-06486,2024-07-07,M,Bucaramanga,online,1,59
CUST-06487,2024-03-17,F,Manizales,social_media,0,32
CUST-06488,2023-08-12,M,Cartagena,online,0,20
CUST-06489,2023-04-19,F,Cartagena,online,1,39
CUST-06490,2024-03-28,F,Cali,online,0,48
CUST-06491,2023-09-23,M,Pereira,presencial,0,36
CUST-06492,2023-04-16,M,Medellín,social_media,0,25
CUST-06493,2023-02-05,F,Cali,presencial,1,44
CUST-06494,2023-03-16,F,Medellín,presencial,0,41
CUST-06495,2023-03-14,M,Manizales,online,0,24
CUST-06496,2024-08-08,F,Barranquilla,social_media,1,38
CUST-06497,2023-09-14,M,Cúcuta,presencial,0,44
CUST-06498,2024-04-01,M,Manizales,online,0,46
CUST-06499,2023-01-20,M,Manizales,social_media,1,34
CUST-06500,2024-05-24,F,Manizales,social_media,0,31
CUST-06501,2023-06-02,M,Manizales,presencial,0,47
CUST-06502,2023-01-01,F,Manizales,online,0,22
CUST-06503,2023-02-08,M,Santa Marta,presencial,0,39
CUST-06504,2024-02-04,F,Medellín,social_media,1,21
CUST-06505,2023-09-30,F,Santa Marta,presencial,0,45
CUST-06506,2023-06-05,M,Manizales,online,1,32
CUST-06507,2023-12-04,M,Cúcuta,social_media,0,47
CUST-06508,2024-02-05,M,Bogotá,online,0,39
CUST-06509,2024-08-11,F,Cartagena,online,0,22
CUST-06510,2023-01-04,F,Medellín,social_media,0,49
CUST-06511,2024-06-11,F,Cúcuta,online,0,50
CUST-06512,2024-05-17,M,Cartagena,online,0,43
CUST-06513,2024-05-04,M,Manizales,online,1,27
CUST-06514,2024-03-22,M,Santa Marta,social_media,0,31
CUST-06515,2024-02-18,M,Santa Marta,online,0,36
CUST-06516,2023-03-13,M,Bogotá,presencial,0,27
CUST-06517,2024-07-07,F,Pereira,presencial,0,51
CUST-06518,2023-08-20,M,Manizales,online,0,36
CUST-06519,2023-01-04,F,Cúcuta,presencial,0,18
CUST-06520,2024-01-29,M,Cali,presencial,0,38
CUST-06521,2024-05-08,M,Bucaramanga,social_media,1,31
CUST-06522,2023-05-05,M,Cali,online,0,34
CUST-06523,2024-08-03,M,Santa Marta,social_media,0,31
CUST-06524,2024-07-02,M,Cali,online,0,43
CUST-06525,2024-01-03,F,Medellín,presencial,0,46
CUST-06526,2023-12-08,M,Santa Marta,social_media,1,37
CUST-06527,2023-11-07,F,Manizales,social_media,0,31
CUST-06528,2024-02-15,F,Manizales,presencial,1,34
CUST-06529,2023-02-26,F,Medellín,presencial,0,35
CUST-06530,2023-04-03,F,Bucaramanga,online,0,26
CUST-06531,2024-01-10,M,Cartagena,online,1,40
CUST-06532,2024-07-01,M,Medellín,presencial,1,39
CUST-06533,2023-12-15,M,Cartagena,presencial,0,50
CUST-06534,2023-03-24,M,Barranquilla,social_media,1,47
CUST-06535,2024-04-15,M,Santa Marta,social_media,0,28
CUST-06536,2023-10-24,F,Bogotá,online,0,43
CUST-06537,2023-07-27,M,Bucaramanga,social_media,0,25
CUST-06538,2023-06-30,M,Pereira,presencial,1,41
CUST-06539,2024-07-21,F,Bucaramanga,presencial,0,29
CUST-06540,2023-02-10,M,Cartagena,presencial,1,24
CUST-06541,2024-01-29,M,Barranquilla,presencial,0,37
CUST-06542,2023-07-15,F,Cartagena,online,0,18
CUST-06543,2023-11-03,M,Santa Marta,presencial,0,18
CUST-06544,2024-02-04,F,Cartagena,presencial,0,33
CUST-06545,2023-04-20,F,Cúcuta,presencial,0,35
CUST-06546,2024-01-03,M,Manizales,presencial,0,31
CUST-06547,2024-05-13,F,Pereira,online,1,19
CUST-06548,2023-03-28,M,Barranquilla,online,1,26
CUST-06549,2024-03-24,M,Cúcuta,social_media,0,38
CUST-06550,2023-07-14,M,Cartagena,online,0,40
CUST-06551,2023-05-24,F,Pereira,online,0,34
CUST-06552,2023-02-06,F,Bucaramanga,online,0,46
CUST-06553,2023-07-17,F,Cali,social_media,0,38
CUST-06554,2023-01-26,F,Cúcuta,presencial,0,27
CUST-06555,2024-08-30,F,Cali,social_media,1,32
CUST-06556,2023-09-02,F,Medellín,presencial,0,20
CUST-06557,2024-05-15,F,Cali,online,1,33
CUST-06558,2024-02-03,F,Cúcuta,presencial,1,46
CUST-06559,2023-03-06,F,Bogotá,social_media,0,41
CUST-06560,2024-07-07,F,Santa Marta,presencial,1,49
CUST-06561,2023-11-12,F,Medellín,presencial,0,31
CUST-06562,2024-05-26,M,Cali,online,1,48
CUST-06563,2024-06-30,F,Cartagena,presencial,0,33
CUST-06564,2024-04-05,M,Cúcuta,presencial,0,49
CUST-06565,2023-01-17,M,Barranquilla,online,0,34
CUST-06566,2023-02-07,M,Cartagena,social_media,0,42
CUST-06567,2023-12-14,M,Bucaramanga,online,0,49
CUST-06568,2023-02-27,F,Cartagena,presencial,0,33
CUST-06569,2023-12-12,M,Cúcuta,online,0,37
CUST-06570,2023-02-13,M,Bogotá,online,0,47
CUST-06571,2024-02-20,M,Bucaramanga,presencial,0,33
CUST-06572,2023-05-02,F,Santa Marta,social_media,0,21
CUST-06573,2023-08-05,M,Cali,online,0,56
CUST-06574,2024-06-19,M,Medellín,social_media,0,30
CUST-06575,2024-04-14,F,Bucaramanga,online,1,36
CUST-06576,2024-07-03,F,Cali,presencial,0,46
CUST-06577,2023-06-02,F,Barranquilla,presencial,0,28
CUST-06578,2024-08-16,F,Bucaramanga,online,0,24
CUST-06579,2023-08-27,F,Bucaramanga,online,1,37
CUST-06580,2023-03-15,F,Medellín,online,1,18
CUST-06581,2023-02-07,F,Cali,presencial,0,32
CUST-06582,2023-05-25,F,Santa Marta,online,0,37
CUST-06583,2024-05-15,F,Medellín,presencial,0,32
CUST-06584,2023-01-20,M,Cali,online,0,19
CUST-06585,2024-04-27,F,Santa Marta,presencial,0,50
CUST-06586,2023-02-16,M,Barranquilla,online,1,36
CUST-06587,2023-09-06,M,Bogotá,social_media,0,49
CUST-06588,2023-05-14,F,Medellín,social_media,0,32
CUST-06589,2023-01-15,F,Cali,presencial,1,26
CUST-06590,2023-06-26,F,Santa Marta,online,0,37
CUST-06591,2023-02-21,F,Santa Marta,social_media,1,32
CUST-06592,2023-11-11,M,Bucaramanga,online,1,23
CUST-06593,2023-04-10,M,Bucaramanga,online,0,49
CUST-06594,2024-04-12,F,Cali,online,0,28
CUST-06595,2023-06-24,M,Cartagena,social_media,1,18
CUST-06596,2024-08-28,F,Barranquilla,presencial,1,48
CUST-06597,2023-03-07,M,Cúcuta,social_media,0,29
CUST-06598,2023-04-19,M,Cúcuta,presencial,0,28
CUST-06599,2023-04-27,F,Santa Marta,social_media,1,18
CUST-06600,2024-05-24,F,Santa Marta,online,1,52
CUST-06601,2023-08-14,M,Bogotá,online,0,22
CUST-06602,2023-03-06,F,Manizales,online,0,35
CUST-06603,2023-07-27,M,Santa Marta,social_media,0,44
CUST-06604,2024-03-12,F,Cartagena,social_media,0,39
CUST-06605,2023-12-12,F,Barranquilla,presencial,0,34
CUST-06606,2024-02-16,F,Cúcuta,social_media,0,18
CUST-06607,2023-11-29,F,Barranquilla,presencial,0,26
CUST-06608,2023-05-04,F,Medellín,social_media,0,36
CUST-06609,2024-08-12,F,Santa Marta,online,0,27
CUST-06610,2024-07-12,F,Cartagena,social_media,0,37
CUST-06611,2023-05-21,M,Cali,online,0,41
CUST-06612,2023-11-26,F,Bucaramanga,social_media,1,44
CUST-06613,2023-08-07,M,Santa Marta,presencial,0,22
CUST-06614,2023-02-16,F,Santa Marta,social_media,0,56
CUST-06615,2024-08-30,M,Cartagena,online,1,42
CUST-06616,2023-06-27,F,Manizales,social_media,0,34
CUST-06617,2023-12-10,F,Barranquilla,presencial,0,45
CUST-06618,2023-03-06,M,Cartagena,presencial,0,58
CUST-06619,2023-05-04,F,Pereira,presencial,0,20
CUST-06620,2023-10-08,F,Pereira,presencial,0,32
CUST-06621,2023-05-25,F,Pereira,social_media,0,18
CUST-06622,2024-03-01,F,Manizales,presencial,0,36
CUST-06623,2023-06-22,F,Cartagena,social_media,0,38
CUST-06624,2024-01-14,M,Bogotá,social_media,0,34
CUST-06625,2024-07-20,F,Santa Marta,social_media,0,28
CUST-06626,2023-06-18,M,Santa Marta,presencial,0,18
CUST-06627,2024-03-25,M,Pereira,presencial,1,38
CUST-06628,2023-09-07,M,Bucaramanga,social_media,0,49
CUST-06629,2024-08-18,M,Cartagena,social_media,1,29
CUST-06630,2023-02-11,M,Cartagena,social_media,1,39
CUST-06631,2023-05-17,M,Cali,online,0,19
CUST-06632,2023-04-13,M,Cúcuta,online,1,39
CUST-06633,2024-01-21,M,Bogotá,presencial,1,31
CUST-06634,2023-06-11,F,Bucaramanga,online,1,27
CUST-06635,2023-01-17,M,Manizales,social_media,0,27
CUST-06636,2024-05-13,F,Medellín,social_media,1,31
CUST-06637,2023-03-24,M,Manizales,presencial,0,38
CUST-06638,2023-01-07,M,Manizales,presencial,1,21
CUST-06639,2023-01-08,F,Cúcuta,online,0,31
CUST-06640,2023-07-03,M,Manizales,social_media,1,34
CUST-06641,2023-04-02,F,Cúcuta,presencial,0,24
CUST-06642,2024-08-30,M,Cali,presencial,1,52
CUST-06643,2023-10-18,F,Cúcuta,online,1,26
CUST-06644,2024-03-02,F,Manizales,presencial,0,28
CUST-06645,2024-05-02,M,Barranquilla,online,0,25
CUST-06646,2023-05-10,M,Cali,social_media,0,52
CUST-06647,2023-07-31,M,Santa Marta,online,1,40
CUST-06648,2023-05-27,M,Manizales,presencial,1,25
CUST-06649,2023-10-05,F,Cúcuta,online,0,46
CUST-06650,2024-06-19,F,Medellín,online,1,37
CUST-06651,2024-04-06,F,Manizales,social_media,0,37
CUST-06652,2024-02-26,F,Cali,online,0,31
CUST-06653,2023-09-02,F,Cúcuta,presencial,0,27
CUST-06654,2023-06-28,F,Bucaramanga,presencial,0,38
CUST-06655,2023-02-08,F,Cartagena,social_media,0,29
CUST-06656,2023-07-04,M,Manizales,social_media,1,53
CUST-06657,2024-05-26,M,Santa Marta,social_media,0,22
CUST-06658,2023-04-01,M,Pereira,presencial,1,50
CUST-06659,2023-11-05,M,Bucaramanga,online,0,33
CUST-06660,2023-12-23,M,Bucaramanga,presencial,1,37
CUST-06661,2024-03-04,M,Bogotá,presencial,1,43
CUST-06662,2023-01-05,M,Cartagena,social_media,0,28
CUST-06663,2024-07-25,M,Manizales,social_media,0,43
CUST-06664,2023-08-30,F,Bucaramanga,online,1,18
CUST-06665,2023-07-16,M,Bogotá,online,0,27
CUST-06666,2023-05-01,M,Cartagena,online,0,25
CUST-06667,2024-06-26,M,Cartagena,online,0,22
CUST-06668,2023-04-08,F,Cali,presencial,1,32
CUST-06669,2024-01-06,M,Manizales,online,1,38
CUST-06670,2024-07-06,F,Santa Marta,presencial,1,42
CUST-06671,2024-06-03,F,Bucaramanga,presencial,1,37
CUST-06672,2023-08-13,M,Bucaramanga,online,0,28
CUST-06673,2024-04-20,F,Medellín,online,1,38
CUST-06674,2023-08-02,M,Cúcuta,presencial,0,36
CUST-06675,2023-10-11,M,Medellín,social_media,0,44
CUST-06676,2023-02-24,M,Bucaramanga,online,0,42
CUST-06677,2023-07-18,F,Manizales,social_media,0,35
CUST-06678,2023-04-26,M,Medellín,presencial,1,26
CUST-06679,2023-06-02,M,Santa Marta,social_media,0,28
CUST-06680,2024-04-30,M,Santa Marta,presencial,0,29
CUST-06681,2024-05-24,F,Barranquilla,social_media,0,31
CUST-06682,2023-06-30,F,Barranquilla,social_media,0,37
CUST-06683,2023-06-13,F,Barranquilla,social_media,0,42
CUST-06684,2023-02-14,F,Cartagena,presencial,1,34
CUST-06685,2023-02-25,M,Manizales,presencial,0,35
CUST-06686,2024-01-08,M,Medellín,presencial,1,36
CUST-06687,2023-10-19,F,Cartagena,online,0,29
CUST-06688,2023-08-03,M,Medellín,presencial,0,25
CUST-06689,2024-03-21,F,Manizales,online,0,18
CUST-06690,2023-09-15,M,Bogotá,presencial,0,28
CUST-06691,2023-12-09,M,Pereira,online,0,39
CUST-06692,2024-04-09,F,Cali,social_media,0,27
CUST-06693,2023-02-14,F,Barranquilla,social_media,0,32
CUST-06694,2023-04-17,M,Manizales,presencial,0,39
CUST-06695,2023-02-23,F,Cali,online,0,40
CUST-06696,2024-07-04,M,Pereira,social_media,0,24
CUST-06697,2023-06-30,M,Bogotá,social_media,1,44
CUST-06698,2023-06-11,M,Santa Marta,online,0,46
CUST-06699,2023-01-30,M,Bucaramanga,presencial,0,23
CUST-06700,2024-05-11,F,Cali,social_media,1,26
CUST-06701,2024-06-11,M,Pereira,presencial,1,46
CUST-06702,2023-04-29,M,Cartagena,presencial,0,33
CUST-06703,2023-03-14,M,Manizales,online,0,18
CUST-06704,2023-08-29,F,Manizales,online,0,21
CUST-06705,2024-03-31,M,Santa Marta,social_media,0,32
CUST-06706,2024-08-29,F,Bucaramanga,online,0,23
CUST-06707,2024-08-16,F,Barranquilla,social_media,0,30
CUST-06708,2023-11-30,F,Medellín,social_media,0,35
CUST-06709,2024-03-05,F,Cali,social_media,0,49
CUST-06710,2023-07-23,F,Cartagena,presencial,0,32
CUST-06711,2023-11-30,F,Manizales,presencial,0,45
CUST-06712,2023-08-24,F,Cúcuta,online,0,49
CUST-06713,2023-04-23,M,Medellín,online,0,49
CUST-06714,2023-11-30,M,Cartagena,social_media,0,37
CUST-06715,2023-08-22,F,Santa Marta,social_media,0,18
CUST-06716,2023-04-11,F,Medellín,presencial,1,39
CUST-06717,2023-08-31,F,Manizales,presencial,1,45
CUST-06718,2024-02-27,M,Cali,social_media,0,34
CUST-06719,2023-07-24,F,Manizales,social_media,0,52
CUST-06720,2024-01-20,M,Barranquilla,online,0,43
CUST-06721,2023-08-14,M,Barranquilla,social_media,0,40
CUST-06722,2023-03-17,F,Pereira,social_media,1,45
CUST-06723,2024-04-27,M,Cartagena,social_media,0,38
CUST-06724,2024-08-22,F,Barranquilla,presencial,1,18
CUST-06725,2024-05-11,F,Pereira,presencial,0,30
CUST-06726,2023-02-25,F,Cali,online,0,46
CUST-06727,2024-03-22,M,Santa Marta,online,0,26
CUST-06728,2023-05-29,F,Cartagena,online,0,32
CUST-06729,2023-08-10,M,Cali,social_media,1,24
CUST-06730,2024-04-10,F,Medellín,social_media,1,52
CUST-06731,2023-07-02,F,Pereira,presencial,0,51
CUST-06732,2024-02-01,F,Pereira,social_media,0,26
CUST-06733,2024-01-18,F,Cartagena,social_media,0,36
CUST-06734,2023-05-20,F,Barranquilla,presencial,0,28
CUST-06735,2024-04-13,M,Medellín,online,0,41
CUST-06736,2023-07-18,F,Medellín,social_media,0,40
CUST-06737,2024-01-03,F,Pereira,presencial,1,43
CUST-06738,2023-10-04,F,Cúcuta,presencial,1,38
CUST-06739,2023-07-27,M,Pereira,online,0,64
CUST-06740,2023-12-10,F,Barranquilla,presencial,0,24
CUST-06741,2023-05-11,F,Barranquilla,online,1,18
CUST-06742,2023-02-02,F,Barranquilla,online,1,31
CUST-06743,2024-08-05,F,Medellín,online,0,19
CUST-06744,2023-03-03,M,Santa Marta,online,1,20
CUST-06745,2023-10-15,F,Bogotá,online,1,24
CUST-06746,2023-05-20,M,Manizales,presencial,0,25
CUST-06747,2023-04-24,M,Bucaramanga,social_media,1,25
CUST-06748,2024-04-21,M,Cúcuta,online,0,40
CUST-06749,2024-04-14,M,Pereira,online,1,29
CUST-06750,2024-03-04,F,Cartagena,social_media,0,33
CUST-06751,2023-06-25,F,Bucaramanga,social_media,0,43
CUST-06752,2023-12-18,M,Bucaramanga,online,0,27
CUST-06753,2023-08-14,M,Santa Marta,social_media,0,32
CUST-06754,2023-10-30,M,Cúcuta,online,1,38
CUST-06755,2023-06-10,F,Barranquilla,presencial,0,18
CUST-06756,2023-06-24,M,Cartagena,social_media,0,18
CUST-06757,2024-08-14,M,Barranquilla,social_media,1,38
CUST-06758,2024-07-20,M,Bogotá,presencial,0,39
CUST-06759,2023-08-24,M,Cúcuta,social_media,1,55
CUST-06760,2023-03-30,M,Bucaramanga,presencial,1,36
CUST-06761,2024-02-26,F,Cartagena,online,0,43
CUST-06762,2024-06-18,M,Barranquilla,social_media,0,33
CUST-06763,2024-05-15,F,Bucaramanga,social_media,0,37
CUST-06764,2023-08-10,F,Cartagena,presencial,0,51
CUST-06765,2024-08-28,F,Cali,online,0,18
CUST-06766,2024-04-29,F,Medellín,online,0,39
CUST-06767,2024-04-18,F,Bucaramanga,presencial,0,56
CUST-06768,2023-10-13,M,Barranquilla,social_media,0,37
CUST-06769,2023-01-15,F,Cúcuta,social_media,1,51
CUST-06770,2024-03-14,F,Cali,presencial,0,28
CUST-06771,2023-09-10,M,Manizales,presencial,0,34
CUST-06772,2023-09-11,F,Santa Marta,presencial,1,35
CUST-06773,2023-12-02,M,Pereira,social_media,0,18
CUST-06774,2024-03-20,M,Medellín,presencial,1,23
CUST-06775,2024-08-16,M,Manizales,online,0,24
CUST-06776,2023-08-16,M,Cartagena,presencial,0,43
CUST-06777,2024-08-28,M,Cúcuta,online,1,43
CUST-06778,2023-06-02,F,Pereira,online,1,38
CUST-06779,2024-08-10,M,Cartagena,presencial,0,43
CUST-06780,2023-01-06,M,Medellín,online,0,33
CUST-06781,2024-03-03,F,Barranquilla,social_media,1,47
CUST-06782,2023-02-15,F,Cartagena,presencial,1,35
CUST-06783,2023-02-11,F,Bucaramanga,social_media,0,35
CUST-06784,2024-04-26,F,Cartagena,social_media,0,32
CUST-06785,2024-05-31,M,Cúcuta,online,1,41
CUST-06786,2023-02-04,F,Bogotá,social_media,0,30
CUST-06787,2024-03-11,M,Bogotá,social_media,1,44
CUST-06788,2024-06-27,F,Cali,presencial,0,23
CUST-06789,2024-02-08,F,Santa Marta,presencial,0,24
CUST-06790,2024-05-05,F,Medellín,social_media,0,41
CUST-06791,2023-04-11,F,Cúcuta,online,0,34
CUST-06792,2024-04-08,F,Cartagena,online,1,30
CUST-06793,2024-05-22,M,Santa Marta,presencial,0,43
CUST-06794,2023-09-04,M,Pereira,presencial,1,28
CUST-06795,2023-03-27,M,Manizales,presencial,1,32
CUST-06796,2024-07-25,F,Medellín,online,0,48
CUST-06797,2023-01-13,M,Cartagena,presencial,0,50
CUST-06798,2024-02-21,F,Santa Marta,social_media,0,50
CUST-06799,2023-08-12,F,Bogotá,online,0,32
CUST-06800,2023-05-16,M,Bogotá,social_media,0,47
CUST-06801,2024-01-03,M,Cúcuta,presencial,0,25
CUST-06802,2023-10-30,F,Manizales,online,0,25
CUST-06803,2023-09-02,F,Medellín,presencial,0,18
CUST-06804,2023-04-03,M,Santa Marta,online,1,51
CUST-06805,2023-01-17,F,Cúcuta,presencial,0,26
CUST-06806,2024-05-06,M,Santa Marta,online,0,33
CUST-06807,2023-11-09,M,Barranquilla,online,1,25
CUST-06808,2023-06-15,F,Medellín,online,1,41
CUST-06809,2024-04-15,F,Cali,social_media,0,31
CUST-06810,2024-08-07,F,Cúcuta,presencial,0,21
CUST-06811,2024-08-20,F,Bogotá,presencial,1,39
CUST-06812,2023-01-25,M,Cali,online,0,20
CUST-06813,2024-04-10,F,Cartagena,social_media,1,26
CUST-06814,2024-04-19,M,Cali,online,0,18
CUST-06815,2023-05-22,M,Cali,presencial,0,20
CUST-06816,2024-02-20,F,Cúcuta,presencial,1,36
CUST-06817,2023-07-09,M,Bucaramanga,online,0,18
CUST-06818,2024-01-15,F,Cali,online,0,20
CUST-06819,2024-04-20,F,Cali,online,0,34
CUST-06820,2023-01-02,M,Santa Marta,presencial,1,29
CUST-06821,2023-03-14,M,Medellín,online,1,54
CUST-06822,2024-01-30,M,Bogotá,online,1,53
CUST-06823,2023-12-07,F,Cúcuta,presencial,0,26
CUST-06824,2024-06-27,F,Manizales,online,0,40
CUST-06825,2023-02-03,M,Cali,social_media,1,42
CUST-06826,2023-10-31,F,Pereira,presencial,0,29
CUST-06827,2024-03-12,F,Medellín,online,0,20
CUST-06828,2023-10-04,M,Manizales,online,0,34
CUST-06829,2024-07-09,F,Santa Marta,presencial,1,33
CUST-06830,2024-08-12,M,Manizales,presencial,0,30
CUST-06831,2023-08-01,M,Manizales,social_media,0,39
CUST-06832,2023-03-24,M,Manizales,online,1,27
CUST-06833,2023-12-10,F,Pereira,online,0,23
CUST-06834,2023-02-26,M,Medellín,online,0,36
CUST-06835,2024-06-11,M,Manizales,presencial,1,38
CUST-06836,2024-01-08,M,Cartagena,presencial,0,23
CUST-06837,2023-02-22,M,Bucaramanga,presencial,0,44
CUST-06838,2023-04-24,F,Barranquilla,online,0,18
CUST-06839,2024-01-28,M,Bogotá,online,0,29
CUST-06840,2024-01-10,F,Cartagena,presencial,0,32
CUST-06841,2024-04-21,M,Cali,social_media,0,28
CUST-06842,2023-02-11,F,Santa Marta,online,0,29
CUST-06843,2024-01-10,F,Barranquilla,social_media,0,53
CUST-06844,2024-01-11,F,Cúcuta,presencial,1,26
CUST-06845,2023-06-29,F,Medellín,online,1,59
CUST-06846,2024-07-26,M,Barranquilla,social_media,1,39
CUST-06847,2023-03-10,M,Cali,online,0,35
CUST-06848,2024-07-28,F,Cali,social_media,0,39
CUST-06849,2023-07-29,F,Cartagena,online,1,60
CUST-06850,2023-05-22,F,Bogotá,social_media,0,25
CUST-06851,2023-12-09,M,Cartagena,social_media,1,23
CUST-06852,2023-09-02,F,Manizales,presencial,0,27
CUST-06853,2024-07-06,F,Cúcuta,presencial,0,35
CUST-06854,2023-04-27,M,Santa Marta,social_media,0,18
CUST-06855,2024-05-04,M,Bogotá,online,0,35
CUST-06856,2024-08-17,M,Medellín,social_media,0,51
CUST-06857,2023-08-03,M,Medellín,online,0,36
CUST-06858,2023-08-19,M,Bucaramanga,online,0,32
CUST-06859,2023-11-25,M,Bogotá,online,1,28
CUST-06860,2023-12-28,F,Bogotá,online,0,43
CUST-06861,2023-10-01,F,Medellín,presencial,1,26
CUST-06862,2024-05-30,M,Barranquilla,social_media,0,53
CUST-06863,2024-03-09,F,Medellín,online,0,54
CUST-06864,2023-10-11,M,Barranquilla,presencial,1,37
CUST-06865,2023-02-25,F,Cali,online,1,34
CUST-06866,2023-03-06,M,Cali,online,0,45
CUST-06867,2024-01-17,M,Santa Marta,presencial,0,45
CUST-06868,2023-12-20,F,Manizales,presencial,0,26
CUST-06869,2024-04-08,F,Cúcuta,online,0,29
CUST-06870,2024-05-12,M,Santa Marta,social_media,1,21
CUST-06871,2024-05-28,M,Bogotá,presencial,0,39
CUST-06872,2024-06-23,M,Cartagena,social_media,0,41
CUST-06873,2023-05-06,M,Barranquilla,online,0,21
CUST-06874,2024-04-26,M,Santa Marta,online,0,30
CUST-06875,2024-06-28,M,Cali,online,0,21
CUST-06876,2024-06-29,F,Cartagena,online,0,26
CUST-06877,2023-10-27,F,Manizales,online,0,40
CUST-06878,2024-04-07,F,Cúcuta,online,0,27
CUST-06879,2024-01-12,F,Cartagena,social_media,1,31
CUST-06880,2023-03-09,F,Santa Marta,presencial,0,18
CUST-06881,2023-07-12,M,Medellín,online,1,36
CUST-06882,2024-04-13,M,Bucaramanga,presencial,0,34
CUST-06883,2023-03-31,F,Cartagena,social_media,0,27
CUST-06884,2023-03-24,M,Santa Marta,online,1,33
CUST-06885,2024-02-05,F,Pereira,online,0,36
CUST-06886,2023-07-03,F,Manizales,presencial,1,26
CUST-06887,2023-10-23,M,Pereira,presencial,1,20
CUST-06888,2023-03-20,M,Cúcuta,presencial,0,53
CUST-06889,2023-04-22,F,Cúcuta,online,1,28
CUST-06890,2023-06-18,F,Cartagena,presencial,0,34
CUST-06891,2023-10-10,F,Cartagena,presencial,0,45
CUST-06892,2023-04-25,F,Barranquilla,social_media,1,70
CUST-06893,2023-06-01,M,Medellín,online,0,22
CUST-06894,2024-05-23,F,Santa Marta,online,1,39
CUST-06895,2023-06-04,M,Cúcuta,online,0,27
CUST-06896,2023-07-29,F,Cúcuta,presencial,0,29
CUST-06897,2024-06-17,F,Cúcuta,social_media,0,27
CUST-06898,2023-01-24,M,Cúcuta,presencial,0,23
CUST-06899,2023-10-28,M,Cali,online,0,34
CUST-06900,2024-03-02,M,Cali,presencial,0,20
CUST-06901,2024-07-08,M,Cali,online,0,44
CUST-06902,2023-05-16,M,Manizales,presencial,1,35
CUST-06903,2024-04-30,F,Bucaramanga,presencial,0,39
CUST-06904,2023-12-22,F,Bogotá,online,0,30
CUST-06905,2024-03-06,F,Cali,presencial,0,31
CUST-06906,2024-03-30,M,Barranquilla,online,0,37
CUST-06907,2023-01-22,M,Medellín,presencial,0,23
CUST-06908,2023-10-26,M,Bucaramanga,presencial,0,31
CUST-06909,2023-07-13,F,Cúcuta,presencial,0,26
CUST-06910,2023-03-06,M,Bogotá,online,0,26
CUST-06911,2023-01-23,F,Bogotá,presencial,0,18
CUST-06912,2023-08-26,F,Manizales,presencial,1,48
CUST-06913,2024-06-16,F,Barranquilla,social_media,1,28
CUST-06914,2023-12-10,M,Bogotá,social_media,0,46
CUST-06915,2024-02-26,F,Pereira,online,0,45
CUST-06916,2024-08-15,F,Santa Marta,online,0,22
CUST-06917,2023-12-18,F,Cúcuta,online,1,24
CUST-06918,2023-12-01,M,Pereira,online,1,60
CUST-06919,2024-05-12,F,Bogotá,presencial,0,52
CUST-06920,2024-08-30,M,Bogotá,presencial,0,34
CUST-06921,2024-06-26,M,Bogotá,online,1,37
CUST-06922,2024-07-15,F,Manizales,online,0,28
CUST-06923,2024-03-31,F,Pereira,social_media,1,39
CUST-06924,2024-04-13,M,Cali,online,0,27
CUST-06925,2023-11-08,F,Cali,social_media,1,18
CUST-06926,2024-08-03,M,Cali,online,1,21
CUST-06927,2023-05-16,M,Medellín,online,0,35
CUST-06928,2023-11-10,M,Barranquilla,presencial,0,23
CUST-06929,2023-06-25,F,Pereira,online,1,34
CUST-06930,2023-09-24,M,Santa Marta,social_media,1,24
CUST-06931,2023-08-21,M,Cali,presencial,0,27
CUST-06932,2024-05-10,F,Cúcuta,social_media,0,43
CUST-06933,2024-01-16,F,Pereira,online,1,37
CUST-06934,2023-10-23,M,Barranquilla,presencial,0,34
CUST-06935,2023-02-18,M,Bogotá,social_media,0,43
CUST-06936,2023-06-01,M,Cartagena,online,1,39
CUST-06937,2023-12-28,F,Manizales,social_media,0,49
CUST-06938,2023-10-19,M,Cali,online,1,30
CUST-06939,2024-04-11,M,Cúcuta,social_media,1,30
CUST-06940,2023-06-20,F,Barranquilla,online,1,21
CUST-06941,2023-06-14,F,Cali,social_media,0,30
CUST-06942,2024-07-02,M,Cúcuta,presencial,1,44
CUST-06943,2023-10-20,F,Manizales,online,0,47
CUST-06944,2023-07-06,M,Cúcuta,online,0,44
CUST-06945,2023-06-29,M,Manizales,social_media,0,18
CUST-06946,2023-06-07,F,Barranquilla,online,0,45
CUST-06947,2023-06-15,M,Medellín,presencial,0,18
CUST-06948,2023-09-01,M,Cali,social_media,1,43
CUST-06949,2023-04-30,F,Cali,social_media,1,31
CUST-06950,2023-02-12,M,Barranquilla,social_media,1,42
CUST-06951,2023-11-21,F,Medellín,presencial,1,21
CUST-06952,2024-08-11,M,Medellín,presencial,0,46
CUST-06953,2023-05-10,F,Cali,online,0,20
CUST-06954,2024-03-27,F,Bogotá,social_media,0,28
CUST-06955,2023-09-24,F,Manizales,presencial,0,25
CUST-06956,2024-01-14,F,Bucaramanga,online,0,18
CUST-06957,2023-07-08,F,Cali,presencial,0,35
CUST-06958,2023-07-30,F,Bogotá,presencial,0,53
CUST-06959,2024-07-29,M,Cali,presencial,0,61
CUST-06960,2023-02-05,M,Bogotá,online,0,35
CUST-06961,2023-11-21,F,Cali,presencial,0,46
CUST-06962,2023-12-19,M,Barranquilla,presencial,0,37
CUST-06963,2023-06-01,F,Bucaramanga,presencial,0,39
CUST-06964,2024-01-17,F,Pereira,social_media,0,31
CUST-06965,2024-04-04,M,Pereira,presencial,0,36
CUST-06966,2024-07-06,F,Santa Marta,social_media,0,40
CUST-06967,2023-06-16,M,Manizales,presencial,0,29
CUST-06968,2024-06-30,F,Barranquilla,social_media,0,34
CUST-06969,2023-11-05,F,Bucaramanga,presencial,0,34
CUST-06970,2023-05-05,M,Bogotá,social_media,0,43
CUST-06971,2023-01-26,F,Manizales,social_media,0,24
CUST-06972,2024-02-19,F,Bucaramanga,social_media,0,34
CUST-06973,2024-05-26,F,Medellín,presencial,1,54
CUST-06974,2023-05-29,M,Manizales,online,0,46
CUST-06975,2024-04-14,M,Barranquilla,social_media,0,48
CUST-06976,2023-11-24,M,Santa Marta,social_media,0,35
CUST-06977,2023-06-09,M,Barranquilla,social_media,1,38
CUST-06978,2023-01-05,M,Bogotá,social_media,1,45
CUST-06979,2024-07-13,F,Pereira,social_media,0,50
CUST-06980,2024-06-03,M,Cúcuta,online,1,18
CUST-06981,2023-12-06,M,Cartagena,presencial,0,21
CUST-06982,2023-10-30,F,Cúcuta,online,1,48
CUST-06983,2024-04-30,F,Cartagena,presencial,0,32
CUST-06984,2023-10-24,M,Barranquilla,online,0,28
CUST-06985,2024-08-10,F,Bucaramanga,presencial,0,22
CUST-06986,2023-05-31,F,Bogotá,social_media,1,29
CUST-06987,2024-08-01,F,Cali,presencial,1,20
CUST-06988,2024-03-28,M,Pereira,presencial,0,55
CUST-06989,2023-12-13,F,Manizales,social_media,0,34
CUST-06990,2023-04-26,F,Santa Marta,social_media,0,34
CUST-06991,2024-05-05,M,Bogotá,presencial,1,40
CUST-06992,2023-02-11,F,Barranquilla,presencial,0,44
CUST-06993,2023-05-23,F,Medellín,social_media,0,44
CUST-06994,2024-07-18,M,Medellín,online,0,45
CUST-06995,2023-04-30,M,Bogotá,social_media,0,28
CUST-06996,2023-11-12,M,Cartagena,presencial,0,32
CUST-06997,2023-01-26,F,Medellín,presencial,0,42
CUST-06998,2024-02-16,M,Barranquilla,presencial,0,29
CUST-06999,2023-08-14,M,Santa Marta,social_media,0,34
CUST-07000,2024-04-01,F,Cali,social_media,0,38
CUST-07001,2024-01-01,F,Manizales,online,1,42
CUST-07002,2023-04-05,F,Cúcuta,presencial,0,18
CUST-07003,2023-12-01,F,Bucaramanga,presencial,1,42
CUST-07004,2023-02-26,F,Cúcuta,social_media,0,32
CUST-07005,2023-07-19,M,Cartagena,presencial,0,42
CUST-07006,2024-08-20,M,Medellín,online,1,42
CUST-07007,2024-06-23,M,Cali,social_media,0,51
CUST-07008,2023-08-16,F,Manizales,presencial,0,48
CUST-07009,2023-10-12,M,Santa Marta,social_media,0,48
CUST-07010,2023-07-20,F,Pereira,social_media,1,49
CUST-07011,2023-01-24,F,Bogotá,online,0,37
CUST-07012,2023-03-27,M,Bucaramanga,social_media,0,35
CUST-07013,2024-07-05,M,Pereira,presencial,0,43
CUST-07014,2024-04-01,F,Bucaramanga,online,1,42
CUST-07015,2023-03-31,F,Cúcuta,social_media,0,31
CUST-07016,2024-06-08,M,Medellín,presencial,0,39
CUST-07017,2024-02-08,M,Santa Marta,social_media,0,34
CUST-07018,2023-07-19,F,Cali,social_media,1,26
CUST-07019,2024-05-17,F,Bucaramanga,online,0,47
CUST-07020,2023-11-22,F,Bucaramanga,online,0,35
CUST-07021,2024-06-07,F,Manizales,online,0,55
CUST-07022,2023-02-27,M,Barranquilla,online,0,18
CUST-07023,2024-01-05,M,Bucaramanga,presencial,1,29
CUST-07024,2024-02-12,F,Bogotá,social_media,1,35
CUST-07025,2023-06-01,F,Santa Marta,online,0,46
CUST-07026,2024-03-13,M,Santa Marta,presencial,0,38
CUST-07027,2024-01-14,F,Pereira,online,1,38
CUST-07028,2024-01-31,F,Bogotá,social_media,0,23
CUST-07029,2024-01-17,F,Cali,online,0,23
CUST-07030,2023-01-13,F,Cartagena,social_media,0,38
CUST-07031,2023-10-19,F,Barranquilla,social_media,0,21
CUST-07032,2023-12-20,F,Cartagena,presencial,0,29
CUST-07033,2023-12-26,M,Pereira,online,0,40
CUST-07034,2023-11-12,F,Santa Marta,online,1,25
CUST-07035,2024-04-01,M,Bogotá,social_media,1,51
CUST-07036,2024-07-28,M,Cartagena,online,0,47
CUST-07037,2023-03-31,M,Cali,social_media,1,19
CUST-07038,2023-08-09,F,Cali,presencial,1,25
CUST-07039,2024-03-30,F,Medellín,online,0,18
CUST-07040,2024-03-01,F,Bucaramanga,social_media,0,27
CUST-07041,2024-03-29,M,Bucaramanga,online,0,42
CUST-07042,2023-10-23,M,Cali,online,0,30
CUST-07043,2023-06-17,F,Bogotá,presencial,0,39
CUST-07044,2024-03-10,F,Pereira,social_media,0,19
CUST-07045,2024-02-29,M,Medellín,presencial,0,42
CUST-07046,2023-05-23,M,Manizales,presencial,0,29
CUST-07047,2024-08-24,M,Cali,presencial,0,35
CUST-07048,2023-03-30,F,Bogotá,social_media,1,34
CUST-07049,2023-05-28,M,Cúcuta,social_media,0,22
CUST-07050,2023-08-01,M,Santa Marta,online,0,23
CUST-07051,2023-11-07,M,Cartagena,social_media,1,44
CUST-07052,2024-05-01,F,Bogotá,presencial,0,38
CUST-07053,2024-06-21,F,Cúcuta,social_media,1,45
CUST-07054,2023-12-10,F,Bucaramanga,online,0,38
CUST-07055,2023-03-09,M,Cúcuta,presencial,0,36
CUST-07056,2024-08-27,M,Cali,online,1,18
CUST-07057,2024-01-20,M,Barranquilla,social_media,0,32
CUST-07058,2023-04-01,M,Manizales,online,1,34
CUST-07059,2023-01-07,F,Cartagena,online,0,54
CUST-07060,2024-02-24,M,Bucaramanga,social_media,0,41
CUST-07061,2023-10-07,M,Cúcuta,online,0,50
CUST-07062,2024-02-29,F,Barranquilla,social_media,1,40
CUST-07063,2023-06-29,M,Bucaramanga,presencial,1,27
CUST-07064,2024-07-23,M,Cali,online,0,36
CUST-07065,2024-04-18,M,Cúcuta,presencial,0,37
CUST-07066,2024-08-04,F,Bogotá,social_media,1,25
CUST-07067,2023-05-21,M,Bucaramanga,social_media,0,31
CUST-07068,2023-07-24,F,Bogotá,online,1,32
CUST-07069,2023-07-10,M,Cúcuta,online,0,51
CUST-07070,2024-01-26,F,Cali,social_media,0,18
CUST-07071,2023-10-24,F,Manizales,social_media,0,47
CUST-07072,2024-07-21,F,Pereira,presencial,1,25
CUST-07073,2024-05-17,M,Manizales,presencial,1,21
CUST-07074,2023-02-13,M,Cúcuta,online,1,46
CUST-07075,2023-11-06,F,Cúcuta,online,0,42
CUST-07076,2024-08-22,F,Medellín,online,1,47
CUST-07077,2023-11-08,M,Cúcuta,online,1,43
CUST-07078,2024-05-20,F,Pereira,online,0,55
CUST-07079,2024-07-26,M,Barranquilla,online,1,40
CUST-07080,2024-04-19,M,Bogotá,online,0,33
CUST-07081,2023-08-18,F,Cali,online,0,38
CUST-07082,2023-01-28,F,Cartagena,presencial,0,47
CUST-07083,2023-01-03,M,Cúcuta,social_media,0,27
CUST-07084,2023-06-07,M,Manizales,social_media,0,28
CUST-07085,2023-09-26,M,Medellín,online,0,31
CUST-07086,2023-11-04,F,Medellín,social_media,0,18
CUST-07087,2024-04-28,M,Manizales,online,1,36
CUST-07088,2023-05-08,F,Santa Marta,presencial,0,18
CUST-07089,2023-10-22,F,Cúcuta,online,0,35
CUST-07090,2024-03-03,M,Bogotá,presencial,0,43
CUST-07091,2023-07-03,F,Medellín,presencial,0,30
CUST-07092,2024-05-18,F,Barranquilla,presencial,0,51
CUST-07093,2023-09-08,F,Cali,online,0,20
CUST-07094,2023-01-30,F,Bogotá,presencial,0,46
CUST-07095,2023-05-03,M,Barranquilla,online,0,41
CUST-07096,2023-10-11,M,Medellín,presencial,0,18
CUST-07097,2024-05-19,F,Cúcuta,presencial,0,62
CUST-07098,2023-03-10,F,Cartagena,social_media,0,34
CUST-07099,2024-01-06,F,Bogotá,online,1,26
CUST-07100,2024-08-18,F,Manizales,social_media,0,20
CUST-07101,2024-05-07,F,Cúcuta,presencial,1,32
CUST-07102,2024-08-02,M,Medellín,social_media,0,33
CUST-07103,2024-03-22,M,Cali,presencial,1,36
CUST-07104,2023-09-22,M,Cali,social_media,1,32
CUST-07105,2024-05-02,M,Barranquilla,social_media,0,41
CUST-07106,2023-05-03,F,Pereira,online,0,31
CUST-07107,2024-01-18,F,Santa Marta,online,0,18
CUST-07108,2024-06-08,M,Cali,social_media,0,33
CUST-07109,2024-08-12,M,Bogotá,social_media,0,18
CUST-07110,2023-01-18,M,Cúcuta,online,1,38
CUST-07111,2023-09-23,F,Bogotá,presencial,1,25
CUST-07112,2023-06-16,F,Bucaramanga,presencial,0,36
CUST-07113,2024-08-18,F,Cartagena,presencial,0,48
CUST-07114,2023-03-01,M,Cúcuta,presencial,0,25
CUST-07115,2023-05-30,M,Pereira,social_media,0,45
CUST-07116,2023-11-24,F,Pereira,presencial,1,30
CUST-07117,2024-04-17,F,Cali,social_media,0,52
CUST-07118,2023-05-19,F,Pereira,social_media,1,31
CUST-07119,2024-01-01,M,Santa Marta,presencial,0,26
CUST-07120,2023-06-17,F,Manizales,presencial,0,41
CUST-07121,2023-02-24,F,Cali,presencial,0,30
CUST-07122,2023-10-07,M,Cúcuta,online,0,26
CUST-07123,2024-01-05,F,Cartagena,social_media,1,30
CUST-07124,2024-03-05,F,Manizales,presencial,0,34
CUST-07125,2023-12-31,F,Medellín,online,0,48
CUST-07126,2023-02-19,F,Pereira,social_media,0,18
CUST-07127,2023-10-24,M,Cúcuta,social_media,0,35
CUST-07128,2023-10-26,F,Cúcuta,social_media,0,41
CUST-07129,2024-06-26,M,Pereira,presencial,1,36
CUST-07130,2023-03-20,F,Manizales,presencial,0,48
CUST-07131,2024-06-10,M,Bogotá,social_media,0,34
CUST-07132,2023-07-18,F,Manizales,social_media,1,33
CUST-07133,2023-07-07,F,Bogotá,online,0,40
CUST-07134,2023-04-07,M,Cali,online,0,35
CUST-07135,2023-06-21,F,Santa Marta,social_media,0,31
CUST-07136,2024-07-10,F,Barranquilla,online,0,40
CUST-07137,2023-11-27,M,Cúcuta,social_media,0,28
CUST-07138,2023-11-20,F,Santa Marta,online,1,28
CUST-07139,2023-11-05,F,Bogotá,social_media,0,29
CUST-07140,2023-10-05,F,Manizales,presencial,1,48
CUST-07141,2024-01-07,F,Cali,social_media,0,18
CUST-07142,2023-04-09,F,Pereira,presencial,1,38
CUST-07143,2024-07-01,M,Medellín,social_media,1,35
CUST-07144,2024-08-16,M,Pereira,presencial,0,18
CUST-07145,2023-12-27,F,Pereira,online,0,38
CUST-07146,2023-05-28,F,Santa Marta,presencial,1,39
CUST-07147,2023-01-14,M,Medellín,online,0,40
CUST-07148,2023-05-21,M,Manizales,social_media,0,18
CUST-07149,2024-06-14,M,Cartagena,online,0,48
CUST-07150,2023-10-16,M,Cúcuta,online,1,27
CUST-07151,2024-01-17,M,Santa Marta,online,0,41
CUST-07152,2024-05-11,M,Manizales,social_media,0,42
CUST-07153,2024-02-26,F,Cali,presencial,1,26
CUST-07154,2023-12-15,F,Cali,online,0,41
CUST-07155,2023-06-16,F,Cúcuta,social_media,0,31
CUST-07156,2023-04-15,F,Manizales,online,0,18
CUST-07157,2023-08-12,F,Santa Marta,presencial,1,46
CUST-07158,2023-06-08,M,Medellín,online,0,27
CUST-07159,2024-05-30,M,Cali,online,1,26
CUST-07160,2023-08-15,M,Manizales,online,1,30
CUST-07161,2023-07-12,M,Medellín,presencial,0,37
CUST-07162,2024-07-26,M,Manizales,presencial,0,34
CUST-07163,2024-06-22,M,Cartagena,social_media,1,40
CUST-07164,2024-06-28,F,Bucaramanga,online,0,21
CUST-07165,2024-07-18,F,Cúcuta,online,0,27
CUST-07166,2023-04-27,M,Barranquilla,online,0,33
CUST-07167,2024-03-03,F,Cali,online,1,53
CUST-07168,2024-04-16,M,Manizales,presencial,0,33
CUST-07169,2023-03-20,F,Santa Marta,presencial,0,45
CUST-07170,2023-04-30,M,Manizales,online,0,35
CUST-07171,2023-05-15,M,Santa Marta,online,0,30
CUST-07172,2023-01-18,F,Bogotá,online,0,32
CUST-07173,2024-05-06,M,Cartagena,online,0,33
CUST-07174,2023-12-23,F,Pereira,social_media,0,41
CUST-07175,2023-11-16,F,Manizales,social_media,0,48
CUST-07176,2024-01-07,M,Medellín,online,0,38
CUST-07177,2023-05-23,M,Barranquilla,online,0,46
CUST-07178,2024-03-28,M,Pereira,online,1,25
CUST-07179,2024-06-19,F,Cartagena,social_media,0,30
CUST-07180,2023-12-17,F,Bogotá,presencial,0,27
CUST-07181,2023-06-26,M,Medellín,social_media,0,38
CUST-07182,2023-11-08,M,Cartagena,social_media,1,31
CUST-07183,2023-01-30,M,Bucaramanga,online,1,42
CUST-07184,2023-05-02,M,Bogotá,online,0,25
CUST-07185,2023-08-16,M,Cali,presencial,1,35
CUST-07186,2023-05-12,M,Bucaramanga,online,0,41
CUST-07187,2023-05-26,M,Bucaramanga,online,0,18
CUST-07188,2023-08-21,F,Pereira,presencial,0,56
CUST-07189,2023-11-11,F,Cúcuta,online,0,32
CUST-07190,2023-05-09,M,Cali,online,0,18
CUST-07191,2023-08-03,M,Bogotá,online,1,36
CUST-07192,2023-05-14,F,Pereira,social_media,0,35
CUST-07193,2023-03-22,M,Cali,online,0,34
CUST-07194,2024-03-11,F,Cartagena,social_media,0,44
CUST-07195,2023-04-25,F,Barranquilla,online,0,42
CUST-07196,2023-03-21,M,Bogotá,online,1,37
CUST-07197,2023-01-20,F,Pereira,social_media,0,39
CUST-07198,2024-05-10,F,Barranquilla,social_media,0,33
CUST-07199,2024-03-17,M,Bogotá,online,1,52
CUST-07200,2023-02-13,M,Bucaramanga,presencial,1,20
CUST-07201,2023-07-21,F,Barranquilla,online,1,36
CUST-07202,2023-04-21,M,Barranquilla,social_media,0,35
CUST-07203,2023-02-03,F,Medellín,online,1,43
CUST-07204,2024-06-09,F,Bogotá,online,0,26
CUST-07205,2024-08-30,F,Cali,social_media,0,18
CUST-07206,2023-03-02,F,Cúcuta,presencial,1,36
CUST-07207,2024-04-25,F,Cartagena,presencial,0,37
CUST-07208,2023-05-02,F,Santa Marta,social_media,0,49
CUST-07209,2023-09-17,M,Pereira,social_media,1,22
CUST-07210,2023-02-14,M,Barranquilla,online,0,46
CUST-07211,2023-03-09,M,Manizales,social_media,0,58
CUST-07212,2023-11-05,M,Barranquilla,social_media,0,31
CUST-07213,2023-01-11,F,Bucaramanga,online,1,22
CUST-07214,2023-04-09,F,Bogotá,online,0,30
CUST-07215,2023-05-07,F,Bucaramanga,online,0,35
CUST-07216,2023-07-30,F,Cúcuta,presencial,0,40
CUST-07217,2024-08-24,F,Cartagena,presencial,0,29
CUST-07218,2023-07-24,M,Medellín,social_media,1,50
CUST-07219,2023-07-09,M,Bogotá,online,0,23
CUST-07220,2023-12-26,M,Bucaramanga,social_media,0,18
CUST-07221,2023-01-30,F,Medellín,social_media,1,46
CUST-07222,2023-04-03,F,Santa Marta,presencial,0,18
CUST-07223,2023-05-30,M,Santa Marta,presencial,1,32
CUST-07224,2023-10-12,F,Bogotá,social_media,0,66
CUST-07225,2024-08-16,F,Cartagena,online,0,34
CUST-07226,2023-12-23,M,Manizales,presencial,0,23
CUST-07227,2023-12-27,F,Barranquilla,presencial,0,34
CUST-07228,2023-06-14,M,Cali,presencial,1,34
CUST-07229,2024-05-27,M,Cartagena,social_media,1,36
CUST-07230,2023-09-05,M,Cartagena,presencial,0,41
CUST-07231,2024-06-01,M,Manizales,online,1,24
CUST-07232,2024-08-06,F,Bucaramanga,presencial,0,51
CUST-07233,2023-03-11,F,Medellín,social_media,0,37
CUST-07234,2023-04-12,F,Bogotá,social_media,1,42
CUST-07235,2024-08-15,M,Cali,social_media,0,28
CUST-07236,2023-01-15,F,Medellín,social_media,0,47
CUST-07237,2024-06-25,M,Barranquilla,online,0,32
CUST-07238,2023-08-11,F,Cali,social_media,0,37
CUST-07239,2023-07-16,F,Santa Marta,presencial,0,25
CUST-07240,2023-10-16,M,Cartagena,online,1,25
CUST-07241,2023-06-25,F,Barranquilla,social_media,1,41
CUST-07242,2024-07-04,M,Cúcuta,social_media,0,30
CUST-07243,2023-01-05,M,Santa Marta,online,0,26
CUST-07244,2023-04-12,F,Barranquilla,presencial,0,28
CUST-07245,2023-08-08,F,Bucaramanga,online,0,41
CUST-07246,2024-05-31,F,Cúcuta,presencial,0,28
CUST-07247,2024-05-01,F,Bogotá,presencial,1,33
CUST-07248,2024-01-11,M,Medellín,social_media,0,35
CUST-07249,2024-08-26,M,Barranquilla,online,0,18
CUST-07250,2023-07-09,F,Santa Marta,online,0,20
CUST-07251,2024-03-26,F,Bucaramanga,social_media,1,38
CUST-07252,2023-04-20,F,Bucaramanga,social_media,1,27
CUST-07253,2023-07-05,M,Santa Marta,presencial,0,45
CUST-07254,2023-12-30,F,Barranquilla,social_media,0,44
CUST-07255,2024-01-24,M,Cali,online,1,42
CUST-07256,2024-03-10,F,Pereira,social_media,0,53
CUST-07257,2023-08-08,F,Pereira,social_media,1,34
CUST-07258,2024-06-10,M,Santa Marta,social_media,0,41
CUST-07259,2023-08-22,M,Bucaramanga,social_media,1,29
CUST-07260,2024-02-22,F,Medellín,social_media,0,59
CUST-07261,2023-04-26,M,Bucaramanga,presencial,1,54
CUST-07262,2023-11-18,M,Manizales,social_media,1,35
CUST-07263,2023-05-07,F,Bucaramanga,social_media,0,38
CUST-07264,2024-04-22,M,Santa Marta,online,0,48
CUST-07265,2023-04-23,M,Barranquilla,social_media,0,33
CUST-07266,2024-06-16,F,Cali,online,1,28
CUST-07267,2023-05-20,F,Cartagena,online,0,43
CUST-07268,2024-05-22,M,Cali,online,0,35
CUST-07269,2024-01-05,F,Medellín,online,0,36
CUST-07270,2023-10-23,M,Medellín,presencial,0,26
CUST-07271,2024-07-24,M,Barranquilla,presencial,0,18
CUST-07272,2023-02-11,M,Cali,online,0,37
CUST-07273,2023-03-26,F,Santa Marta,presencial,1,44
CUST-07274,2023-12-02,M,Pereira,presencial,0,32
CUST-07275,2024-05-20,M,Bucaramanga,social_media,0,49
CUST-07276,2023-04-29,M,Cúcuta,presencial,0,27
CUST-07277,2024-01-30,F,Manizales,online,0,24
CUST-07278,2023-10-18,F,Santa Marta,online,0,34
CUST-07279,2024-04-12,F,Cali,online,0,34
CUST-07280,2023-11-16,M,Cúcuta,online,0,42
CUST-07281,2024-03-30,M,Pereira,social_media,0,27
CUST-07282,2023-08-20,F,Santa Marta,presencial,0,48
CUST-07283,2024-07-21,M,Bogotá,online,0,54
CUST-07284,2024-02-22,M,Cúcuta,social_media,0,34
CUST-07285,2023-10-25,M,Santa Marta,online,1,47
CUST-07286,2024-03-14,M,Pereira,presencial,0,24
CUST-07287,2023-07-13,F,Cúcuta,social_media,0,45
CUST-07288,2023-03-13,F,Barranquilla,presencial,0,45
CUST-07289,2024-05-02,F,Bucaramanga,social_media,0,43
CUST-07290,2024-01-12,M,Bucaramanga,online,0,34
CUST-07291,2023-07-03,M,Bucaramanga,online,0,18
CUST-07292,2023-01-14,F,Medellín,presencial,0,28
CUST-07293,2024-05-18,F,Cartagena,presencial,0,28
CUST-07294,2023-04-18,F,Pereira,social_media,1,25
CUST-07295,2024-02-10,M,Bucaramanga,presencial,0,36
CUST-07296,2024-03-24,F,Cali,presencial,1,30
CUST-07297,2024-06-19,M,Cartagena,online,0,26
CUST-07298,2023-03-29,F,Manizales,online,0,24
CUST-07299,2023-05-03,M,Cartagena,online,1,27
CUST-07300,2023-05-27,M,Cúcuta,online,0,46
CUST-07301,2024-02-09,F,Cali,online,0,28
CUST-07302,2024-02-15,M,Santa Marta,online,0,29
CUST-07303,2024-08-27,M,Cali,online,0,30
CUST-07304,2023-04-15,F,Medellín,social_media,1,38
CUST-07305,2023-06-22,F,Bucaramanga,online,0,39
CUST-07306,2023-03-08,F,Manizales,online,1,18
CUST-07307,2024-01-08,M,Bucaramanga,online,1,45
CUST-07308,2023-07-23,M,Bogotá,online,0,49
CUST-07309,2023-12-13,F,Manizales,online,0,24
CUST-07310,2023-07-25,F,Bogotá,presencial,0,25
CUST-07311,2024-02-18,M,Santa Marta,presencial,0,30
CUST-07312,2023-05-06,F,Manizales,online,0,27
CUST-07313,2023-08-27,F,Bucaramanga,online,0,37
CUST-07314,2024-03-10,M,Medellín,online,1,18
CUST-07315,2024-05-26,M,Santa Marta,social_media,1,23
CUST-07316,2023-10-13,F,Manizales,online,0,50
CUST-07317,2024-08-18,M,Barranquilla,social_media,1,25
CUST-07318,2024-08-30,M,Medellín,social_media,1,47
CUST-07319,2023-10-07,F,Bucaramanga,online,0,38
CUST-07320,2024-02-14,F,Bogotá,presencial,0,18
CUST-07321,2023-12-31,F,Pereira,online,0,41
CUST-07322,2024-05-02,M,Bogotá,online,0,33
CUST-07323,2024-02-19,F,Bucaramanga,presencial,0,30
CUST-07324,2024-05-11,M,Cartagena,presencial,0,37
CUST-07325,2024-06-07,F,Cúcuta,online,1,39
CUST-07326,2023-10-13,M,Cali,online,0,42
CUST-07327,2023-05-31,M,Bucaramanga,social_media,1,46
CUST-07328,2024-04-10,F,Barranquilla,presencial,1,39
CUST-07329,2023-04-21,M,Bucaramanga,social_media,1,21
CUST-07330,2023-05-06,F,Barranquilla,social_media,0,30
CUST-07331,2023-09-14,F,Bogotá,social_media,0,64
CUST-07332,2024-05-16,M,Cartagena,social_media,1,42
CUST-07333,2024-05-24,M,Manizales,presencial,0,58
CUST-07334,2023-08-25,M,Bucaramanga,presencial,1,48
CUST-07335,2023-05-18,F,Cúcuta,presencial,1,37
CUST-07336,2023-01-31,F,Santa Marta,online,0,38
CUST-07337,2023-04-12,F,Barranquilla,social_media,0,34
CUST-07338,2023-02-24,F,Cúcuta,online,0,18
CUST-07339,2023-03-11,F,Santa Marta,presencial,1,35
CUST-07340,2024-05-25,F,Manizales,presencial,0,47
CUST-07341,2023-01-28,M,Cali,online,0,29
CUST-07342,2023-07-03,F,Bucaramanga,social_media,0,39
CUST-07343,2024-01-27,F,Barranquilla,presencial,1,43
CUST-07344,2023-12-01,F,Bogotá,social_media,0,25
CUST-07345,2023-06-06,F,Santa Marta,social_media,0,30
CUST-07346,2023-11-07,M,Barranquilla,presencial,0,24
CUST-07347,2023-04-09,M,Cartagena,online,0,26
CUST-07348,2023-03-20,M,Cali,social_media,1,22
CUST-07349,2024-06-16,F,Barranquilla,online,0,25
CUST-07350,2024-05-19,F,Santa Marta,social_media,0,49
CUST-07351,2024-04-22,F,Pereira,social_media,0,25
CUST-07352,2023-07-26,M,Manizales,presencial,1,36
CUST-07353,2023-10-28,F,Cali,online,0,29
CUST-07354,2024-05-24,F,Cali,social_media,0,46
CUST-07355,2024-05-17,M,Pereira,online,0,48
CUST-07356,2024-05-31,M,Manizales,social_media,0,43
CUST-07357,2023-09-25,F,Cartagena,online,0,38
CUST-07358,2024-07-09,M,Bogotá,online,0,32
CUST-07359,2023-12-18,F,Cali,presencial,1,23
CUST-07360,2024-07-07,F,Cartagena,social_media,0,54
CUST-07361,2024-07-13,M,Cali,social_media,0,27
CUST-07362,2023-01-19,F,Bogotá,social_media,1,41
CUST-07363,2023-02-02,M,Pereira,social_media,0,45
CUST-07364,2024-03-16,M,Bogotá,presencial,0,29
CUST-07365,2023-05-02,F,Cúcuta,presencial,1,45
CUST-07366,2024-01-28,M,Bucaramanga,social_media,1,42
CUST-07367,2024-04-05,F,Bucaramanga,online,1,52
CUST-07368,2023-11-19,F,Pereira,presencial,0,30
CUST-07369,2024-01-21,M,Bogotá,online,0,22
CUST-07370,2024-03-29,M,Cali,online,1,29
CUST-07371,2024-04-15,M,Santa Marta,online,0,37
CUST-07372,2023-02-06,F,Medellín,social_media,1,35
CUST-07373,2023-02-03,F,Cartagena,presencial,1,31
CUST-07374,2023-07-01,F,Cali,social_media,1,18
CUST-07375,2024-07-24,F,Cartagena,online,0,39
CUST-07376,2023-11-07,F,Pereira,social_media,1,54
CUST-07377,2023-06-18,F,Bogotá,online,0,39
CUST-07378,2024-05-18,F,Cali,social_media,0,41
CUST-07379,2024-03-17,M,Bucaramanga,social_media,1,40
CUST-07380,2023-05-18,F,Pereira,presencial,0,38
CUST-07381,2023-11-16,F,Cúcuta,presencial,0,44
CUST-07382,2024-02-03,M,Cali,online,0,38
CUST-07383,2024-05-14,F,Barranquilla,online,0,31
CUST-07384,2023-04-23,F,Bucaramanga,online,0,27
CUST-07385,2024-08-05,M,Cartagena,social_media,0,32
CUST-07386,2024-05-17,F,Santa Marta,online,0,38
CUST-07387,2024-07-21,M,Bogotá,presencial,0,31
CUST-07388,2024-07-06,F,Cartagena,online,0,38
CUST-07389,2024-08-08,F,Bogotá,online,0,39
CUST-07390,2024-04-26,M,Manizales,social_media,0,43
CUST-07391,2024-05-02,M,Pereira,presencial,0,47
CUST-07392,2024-07-29,F,Cartagena,online,1,35
CUST-07393,2023-06-10,F,Bucaramanga,presencial,0,21
CUST-07394,2024-06-02,M,Barranquilla,online,1,31
CUST-07395,2023-02-27,F,Santa Marta,presencial,0,35
CUST-07396,2024-02-05,M,Cali,online,0,18
CUST-07397,2023-09-27,M,Medellín,online,0,48
CUST-07398,2024-05-21,M,Pereira,social_media,0,36
CUST-07399,2024-08-28,F,Medellín,social_media,1,38
CUST-07400,2024-01-22,F,Bucaramanga,presencial,1,48
CUST-07401,2023-12-28,F,Manizales,presencial,1,28
CUST-07402,2023-10-19,M,Cali,presencial,0,40
CUST-07403,2023-11-25,F,Cali,presencial,0,33
CUST-07404,2023-03-04,M,Cali,social_media,1,33
CUST-07405,2023-01-29,M,Bogotá,presencial,0,27
CUST-07406,2024-08-27,F,Santa Marta,online,1,51
CUST-07407,2023-02-16,F,Cartagena,online,0,31
CUST-07408,2023-05-12,M,Santa Marta,online,0,41
CUST-07409,2024-01-11,F,Cartagena,social_media,1,18
CUST-07410,2023-12-24,M,Pereira,presencial,1,46
CUST-07411,2024-08-20,F,Bogotá,online,1,45
CUST-07412,2023-01-28,M,Santa Marta,online,0,35
CUST-07413,2023-12-16,F,Bogotá,social_media,1,32
CUST-07414,2024-01-25,M,Barranquilla,social_media,0,39
CUST-07415,2023-04-10,F,Pereira,social_media,0,57
CUST-07416,2024-03-14,M,Santa Marta,online,0,18
CUST-07417,2023-12-20,M,Bogotá,social_media,1,42
CUST-07418,2024-01-01,M,Bucaramanga,online,0,25
CUST-07419,2024-02-26,M,Cúcuta,presencial,0,34
CUST-07420,2023-12-26,M,Cartagena,online,0,32
CUST-07421,2023-02-27,M,Cali,presencial,0,30
CUST-07422,2023-09-08,F,Cúcuta,online,0,34
CUST-07423,2023-09-11,M,Medellín,presencial,0,23
CUST-07424,2023-08-29,M,Bogotá,online,1,45
CUST-07425,2023-11-16,F,Medellín,online,0,18
CUST-07426,2024-08-29,F,Barranquilla,online,1,40
CUST-07427,2023-03-28,M,Bucaramanga,online,0,31
CUST-07428,2023-03-09,F,Cartagena,social_media,0,23
CUST-07429,2023-11-09,F,Barranquilla,online,0,37
CUST-07430,2023-04-28,M,Manizales,online,0,19
CUST-07431,2023-12-12,M,Pereira,social_media,0,35
CUST-07432,2023-06-23,F,Barranquilla,social_media,0,20
CUST-07433,2023-01-21,F,Cúcuta,social_media,0,39
CUST-07434,2024-07-05,F,Cartagena,social_media,1,25
CUST-07435,2023-11-30,F,Cúcuta,social_media,1,30
CUST-07436,2023-02-08,F,Cartagena,social_media,1,37
CUST-07437,2024-04-16,F,Cali,social_media,0,27
CUST-07438,2024-03-08,M,Santa Marta,social_media,0,34
CUST-07439,2024-08-04,F,Cartagena,social_media,0,19
CUST-07440,2024-06-11,M,Cúcuta,social_media,0,41
CUST-07441,2024-03-07,M,Medellín,social_media,1,52
CUST-07442,2023-10-01,F,Barranquilla,presencial,0,62
CUST-07443,2023-01-21,M,Barranquilla,online,0,35
CUST-07444,2024-04-25,F,Cartagena,online,0,42
CUST-07445,2024-08-25,M,Manizales,social_media,1,18
CUST-07446,2023-01-23,F,Cartagena,social_media,1,50
CUST-07447,2023-11-21,M,Bogotá,presencial,0,42
CUST-07448,2024-01-22,F,Medellín,social_media,0,30
CUST-07449,2024-08-07,M,Cali,presencial,0,47
CUST-07450,2024-02-04,F,Cali,online,0,32
CUST-07451,2023-11-27,M,Cúcuta,online,0,30
CUST-07452,2024-08-09,M,Bucaramanga,social_media,0,39
CUST-07453,2023-04-11,M,Santa Marta,presencial,0,24
CUST-07454,2024-05-15,F,Cúcuta,presencial,0,45
CUST-07455,2023-04-13,F,Bogotá,online,1,24
CUST-07456,2023-07-30,F,Bucaramanga,online,0,24
CUST-07457,2023-12-11,F,Santa Marta,presencial,1,25
CUST-07458,2024-05-23,F,Barranquilla,presencial,1,42
CUST-07459,2024-05-29,M,Cúcuta,online,1,28
CUST-07460,2023-12-14,F,Cali,presencial,1,21
CUST-07461,2023-06-20,F,Bucaramanga,online,0,28
CUST-07462,2023-11-03,M,Bucaramanga,presencial,0,34
CUST-07463,2024-01-08,F,Medellín,social_media,0,23
CUST-07464,2024-03-22,F,Cartagena,online,0,23
CUST-07465,2023-07-26,F,Bogotá,presencial,0,56
CUST-07466,2024-05-23,F,Santa Marta,online,0,26
CUST-07467,2023-03-19,F,Santa Marta,presencial,0,31
CUST-07468,2024-07-02,F,Cali,social_media,0,31
CUST-07469,2023-08-08,M,Cartagena,social_media,1,30
CUST-07470,2023-10-22,F,Cali,social_media,1,41
CUST-07471,2023-09-29,F,Pereira,online,0,44
CUST-07472,2023-02-18,F,Bogotá,social_media,0,31
CUST-07473,2023-11-01,M,Cartagena,online,0,22
CUST-07474,2024-08-10,M,Bucaramanga,social_media,0,47
CUST-07475,2024-02-16,M,Pereira,online,0,34
CUST-07476,2023-08-20,M,Cali,social_media,1,52
CUST-07477,2023-04-05,F,Pereira,presencial,0,18
CUST-07478,2024-08-15,M,Barranquilla,presencial,0,36
CUST-07479,2023-04-08,F,Cúcuta,online,0,54
CUST-07480,2024-08-29,F,Bucaramanga,social_media,0,31
CUST-07481,2023-12-11,F,Cartagena,social_media,1,32
CUST-07482,2023-10-07,M,Barranquilla,presencial,0,37
CUST-07483,2023-03-10,F,Bucaramanga,social_media,1,29
CUST-07484,2024-08-03,M,Cali,social_media,0,31
CUST-07485,2024-06-27,F,Cali,online,0,31
CUST-07486,2024-05-01,M,Cartagena,presencial,0,28
CUST-07487,2024-03-13,M,Cartagena,social_media,0,47
CUST-07488,2023-08-03,F,Santa Marta,social_media,0,39
CUST-07489,2023-12-22,F,Barranquilla,online,1,37
CUST-07490,2023-03-20,F,Cartagena,online,1,43
CUST-07491,2023-11-06,M,Santa Marta,online,0,32
CUST-07492,2024-05-31,M,Barranquilla,online,0,27
CUST-07493,2023-11-04,M,Cali,social_media,0,28
CUST-07494,2024-03-19,F,Pereira,social_media,0,35
CUST-07495,2024-07-06,M,Pereira,social_media,0,24
CUST-07496,2023-11-17,F,Manizales,online,0,29
CUST-07497,2023-07-24,M,Barranquilla,social_media,0,29
CUST-07498,2024-02-29,M,Barranquilla,presencial,0,56
CUST-07499,2024-02-16,M,Santa Marta,presencial,0,18
CUST-07500,2023-09-15,F,Cúcuta,social_media,1,33
CUST-07501,2024-06-11,F,Pereira,online,0,52
CUST-07502,2024-04-09,F,Cali,presencial,0,36
CUST-07503,2024-07-14,M,Santa Marta,social_media,0,42
CUST-07504,2023-07-04,M,Cartagena,presencial,1,35
CUST-07505,2023-01-20,M,Barranquilla,presencial,1,28
CUST-07506,2024-06-12,M,Bogotá,presencial,0,18
CUST-07507,2023-07-11,F,Santa Marta,presencial,0,37
CUST-07508,2024-08-13,M,Bucaramanga,social_media,1,27
CUST-07509,2024-05-26,M,Medellín,presencial,1,26
CUST-07510,2023-08-07,F,Pereira,social_media,1,30
CUST-07511,2024-04-23,F,Cali,presencial,1,52
CUST-07512,2023-10-02,F,Bucaramanga,presencial,0,59
CUST-07513,2024-06-29,M,Manizales,presencial,1,37
CUST-07514,2024-03-20,F,Cali,social_media,1,30
CUST-07515,2024-08-02,M,Cartagena,presencial,0,23
CUST-07516,2023-03-03,F,Bucaramanga,presencial,1,39
CUST-07517,2024-06-18,M,Bogotá,online,0,52
CUST-07518,2023-07-25,M,Cúcuta,presencial,0,32
CUST-07519,2024-01-09,M,Pereira,online,0,18
CUST-07520,2024-04-18,M,Barranquilla,social_media,1,41
CUST-07521,2023-06-01,M,Cúcuta,presencial,0,44
CUST-07522,2023-09-04,M,Pereira,presencial,0,19
CUST-07523,2023-06-04,F,Pereira,online,0,36
CUST-07524,2023-11-04,M,Cartagena,online,0,39
CUST-07525,2024-03-21,M,Manizales,presencial,0,34
CUST-07526,2024-02-25,M,Manizales,social_media,0,27
CUST-07527,2023-11-23,M,Cartagena,online,0,45
CUST-07528,2023-03-07,F,Cartagena,presencial,1,30
CUST-07529,2023-07-28,M,Pereira,online,1,20
CUST-07530,2024-02-27,M,Bucaramanga,social_media,0,18
CUST-07531,2023-10-01,F,Barranquilla,online,0,47
CUST-07532,2023-10-21,M,Medellín,presencial,0,41
CUST-07533,2023-06-14,F,Manizales,online,0,35
CUST-07534,2023-09-20,M,Cali,social_media,0,30
CUST-07535,2023-08-30,M,Medellín,presencial,0,29
CUST-07536,2024-02-20,F,Cúcuta,presencial,0,24
CUST-07537,2023-09-02,F,Pereira,presencial,0,30
CUST-07538,2023-04-27,F,Cúcuta,presencial,0,18
CUST-07539,2023-06-03,M,Bucaramanga,social_media,0,27
CUST-07540,2023-07-16,F,Manizales,presencial,0,31
CUST-07541,2023-01-29,F,Bucaramanga,social_media,0,41
CUST-07542,2023-09-09,M,Pereira,social_media,0,34
CUST-07543,2023-11-14,M,Medellín,online,0,42
CUST-07544,2024-04-20,M,Cúcuta,online,0,48
CUST-07545,2024-05-12,F,Medellín,presencial,0,45
CUST-07546,2024-07-27,M,Bucaramanga,presencial,1,39
CUST-07547,2024-03-22,F,Santa Marta,social_media,0,35
CUST-07548,2024-03-08,F,Cali,online,0,25
CUST-07549,2023-02-07,F,Cúcuta,presencial,0,42
CUST-07550,2023-07-26,F,Manizales,presencial,1,51
CUST-07551,2023-06-13,M,Cartagena,social_media,0,38
CUST-07552,2023-10-07,M,Bucaramanga,online,0,54
CUST-07553,2023-05-20,F,Bucaramanga,presencial,1,19
CUST-07554,2023-01-30,F,Cúcuta,presencial,0,23
CUST-07555,2023-09-22,M,Cali,presencial,1,43
CUST-07556,2023-10-12,M,Cartagena,presencial,0,37
CUST-07557,2024-07-17,F,Bogotá,presencial,0,48
CUST-07558,2023-06-30,F,Medellín,presencial,1,34
CUST-07559,2023-02-13,F,Cúcuta,online,0,26
CUST-07560,2024-05-12,F,Cali,social_media,0,32
CUST-07561,2023-01-21,F,Barranquilla,social_media,0,19
CUST-07562,2023-02-26,M,Santa Marta,social_media,0,23
CUST-07563,2023-03-27,F,Bogotá,presencial,0,44
CUST-07564,2023-11-18,M,Cali,social_media,0,43
CUST-07565,2023-11-02,F,Cali,online,1,38
CUST-07566,2023-03-07,M,Bucaramanga,presencial,0,18
CUST-07567,2024-02-21,F,Cartagena,online,0,31
CUST-07568,2024-01-08,M,Cali,presencial,1,22
CUST-07569,2023-04-03,M,Barranquilla,presencial,1,46
CUST-07570,2024-02-11,F,Pereira,social_media,0,29
CUST-07571,2023-05-24,F,Cali,online,1,24
CUST-07572,2023-08-30,M,Santa Marta,social_media,1,35
CUST-07573,2023-04-25,M,Manizales,presencial,1,28
CUST-07574,2024-08-07,M,Medellín,online,0,49
CUST-07575,2024-05-27,F,Cartagena,online,0,27
CUST-07576,2023-05-04,M,Barranquilla,presencial,0,21
CUST-07577,2024-06-18,F,Cartagena,social_media,0,18
CUST-07578,2024-08-17,F,Cali,presencial,0,34
CUST-07579,2024-06-21,F,Cúcuta,online,1,29
CUST-07580,2023-09-15,F,Bogotá,online,0,20
CUST-07581,2024-05-23,F,Manizales,online,1,46
CUST-07582,2023-04-03,F,Santa Marta,presencial,0,41
CUST-07583,2023-09-01,M,Manizales,online,0,34
CUST-07584,2023-05-06,M,Barranquilla,online,0,48
CUST-07585,2023-11-17,F,Medellín,social_media,0,41
CUST-07586,2023-12-04,M,Barranquilla,social_media,0,26
CUST-07587,2024-08-21,M,Santa Marta,online,0,24
CUST-07588,2024-02-04,F,Cúcuta,social_media,0,43
CUST-07589,2023-08-30,M,Santa Marta,presencial,0,38
CUST-07590,2024-03-09,F,Cartagena,social_media,0,36
CUST-07591,2023-08-12,F,Cartagena,social_media,0,26
CUST-07592,2023-05-28,F,Cúcuta,social_media,0,41
CUST-07593,2023-04-20,F,Cali,social_media,0,27
CUST-07594,2023-06-29,M,Bucaramanga,presencial,1,33
CUST-07595,2023-08-08,M,Pereira,social_media,0,49
CUST-07596,2023-10-09,F,Cúcuta,online,0,28
CUST-07597,2024-03-26,M,Santa Marta,social_media,0,19
CUST-07598,2024-02-23,F,Pereira,social_media,0,24
CUST-07599,2023-09-18,F,Cali,online,0,44
CUST-07600,2024-08-26,M,Pereira,presencial,1,37
CUST-07601,2023-02-27,M,Bogotá,online,1,33
CUST-07602,2024-05-17,F,Medellín,online,0,29
CUST-07603,2024-06-30,M,Barranquilla,online,0,39
CUST-07604,2024-01-19,F,Pereira,online,0,26
CUST-07605,2023-04-26,F,Santa Marta,social_media,0,38
CUST-07606,2023-11-21,M,Cartagena,social_media,0,27
CUST-07607,2024-07-12,F,Manizales,social_media,0,26
CUST-07608,2024-03-09,M,Pereira,social_media,0,28
CUST-07609,2024-05-01,F,Cartagena,presencial,0,31
CUST-07610,2023-09-10,F,Cali,social_media,0,34
CUST-07611,2023-10-12,F,Cali,social_media,1,37
CUST-07612,2023-05-29,F,Bucaramanga,presencial,1,18
CUST-07613,2024-01-07,F,Cúcuta,online,0,26
CUST-07614,2024-05-01,M,Barranquilla,social_media,0,31
CUST-07615,2024-01-12,F,Cali,social_media,0,50
CUST-07616,2023-11-12,M,Barranquilla,online,1,24
CUST-07617,2023-01-22,M,Cali,social_media,1,36
CUST-07618,2023-02-05,M,Cúcuta,online,0,49
CUST-07619,2023-02-25,F,Bucaramanga,online,0,21
CUST-07620,2023-09-03,M,Pereira,online,1,38
CUST-07621,2023-09-17,M,Barranquilla,social_media,0,26
CUST-07622,2024-07-19,M,Cali,online,0,29
CUST-07623,2024-01-29,F,Cali,social_media,1,26
CUST-07624,2023-11-13,F,Cali,presencial,0,27
CUST-07625,2024-01-07,F,Santa Marta,online,0,62
CUST-07626,2023-05-05,F,Cali,social_media,0,43
CUST-07627,2024-07-01,M,Cali,online,1,46
CUST-07628,2023-08-31,F,Manizales,social_media,0,39
CUST-07629,2024-03-29,M,Barranquilla,social_media,0,18
CUST-07630,2024-02-02,F,Pereira,presencial,1,38
CUST-07631,2023-01-09,M,Cali,online,1,45
CUST-07632,2024-02-07,F,Manizales,social_media,0,26
CUST-07633,2023-09-19,F,Cali,presencial,0,44
CUST-07634,2023-11-05,F,Cartagena,social_media,0,42
CUST-07635,2023-04-03,F,Bogotá,social_media,0,53
CUST-07636,2023-08-30,M,Cartagena,presencial,0,30
CUST-07637,2023-11-01,F,Bucaramanga,online,0,24
CUST-07638,2023-08-04,F,Pereira,presencial,0,31
CUST-07639,2023-06-14,F,Medellín,online,1,49
CUST-07640,2024-03-25,M,Medellín,social_media,1,18
CUST-07641,2023-11-21,F,Santa Marta,social_media,0,18
CUST-07642,2024-02-21,F,Cúcuta,presencial,0,35
CUST-07643,2023-02-04,M,Bogotá,presencial,0,30
CUST-07644,2023-10-08,M,Medellín,presencial,0,35
CUST-07645,2023-03-24,M,Medellín,social_media,0,44
CUST-07646,2024-05-18,F,Cúcuta,online,1,29
CUST-07647,2024-04-27,M,Pereira,presencial,1,18
CUST-07648,2024-02-27,F,Bucaramanga,online,1,55
CUST-07649,2023-12-07,M,Santa Marta,presencial,1,25
CUST-07650,2024-03-08,F,Pereira,presencial,0,24
CUST-07651,2023-04-13,M,Cali,presencial,1,46
CUST-07652,2023-06-14,M,Cali,presencial,0,31
CUST-07653,2023-09-25,M,Bogotá,social_media,1,34
CUST-07654,2024-06-02,F,Manizales,social_media,0,39
CUST-07655,2023-03-09,M,Bogotá,presencial,0,45
CUST-07656,2023-12-27,F,Medellín,social_media,0,31
CUST-07657,2024-03-06,M,Pereira,social_media,0,50
CUST-07658,2024-07-14,M,Bogotá,social_media,0,18
CUST-07659,2023-12-01,M,Barranquilla,social_media,1,42
CUST-07660,2024-04-09,F,Santa Marta,online,0,26
CUST-07661,2023-01-29,F,Manizales,online,0,48
CUST-07662,2023-02-23,F,Manizales,social_media,0,36
CUST-07663,2023-07-08,M,Cali,online,0,28
CUST-07664,2024-03-30,F,Cartagena,presencial,0,41
CUST-07665,2023-05-20,F,Barranquilla,online,0,43
CUST-07666,2023-01-04,M,Manizales,presencial,0,41
CUST-07667,2024-02-15,M,Pereira,online,1,24
CUST-07668,2023-07-24,F,Pereira,online,1,30
CUST-07669,2023-11-09,F,Cúcuta,presencial,0,34
CUST-07670,2023-11-18,M,Cúcuta,presencial,1,34
CUST-07671,2024-08-12,F,Pereira,social_media,0,42
CUST-07672,2023-03-26,M,Bogotá,online,1,18
CUST-07673,2023-04-24,M,Pereira,presencial,0,38
CUST-07674,2023-06-11,F,Barranquilla,social_media,0,32
CUST-07675,2023-09-13,F,Cali,presencial,0,26
CUST-07676,2024-06-12,M,Cartagena,social_media,1,27
CUST-07677,2023-05-14,F,Medellín,social_media,0,32
CUST-07678,2024-08-31,M,Manizales,presencial,0,18
CUST-07679,2024-02-25,F,Santa Marta,presencial,1,27
CUST-07680,2023-11-24,M,Cartagena,online,0,26
CUST-07681,2024-04-07,F,Cali,online,0,40
CUST-07682,2024-05-04,F,Cúcuta,social_media,1,26
CUST-07683,2023-05-17,M,Pereira,presencial,1,32
CUST-07684,2023-09-24,F,Bogotá,online,1,50
CUST-07685,2023-06-27,M,Cúcuta,social_media,0,44
CUST-07686,2024-08-30,F,Cali,online,0,44
CUST-07687,2023-12-02,F,Santa Marta,social_media,1,30
CUST-07688,2023-10-16,F,Medellín,online,1,40
CUST-07689,2023-07-23,F,Santa Marta,presencial,0,32
CUST-07690,2023-03-28,M,Bogotá,social_media,1,33
CUST-07691,2024-02-29,M,Barranquilla,social_media,1,39
CUST-07692,2024-01-12,F,Cúcuta,online,0,29
CUST-07693,2023-07-06,M,Bucaramanga,online,0,49
CUST-07694,2024-02-07,M,Pereira,online,0,33
CUST-07695,2024-01-22,F,Cali,presencial,0,41
CUST-07696,2024-08-07,M,Santa Marta,online,0,49
CUST-07697,2023-08-18,M,Barranquilla,online,0,45
CUST-07698,2023-01-22,F,Cartagena,presencial,0,20
CUST-07699,2023-01-24,F,Manizales,online,0,39
CUST-07700,2024-07-25,F,Cali,presencial,0,43
CUST-07701,2023-08-23,F,Manizales,presencial,0,43
CUST-07702,2023-04-02,M,Bogotá,online,0,23
CUST-07703,2024-04-18,F,Manizales,presencial,0,28
CUST-07704,2023-07-23,M,Cúcuta,online,0,44
CUST-07705,2023-09-26,M,Manizales,presencial,0,27
CUST-07706,2023-06-22,F,Bucaramanga,social_media,0,32
CUST-07707,2023-02-20,M,Cartagena,online,0,50
CUST-07708,2024-02-15,M,Santa Marta,social_media,0,34
CUST-07709,2024-03-15,M,Bucaramanga,social_media,1,27
CUST-07710,2023-09-24,F,Bogotá,social_media,0,26
CUST-07711,2023-06-02,M,Bucaramanga,social_media,0,38
CUST-07712,2023-04-02,F,Bogotá,online,0,21
CUST-07713,2024-01-12,F,Bucaramanga,presencial,0,32
CUST-07714,2023-06-24,M,Cali,online,0,38
CUST-07715,2024-08-03,M,Bucaramanga,online,1,47
CUST-07716,2023-05-01,F,Bucaramanga,presencial,0,41
CUST-07717,2023-01-15,F,Bogotá,social_media,1,27
CUST-07718,2024-06-22,F,Santa Marta,presencial,1,46
CUST-07719,2024-03-21,F,Manizales,social_media,0,32
CUST-07720,2024-04-09,F,Medellín,online,0,22
CUST-07721,2024-05-21,M,Medellín,presencial,1,33
CUST-07722,2023-05-02,F,Cartagena,presencial,0,49
CUST-07723,2023-08-18,M,Cúcuta,social_media,0,36
CUST-07724,2023-07-28,F,Medellín,presencial,0,35
CUST-07725,2023-07-15,M,Bogotá,online,0,51
CUST-07726,2023-09-30,F,Medellín,presencial,0,20
CUST-07727,2023-10-22,M,Cartagena,presencial,1,22
CUST-07728,2024-05-21,M,Cúcuta,online,1,18
CUST-07729,2024-01-27,F,Pereira,social_media,0,38
CUST-07730,2023-05-14,M,Cartagena,presencial,0,36
CUST-07731,2024-03-17,F,Bogotá,social_media,1,50
CUST-07732,2023-07-31,F,Pereira,presencial,0,37
CUST-07733,2023-08-09,M,Bucaramanga,online,0,30
CUST-07734,2023-10-17,M,Pereira,social_media,0,35
CUST-07735,2023-07-13,F,Medellín,presencial,0,36
CUST-07736,2024-03-04,F,Cartagena,social_media,0,18
CUST-07737,2023-07-04,F,Manizales,presencial,1,62
CUST-07738,2024-02-23,M,Pereira,online,1,40
CUST-07739,2023-05-30,M,Bucaramanga,online,0,37
CUST-07740,2023-01-30,F,Bucaramanga,presencial,0,41
CUST-07741,2023-10-25,M,Bogotá,presencial,1,42
CUST-07742,2023-09-26,M,Bogotá,social_media,1,33
CUST-07743,2023-08-30,M,Pereira,presencial,0,28
CUST-07744,2024-04-06,F,Cali,social_media,0,40
CUST-07745,2023-09-12,F,Bucaramanga,presencial,0,38
CUST-07746,2024-01-14,M,Cartagena,online,1,26
CUST-07747,2024-08-19,M,Cali,social_media,1,49
CUST-07748,2024-04-14,F,Bucaramanga,social_media,0,37
CUST-07749,2023-03-29,M,Cali,online,1,42
CUST-07750,2023-01-11,F,Manizales,social_media,1,48
CUST-07751,2024-04-25,F,Pereira,online,0,35
CUST-07752,2023-05-17,F,Santa Marta,online,0,38
CUST-07753,2023-11-28,F,Cartagena,online,0,43
CUST-07754,2024-02-12,F,Bogotá,presencial,1,27
CUST-07755,2023-08-06,F,Cúcuta,online,0,35
CUST-07756,2024-01-28,F,Manizales,social_media,0,36
CUST-07757,2024-03-09,M,Medellín,presencial,1,25
CUST-07758,2023-09-20,F,Bucaramanga,online,0,58
CUST-07759,2023-03-16,M,Bogotá,online,0,20
CUST-07760,2023-04-08,M,Bucaramanga,online,0,22
CUST-07761,2024-07-24,M,Barranquilla,social_media,0,48
CUST-07762,2023-03-02,F,Cartagena,presencial,0,42
CUST-07763,2023-02-23,M,Cúcuta,presencial,0,24
CUST-07764,2023-12-07,F,Pereira,presencial,1,41
CUST-07765,2023-08-29,F,Bucaramanga,social_media,1,49
CUST-07766,2024-04-27,M,Bogotá,online,1,34
CUST-07767,2023-12-29,M,Santa Marta,presencial,1,60
CUST-07768,2023-02-16,M,Bucaramanga,online,0,18
CUST-07769,2023-01-06,M,Bucaramanga,social_media,0,41
CUST-07770,2023-09-17,F,Santa Marta,presencial,0,46
CUST-07771,2024-05-31,M,Cúcuta,social_media,0,43
CUST-07772,2024-01-26,M,Cartagena,presencial,1,32
CUST-07773,2023-11-06,M,Bucaramanga,presencial,0,32
CUST-07774,2024-02-09,M,Bucaramanga,online,0,39
CUST-07775,2024-01-15,M,Pereira,social_media,0,43
CUST-07776,2023-05-16,F,Santa Marta,presencial,0,41
CUST-07777,2024-07-26,F,Cartagena,presencial,0,45
CUST-07778,2023-02-12,F,Cartagena,social_media,0,24
CUST-07779,2024-08-17,M,Barranquilla,online,1,32
CUST-07780,2023-07-03,M,Cúcuta,social_media,1,25
CUST-07781,2023-09-24,F,Barranquilla,presencial,1,31
CUST-07782,2023-06-23,F,Manizales,social_media,0,45
CUST-07783,2024-05-30,F,Medellín,online,0,36
CUST-07784,2024-05-19,F,Cúcuta,online,1,61
CUST-07785,2023-12-14,M,Manizales,online,1,36
CUST-07786,2024-04-24,M,Medellín,online,0,35
CUST-07787,2023-05-16,M,Bogotá,online,1,36
CUST-07788,2023-04-02,F,Cúcuta,online,0,28
CUST-07789,2023-11-21,F,Santa Marta,online,0,34
CUST-07790,2024-06-27,F,Manizales,presencial,1,46
CUST-07791,2024-03-19,M,Bucaramanga,social_media,0,36
CUST-07792,2023-05-26,M,Barranquilla,online,0,27
CUST-07793,2023-09-24,F,Medellín,social_media,0,25
CUST-07794,2023-04-30,M,Manizales,social_media,0,30
CUST-07795,2023-11-17,F,Cali,presencial,0,35
CUST-07796,2023-02-15,F,Cúcuta,social_media,0,46
CUST-07797,2023-05-11,F,Barranquilla,social_media,0,21
CUST-07798,2024-05-26,M,Cartagena,online,0,31
CUST-07799,2023-10-15,F,Barranquilla,online,0,36
CUST-07800,2024-01-05,F,Manizales,social_media,1,18
CUST-07801,2024-03-16,M,Santa Marta,online,1,26
CUST-07802,2023-10-17,F,Bogotá,presencial,0,28
CUST-07803,2023-09-27,F,Medellín,social_media,1,27
CUST-07804,2023-09-28,M,Barranquilla,social_media,0,36
CUST-07805,2024-06-13,F,Bogotá,presencial,0,33
CUST-07806,2023-11-17,F,Bucaramanga,presencial,0,29
CUST-07807,2024-03-22,F,Cartagena,presencial,0,39
CUST-07808,2023-06-18,M,Pereira,presencial,1,52
CUST-07809,2023-11-20,F,Bucaramanga,social_media,0,51
CUST-07810,2024-05-18,F,Cali,online,0,18
CUST-07811,2023-06-04,F,Cartagena,online,0,40
CUST-07812,2024-07-23,M,Cali,online,0,33
CUST-07813,2024-03-26,M,Santa Marta,online,0,36
CUST-07814,2023-02-24,M,Medellín,presencial,1,31
CUST-07815,2023-07-13,F,Bucaramanga,online,1,36
CUST-07816,2023-06-02,M,Santa Marta,online,1,36
CUST-07817,2023-02-25,F,Cúcuta,social_media,1,29
CUST-07818,2023-08-24,M,Pereira,social_media,0,26
CUST-07819,2023-07-07,M,Cartagena,online,0,30
CUST-07820,2023-02-06,M,Medellín,presencial,0,37
CUST-07821,2024-04-26,M,Medellín,online,0,40
CUST-07822,2023-09-24,F,Barranquilla,presencial,1,43
CUST-07823,2023-06-17,M,Cúcuta,social_media,0,30
CUST-07824,2024-04-23,F,Medellín,presencial,0,37
CUST-07825,2024-03-22,F,Manizales,online,0,44
CUST-07826,2023-04-29,F,Cúcuta,social_media,0,46
CUST-07827,2024-05-21,M,Pereira,online,0,34
CUST-07828,2023-02-11,M,Pereira,online,1,32
CUST-07829,2024-03-28,F,Cali,presencial,0,36
CUST-07830,2024-01-01,M,Pereira,online,0,23
CUST-07831,2024-07-28,F,Manizales,online,0,33
CUST-07832,2024-05-11,M,Cartagena,social_media,0,42
CUST-07833,2024-04-13,M,Bogotá,presencial,0,41
CUST-07834,2024-05-19,F,Bogotá,presencial,0,32
CUST-07835,2023-04-26,M,Barranquilla,social_media,0,37
CUST-07836,2023-06-01,F,Medellín,social_media,0,26
CUST-07837,2023-05-07,F,Pereira,presencial,0,42
CUST-07838,2023-12-24,M,Cali,social_media,0,34
CUST-07839,2023-04-06,M,Barranquilla,presencial,0,32
CUST-07840,2023-07-28,M,Santa Marta,social_media,0,31
CUST-07841,2023-10-18,F,Medellín,presencial,1,34
CUST-07842,2023-07-04,M,Manizales,presencial,0,30
CUST-07843,2023-06-22,M,Bogotá,social_media,0,41
CUST-07844,2024-06-04,M,Cali,online,0,31
CUST-07845,2023-10-07,M,Barranquilla,online,0,50
CUST-07846,2024-07-30,F,Bucaramanga,social_media,1,49
CUST-07847,2024-08-22,M,Bogotá,presencial,0,26
CUST-07848,2023-08-06,F,Manizales,social_media,1,35
CUST-07849,2024-08-20,M,Medellín,online,1,28
CUST-07850,2023-01-05,M,Cartagena,presencial,1,31
CUST-07851,2024-06-22,M,Bucaramanga,presencial,1,55
CUST-07852,2024-08-07,F,Manizales,presencial,0,31
CUST-07853,2023-07-04,F,Cali,online,0,38
CUST-07854,2024-03-02,M,Santa Marta,online,0,40
CUST-07855,2023-03-20,F,Cartagena,presencial,1,24
CUST-07856,2023-09-10,F,Manizales,presencial,0,26
CUST-07857,2024-05-25,M,Barranquilla,online,0,22
CUST-07858,2023-04-07,M,Santa Marta,online,0,26
CUST-07859,2023-12-03,M,Manizales,presencial,0,18
CUST-07860,2023-01-27,M,Cartagena,social_media,0,40
CUST-07861,2023-10-19,M,Cali,social_media,0,55
CUST-07862,2023-05-05,M,Bogotá,social_media,0,36
CUST-07863,2024-02-08,F,Cartagena,online,0,20
CUST-07864,2024-01-18,M,Cartagena,social_media,0,28
CUST-07865,2024-08-27,M,Barranquilla,social_media,0,30
CUST-07866,2023-04-19,M,Cúcuta,online,1,24
CUST-07867,2023-11-28,M,Cúcuta,social_media,0,43
CUST-07868,2023-06-07,F,Manizales,presencial,0,43
CUST-07869,2023-01-30,F,Cali,online,0,23
CUST-07870,2023-03-25,F,Cúcuta,presencial,0,42
CUST-07871,2024-04-16,M,Santa Marta,social_media,0,50
CUST-07872,2024-05-06,M,Cali,presencial,0,54
CUST-07873,2024-04-09,F,Barranquilla,online,0,63
CUST-07874,2023-10-03,F,Bucaramanga,social_media,0,25
CUST-07875,2024-08-31,M,Santa Marta,online,1,63
CUST-07876,2023-01-06,M,Cúcuta,social_media,0,31
CUST-07877,2023-12-04,M,Medellín,online,0,29
CUST-07878,2023-02-14,M,Medellín,online,0,38
CUST-07879,2024-04-08,M,Medellín,presencial,0,29
CUST-07880,2023-11-29,F,Cartagena,online,0,38
CUST-07881,2024-08-05,M,Bucaramanga,online,1,21
CUST-07882,2023-05-13,F,Cali,presencial,1,32
CUST-07883,2023-08-05,M,Cali,social_media,0,47
CUST-07884,2023-02-19,F,Medellín,social_media,1,34
CUST-07885,2023-10-17,F,Bucaramanga,online,1,36
CUST-07886,2023-11-27,F,Bogotá,presencial,0,39
CUST-07887,2023-02-26,M,Santa Marta,social_media,1,46
CUST-07888,2023-03-14,M,Cúcuta,presencial,0,18
CUST-07889,2024-07-14,M,Barranquilla,online,0,40
CUST-07890,2024-01-26,F,Medellín,presencial,1,32
CUST-07891,2023-04-05,F,Bucaramanga,online,0,36
CUST-07892,2024-02-13,M,Cartagena,social_media,0,45
CUST-07893,2023-09-19,F,Cali,social_media,0,23
CUST-07894,2023-07-02,F,Cali,social_media,1,24
CUST-07895,2023-09-03,F,Cartagena,social_media,0,18
CUST-07896,2024-02-13,F,Barranquilla,presencial,0,29
CUST-07897,2023-04-02,M,Cartagena,presencial,0,48
CUST-07898,2023-01-22,F,Medellín,presencial,0,33
CUST-07899,2023-08-02,M,Bogotá,online,0,21
CUST-07900,2023-06-16,F,Cartagena,social_media,0,30
CUST-07901,2024-02-02,F,Bogotá,social_media,1,20
CUST-07902,2024-02-17,M,Cali,social_media,0,23
CUST-07903,2023-10-19,F,Manizales,presencial,1,38
CUST-07904,2023-06-07,M,Manizales,presencial,0,23
CUST-07905,2023-05-04,M,Santa Marta,social_media,0,46
CUST-07906,2023-11-02,M,Bogotá,online,1,34
CUST-07907,2024-05-17,M,Barranquilla,presencial,1,35
CUST-07908,2024-03-18,M,Bucaramanga,social_media,0,32
CUST-07909,2023-11-14,M,Pereira,social_media,0,42
CUST-07910,2023-05-15,M,Cartagena,social_media,0,42
CUST-07911,2024-01-03,F,Pereira,online,0,38
CUST-07912,2023-04-09,M,Cúcuta,social_media,1,40
CUST-07913,2024-01-12,F,Manizales,presencial,0,32
CUST-07914,2024-06-08,F,Cúcuta,online,1,40
CUST-07915,2023-07-24,F,Bucaramanga,online,0,31
CUST-07916,2024-05-16,M,Barranquilla,social_media,0,35
CUST-07917,2024-04-01,M,Bogotá,presencial,0,32
CUST-07918,2024-02-02,F,Cartagena,presencial,0,30
CUST-07919,2024-05-02,M,Cúcuta,social_media,0,28
CUST-07920,2023-10-02,F,Cúcuta,social_media,0,39
CUST-07921,2024-07-30,F,Cúcuta,presencial,1,48
CUST-07922,2024-03-09,F,Barranquilla,online,1,46
CUST-07923,2023-04-03,M,Cartagena,online,0,22
CUST-07924,2024-03-08,F,Barranquilla,social_media,0,47
CUST-07925,2024-01-13,M,Santa Marta,social_media,1,31
CUST-07926,2023-07-10,F,Cali,presencial,0,41
CUST-07927,2024-03-20,M,Cali,presencial,0,25
CUST-07928,2024-03-12,F,Cúcuta,presencial,1,36
CUST-07929,2023-04-06,M,Pereira,presencial,0,38
CUST-07930,2023-02-11,F,Medellín,social_media,1,20
CUST-07931,2024-06-09,M,Santa Marta,social_media,0,41
CUST-07932,2023-12-16,M,Manizales,presencial,0,48
CUST-07933,2024-04-19,M,Bucaramanga,social_media,0,33
CUST-07934,2023-08-18,F,Santa Marta,social_media,0,48
CUST-07935,2023-06-08,F,Cali,presencial,0,33
CUST-07936,2024-05-22,F,Barranquilla,online,0,43
CUST-07937,2024-06-23,M,Pereira,online,0,18
CUST-07938,2024-06-21,M,Bogotá,presencial,0,59
CUST-07939,2023-03-27,F,Bogotá,online,0,49
CUST-07940,2023-10-25,F,Bogotá,social_media,0,32
CUST-07941,2024-04-24,M,Manizales,online,0,18
CUST-07942,2024-03-23,F,Bucaramanga,presencial,1,37
CUST-07943,2023-03-23,M,Cali,presencial,0,20
CUST-07944,2024-05-04,M,Cúcuta,online,0,39
CUST-07945,2023-11-04,M,Pereira,online,1,39
CUST-07946,2023-06-02,F,Bucaramanga,social_media,1,25
CUST-07947,2023-05-11,M,Cartagena,online,1,46
CUST-07948,2023-11-04,F,Cali,online,0,43
CUST-07949,2023-09-12,M,Barranquilla,online,1,44
CUST-07950,2024-06-19,F,Bogotá,social_media,0,35
CUST-07951,2024-03-13,F,Santa Marta,online,0,20
CUST-07952,2023-10-30,M,Cartagena,social_media,0,44
CUST-07953,2024-08-05,M,Medellín,social_media,1,32
CUST-07954,2023-02-18,M,Santa Marta,presencial,1,21
CUST-07955,2024-07-18,M,Pereira,presencial,1,48
CUST-07956,2023-03-20,F,Manizales,social_media,0,55
CUST-07957,2023-02-16,F,Cali,social_media,0,34
CUST-07958,2024-06-09,F,Pereira,social_media,0,56
CUST-07959,2023-04-21,F,Bogotá,presencial,1,35
CUST-07960,2024-06-06,F,Bucaramanga,social_media,0,31
CUST-07961,2024-03-11,M,Cúcuta,presencial,1,28
CUST-07962,2024-02-27,M,Bucaramanga,presencial,0,51
CUST-07963,2023-04-07,F,Cúcuta,social_media,1,27
CUST-07964,2024-04-20,M,Bucaramanga,social_media,0,42
CUST-07965,2024-08-05,M,Cali,social_media,1,29
CUST-07966,2023-09-17,M,Bucaramanga,presencial,1,30
CUST-07967,2023-12-30,M,Cali,online,0,45
CUST-07968,2023-09-18,M,Cúcuta,social_media,0,31
CUST-07969,2024-08-22,M,Santa Marta,online,1,30
CUST-07970,2023-03-25,F,Pereira,online,0,46
CUST-07971,2024-05-30,M,Barranquilla,online,0,50
CUST-07972,2023-01-17,M,Cali,online,0,41
CUST-07973,2023-04-27,F,Bucaramanga,online,0,28
CUST-07974,2024-04-18,F,Santa Marta,presencial,0,29
CUST-07975,2023-07-03,F,Cali,presencial,0,35
CUST-07976,2023-07-06,M,Manizales,presencial,0,38
CUST-07977,2024-02-07,F,Bucaramanga,online,0,25
CUST-07978,2023-02-16,M,Barranquilla,presencial,0,42
CUST-07979,2023-03-27,F,Cartagena,social_media,0,35
CUST-07980,2024-03-02,M,Cali,online,1,18
CUST-07981,2023-11-01,M,Medellín,social_media,0,25
CUST-07982,2023-11-18,F,Santa Marta,online,0,29
CUST-07983,2024-08-24,M,Cali,online,0,34
CUST-07984,2024-04-10,M,Bucaramanga,online,0,53
CUST-07985,2024-04-05,M,Cartagena,online,1,37
CUST-07986,2023-09-29,M,Cúcuta,social_media,1,26
CUST-07987,2023-12-16,F,Manizales,online,0,37
CUST-07988,2023-07-11,F,Cartagena,online,0,31
CUST-07989,2023-08-05,F,Manizales,presencial,1,38
CUST-07990,2023-07-09,M,Cartagena,online,1,40
CUST-07991,2023-03-22,F,Cúcuta,online,0,47
CUST-07992,2023-09-23,F,Bucaramanga,online,1,34
CUST-07993,2023-04-19,M,Cartagena,online,0,51
CUST-07994,2024-03-20,F,Medellín,online,0,44
CUST-07995,2024-07-01,F,Cúcuta,online,0,27
CUST-07996,2023-01-19,F,Cúcuta,social_media,0,57
CUST-07997,2023-01-06,M,Bucaramanga,social_media,0,38
CUST-07998,2024-02-09,F,Pereira,online,0,26
CUST-07999,2023-04-30,F,Cali,social_media,0,51
CUST-08000,2023-01-14,F,Cali,presencial,1,55
CUST-08001,2023-06-25,M,Pereira,presencial,0,34
CUST-08002,2024-05-03,M,Cúcuta,online,0,29
CUST-08003,2024-04-16,F,Barranquilla,online,0,33
CUST-08004,2024-02-19,F,Medellín,social_media,0,42
CUST-08005,2024-05-13,F,Santa Marta,presencial,0,47
CUST-08006,2023-11-07,M,Santa Marta,online,1,40
CUST-08007,2024-01-05,M,Bucaramanga,presencial,1,36
CUST-08008,2024-02-09,F,Medellín,social_media,0,49
CUST-08009,2023-11-06,F,Cali,online,0,31
CUST-08010,2023-03-31,M,Cartagena,online,1,45
CUST-08011,2023-05-09,M,Cartagena,online,0,32
CUST-08012,2023-05-19,F,Santa Marta,presencial,0,39
CUST-08013,2023-01-15,M,Cúcuta,social_media,1,33
CUST-08014,2023-07-15,F,Cali,presencial,1,34
CUST-08015,2023-04-25,F,Medellín,presencial,0,31
CUST-08016,2023-01-17,M,Cúcuta,online,0,48
CUST-08017,2023-07-12,F,Manizales,social_media,0,27
CUST-08018,2023-01-28,F,Pereira,social_media,0,27
CUST-08019,2023-08-03,F,Santa Marta,online,0,56
CUST-08020,2024-05-07,F,Cali,social_media,0,44
CUST-08021,2023-05-29,F,Bucaramanga,online,0,18
CUST-08022,2023-09-05,F,Cartagena,online,1,29
CUST-08023,2024-03-22,F,Cartagena,social_media,0,18
CUST-08024,2024-07-05,M,Cúcuta,social_media,0,25
CUST-08025,2023-07-15,M,Manizales,social_media,1,18
CUST-08026,2023-03-30,F,Bogotá,social_media,0,33
CUST-08027,2023-11-05,M,Bogotá,presencial,0,23
CUST-08028,2024-04-19,F,Cali,online,1,35
CUST-08029,2023-06-01,F,Medellín,online,1,18
CUST-08030,2024-04-30,M,Medellín,online,0,35
CUST-08031,2024-03-08,F,Medellín,online,0,30
CUST-08032,2023-01-23,F,Barranquilla,presencial,0,50
CUST-08033,2023-04-30,M,Bogotá,social_media,0,49
CUST-08034,2023-06-20,M,Cúcuta,social_media,1,42
CUST-08035,2023-06-06,M,Santa Marta,social_media,0,31
CUST-08036,2024-03-31,M,Cartagena,online,0,54
CUST-08037,2024-05-11,M,Cartagena,presencial,0,19
CUST-08038,2024-04-27,M,Santa Marta,presencial,0,20
CUST-08039,2023-01-21,F,Cartagena,social_media,1,34
CUST-08040,2024-04-05,M,Manizales,online,0,57
CUST-08041,2024-08-22,M,Bogotá,social_media,0,32
CUST-08042,2023-09-06,F,Bogotá,online,1,33
CUST-08043,2023-07-26,F,Barranquilla,social_media,0,20
CUST-08044,2023-10-29,M,Manizales,social_media,1,44
CUST-08045,2024-08-06,F,Cali,presencial,1,44
CUST-08046,2024-02-06,F,Bogotá,online,1,42
CUST-08047,2023-02-22,F,Santa Marta,presencial,0,28
CUST-08048,2023-12-08,F,Santa Marta,presencial,0,27
CUST-08049,2023-01-09,F,Santa Marta,social_media,0,22
CUST-08050,2023-04-16,F,Santa Marta,online,0,35
CUST-08051,2024-03-18,F,Medellín,online,1,24
CUST-08052,2024-03-01,M,Barranquilla,social_media,0,23
CUST-08053,2024-05-22,F,Medellín,social_media,0,30
CUST-08054,2024-08-15,M,Pereira,social_media,0,30
CUST-08055,2024-07-21,F,Cali,online,0,29
CUST-08056,2023-10-25,F,Santa Marta,social_media,0,39
CUST-08057,2023-02-07,M,Pereira,social_media,1,35
CUST-08058,2024-05-14,F,Manizales,presencial,0,32
CUST-08059,2024-02-14,F,Santa Marta,social_media,0,36
CUST-08060,2024-05-12,M,Manizales,social_media,1,25
CUST-08061,2024-06-09,F,Pereira,online,0,36
CUST-08062,2024-08-28,F,Santa Marta,social_media,1,36
CUST-08063,2024-05-14,M,Bogotá,online,1,19
CUST-08064,2023-08-26,M,Barranquilla,presencial,1,44
CUST-08065,2023-03-04,F,Barranquilla,presencial,0,26
CUST-08066,2024-06-24,M,Cartagena,online,0,35
CUST-08067,2023-01-20,F,Manizales,social_media,0,46
CUST-08068,2024-03-08,F,Cúcuta,online,1,44
CUST-08069,2024-08-13,M,Bogotá,social_media,0,35
CUST-08070,2023-11-20,M,Bucaramanga,social_media,0,31
CUST-08071,2024-07-20,M,Santa Marta,social_media,0,44
CUST-08072,2023-03-07,M,Cúcuta,online,0,41
CUST-08073,2023-10-02,F,Manizales,presencial,1,28
CUST-08074,2024-03-03,M,Medellín,online,0,27
CUST-08075,2024-04-29,M,Pereira,social_media,1,18
CUST-08076,2023-04-30,F,Cartagena,online,0,36
CUST-08077,2024-05-21,F,Medellín,presencial,0,34
CUST-08078,2023-12-22,F,Bogotá,online,0,46
CUST-08079,2024-04-04,F,Medellín,presencial,0,38
CUST-08080,2024-03-22,F,Cúcuta,presencial,1,48
CUST-08081,2023-01-22,F,Bucaramanga,social_media,0,28
CUST-08082,2023-06-15,F,Manizales,presencial,0,46
CUST-08083,2023-10-22,F,Cali,online,0,29
CUST-08084,2023-07-16,F,Cartagena,online,0,42
CUST-08085,2024-04-25,M,Medellín,social_media,0,20
CUST-08086,2023-12-19,M,Manizales,online,0,37
CUST-08087,2024-03-24,F,Barranquilla,social_media,0,18
CUST-08088,2023-08-26,M,Cúcuta,online,0,32
CUST-08089,2024-06-03,F,Bucaramanga,online,1,39
CUST-08090,2023-08-13,F,Cali,presencial,0,29
CUST-08091,2024-08-24,F,Manizales,presencial,0,24
CUST-08092,2023-12-14,F,Manizales,presencial,0,43
CUST-08093,2024-04-24,M,Cali,online,1,33
CUST-08094,2023-05-15,M,Santa Marta,social_media,0,30
CUST-08095,2023-10-28,F,Cúcuta,social_media,0,35
CUST-08096,2024-02-04,M,Cartagena,social_media,0,61
CUST-08097,2024-03-02,M,Cúcuta,presencial,0,46
CUST-08098,2024-01-04,F,Santa Marta,online,0,46
CUST-08099,2024-04-28,F,Pereira,presencial,1,39
CUST-08100,2023-06-15,M,Cúcuta,online,0,36
CUST-08101,2023-08-01,M,Cali,online,1,18
CUST-08102,2023-10-17,F,Bucaramanga,online,1,28
CUST-08103,2023-03-30,F,Cúcuta,presencial,0,30
CUST-08104,2024-05-09,M,Medellín,online,1,18
CUST-08105,2023-05-13,F,Bucaramanga,presencial,0,23
CUST-08106,2023-06-27,F,Cartagena,presencial,0,18
CUST-08107,2023-07-24,F,Cali,online,0,34
CUST-08108,2023-06-10,M,Pereira,online,0,43
CUST-08109,2024-05-18,M,Barranquilla,online,0,46
CUST-08110,2023-04-14,F,Bucaramanga,presencial,0,39
CUST-08111,2024-03-01,M,Santa Marta,online,0,25
CUST-08112,2024-05-20,F,Bucaramanga,online,0,18
CUST-08113,2023-11-07,M,Barranquilla,social_media,0,18
CUST-08114,2023-08-29,M,Cúcuta,social_media,0,22
CUST-08115,2023-08-03,M,Medellín,social_media,1,26
CUST-08116,2024-07-24,F,Santa Marta,online,0,33
CUST-08117,2023-02-18,F,Barranquilla,presencial,1,24
CUST-08118,2023-01-19,F,Barranquilla,social_media,1,38
CUST-08119,2024-01-03,M,Medellín,presencial,0,32
CUST-08120,2023-09-25,F,Cartagena,social_media,1,35
CUST-08121,2024-01-01,F,Bucaramanga,social_media,0,46
CUST-08122,2023-06-12,F,Cúcuta,presencial,0,23
CUST-08123,2023-06-28,F,Bucaramanga,social_media,0,39
CUST-08124,2024-05-30,M,Cali,presencial,0,34
CUST-08125,2023-02-02,F,Santa Marta,online,1,31
CUST-08126,2023-03-07,F,Pereira,online,1,43
CUST-08127,2023-12-12,M,Cali,presencial,0,43
CUST-08128,2024-03-16,F,Barranquilla,presencial,0,25
CUST-08129,2023-04-27,M,Pereira,online,0,33
CUST-08130,2023-08-21,M,Manizales,presencial,0,37
CUST-08131,2023-05-04,M,Bucaramanga,online,0,32
CUST-08132,2024-07-29,F,Barranquilla,online,0,40
CUST-08133,2023-08-18,M,Medellín,presencial,1,37
CUST-08134,2024-05-13,M,Cúcuta,social_media,1,53
CUST-08135,2023-09-22,M,Manizales,presencial,1,19
CUST-08136,2023-12-15,F,Bogotá,online,0,33
CUST-08137,2023-12-30,M,Santa Marta,social_media,0,25
CUST-08138,2023-02-17,M,Manizales,social_media,0,41
CUST-08139,2024-07-24,M,Cali,online,0,18
CUST-08140,2023-10-01,F,Cúcuta,social_media,0,38
CUST-08141,2023-06-04,M,Barranquilla,social_media,0,28
CUST-08142,2024-06-11,M,Cúcuta,presencial,1,27
CUST-08143,2023-04-17,F,Barranquilla,online,1,20
CUST-08144,2023-02-21,F,Medellín,social_media,0,30
CUST-08145,2024-03-24,F,Cúcuta,online,1,45
CUST-08146,2024-04-13,M,Cartagena,presencial,1,34
CUST-08147,2023-04-24,M,Cali,presencial,0,41
CUST-08148,2023-04-19,M,Bogotá,presencial,0,51
CUST-08149,2023-04-15,M,Medellín,social_media,0,37
CUST-08150,2024-07-29,F,Pereira,presencial,0,29
CUST-08151,2023-02-12,M,Bogotá,online,0,39
CUST-08152,2024-06-03,F,Medellín,presencial,0,29
CUST-08153,2023-04-18,M,Cúcuta,social_media,1,29
CUST-08154,2023-06-21,M,Pereira,presencial,1,19
CUST-08155,2023-05-01,M,Bogotá,social_media,0,44
CUST-08156,2023-07-30,F,Pereira,online,0,31
CUST-08157,2024-01-06,F,Manizales,presencial,0,36
CUST-08158,2023-06-10,F,Medellín,presencial,0,24
CUST-08159,2023-10-27,F,Barranquilla,online,0,39
CUST-08160,2024-03-28,M,Pereira,online,1,27
CUST-08161,2024-06-02,M,Bogotá,social_media,0,33
CUST-08162,2024-05-25,M,Bucaramanga,presencial,0,43
CUST-08163,2023-04-12,M,Cartagena,presencial,0,42
CUST-08164,2023-06-07,M,Bucaramanga,presencial,1,34
CUST-08165,2024-01-08,F,Manizales,presencial,1,18
CUST-08166,2023-12-09,F,Bogotá,online,0,64
CUST-08167,2023-05-22,M,Cali,presencial,0,52
CUST-08168,2023-05-06,M,Santa Marta,presencial,0,42
CUST-08169,2023-07-26,M,Manizales,presencial,1,27
CUST-08170,2024-03-25,M,Barranquilla,social_media,0,33
CUST-08171,2024-03-01,F,Cúcuta,social_media,1,29
CUST-08172,2023-01-07,M,Santa Marta,social_media,0,47
CUST-08173,2023-09-09,M,Pereira,online,1,37
CUST-08174,2024-04-30,M,Medellín,online,0,27
CUST-08175,2023-12-16,M,Bogotá,online,1,30
CUST-08176,2023-10-21,F,Bogotá,presencial,0,46
CUST-08177,2024-06-01,M,Cali,presencial,0,51
CUST-08178,2023-06-25,F,Cúcuta,online,1,50
CUST-08179,2023-03-29,F,Medellín,social_media,0,42
CUST-08180,2023-09-30,M,Barranquilla,presencial,1,32
CUST-08181,2024-01-17,M,Manizales,social_media,0,18
CUST-08182,2024-02-29,M,Cartagena,presencial,1,37
CUST-08183,2024-01-05,M,Cartagena,presencial,0,34
CUST-08184,2023-09-09,M,Bucaramanga,social_media,0,36
CUST-08185,2023-06-05,F,Cartagena,online,1,35
CUST-08186,2024-06-26,F,Cartagena,social_media,0,21
CUST-08187,2024-03-07,F,Pereira,online,1,40
CUST-08188,2023-08-22,F,Bucaramanga,online,1,41
CUST-08189,2023-05-22,F,Cúcuta,presencial,0,41
CUST-08190,2024-03-15,M,Medellín,presencial,0,44
CUST-08191,2024-02-28,M,Bogotá,presencial,1,41
CUST-08192,2024-02-24,F,Bogotá,online,1,30
CUST-08193,2024-04-14,M,Barranquilla,online,0,34
CUST-08194,2024-06-12,M,Medellín,social_media,0,35
CUST-08195,2024-01-06,F,Bucaramanga,presencial,0,36
CUST-08196,2023-01-31,F,Santa Marta,presencial,0,44
CUST-08197,2024-03-29,F,Cúcuta,online,0,41
CUST-08198,2023-05-30,M,Cúcuta,presencial,0,55
CUST-08199,2023-01-11,F,Manizales,online,1,57
CUST-08200,2024-06-13,F,Barranquilla,social_media,0,35
CUST-08201,2023-03-13,M,Medellín,social_media,0,18
CUST-08202,2023-03-28,M,Bogotá,presencial,0,47
CUST-08203,2023-12-13,F,Pereira,social_media,1,29
CUST-08204,2023-11-19,M,Cúcuta,presencial,0,26
CUST-08205,2024-02-16,F,Cali,presencial,0,31
CUST-08206,2023-06-18,M,Bucaramanga,online,0,30
CUST-08207,2024-03-20,F,Cartagena,online,0,41
CUST-08208,2023-03-04,M,Cartagena,presencial,0,19
CUST-08209,2024-02-07,M,Medellín,social_media,1,24
CUST-08210,2023-02-07,M,Santa Marta,social_media,0,38
CUST-08211,2023-06-04,F,Barranquilla,presencial,1,41
CUST-08212,2024-08-11,F,Cúcuta,presencial,0,41
CUST-08213,2023-03-01,F,Bogotá,social_media,0,27
CUST-08214,2024-06-16,M,Medellín,social_media,0,25
CUST-08215,2023-10-30,M,Santa Marta,online,1,29
CUST-08216,2024-03-05,M,Pereira,online,0,37
CUST-08217,2024-02-16,F,Cúcuta,social_media,1,49
CUST-08218,2024-07-20,M,Medellín,online,0,18
CUST-08219,2023-11-08,F,Pereira,online,1,32
CUST-08220,2023-11-18,F,Barranquilla,presencial,1,21
CUST-08221,2023-12-19,F,Cúcuta,online,0,18
CUST-08222,2023-01-09,F,Medellín,online,1,44
CUST-08223,2023-10-14,F,Barranquilla,presencial,0,40
CUST-08224,2024-06-24,M,Cartagena,social_media,0,39
CUST-08225,2023-05-31,M,Barranquilla,online,0,44
CUST-08226,2024-02-18,M,Cali,online,0,30
CUST-08227,2024-04-01,M,Bucaramanga,social_media,0,30
CUST-08228,2023-07-30,M,Bogotá,online,0,56
CUST-08229,2024-07-11,M,Manizales,social_media,0,32
CUST-08230,2024-03-28,F,Cartagena,presencial,0,42
CUST-08231,2023-12-20,M,Manizales,social_media,0,35
CUST-08232,2024-02-19,F,Cúcuta,social_media,0,18
CUST-08233,2023-07-22,F,Barranquilla,social_media,1,18
CUST-08234,2023-11-05,F,Barranquilla,presencial,1,29
CUST-08235,2023-03-28,F,Cartagena,social_media,1,45
CUST-08236,2023-02-07,F,Cartagena,social_media,0,42
CUST-08237,2024-07-04,M,Bucaramanga,presencial,0,44
CUST-08238,2023-12-09,M,Cartagena,online,0,25
CUST-08239,2024-02-04,M,Cartagena,online,0,51
CUST-08240,2023-05-10,F,Manizales,social_media,1,25
CUST-08241,2024-06-16,M,Bucaramanga,presencial,1,37
CUST-08242,2024-07-07,M,Medellín,presencial,0,34
CUST-08243,2023-10-18,F,Barranquilla,social_media,0,33
CUST-08244,2023-08-07,F,Barranquilla,social_media,1,48
CUST-08245,2023-04-06,M,Cartagena,online,1,27
CUST-08246,2024-06-07,F,Bucaramanga,online,0,21
CUST-08247,2024-07-19,F,Cartagena,social_media,0,35
CUST-08248,2023-11-16,F,Bucaramanga,presencial,0,31
CUST-08249,2024-06-17,M,Manizales,social_media,0,68
CUST-08250,2023-12-15,F,Barranquilla,presencial,1,41
CUST-08251,2023-06-13,F,Cali,online,0,30
CUST-08252,2023-01-24,F,Santa Marta,social_media,0,24
CUST-08253,2023-01-29,F,Cali,presencial,0,18
CUST-08254,2024-07-06,F,Manizales,online,0,24
CUST-08255,2024-08-29,M,Cúcuta,social_media,0,36
CUST-08256,2023-09-22,M,Cartagena,social_media,0,49
CUST-08257,2023-09-05,F,Santa Marta,online,0,46
CUST-08258,2023-11-08,F,Cali,social_media,1,37
CUST-08259,2024-03-08,M,Cúcuta,online,0,31
CUST-08260,2024-06-01,M,Cúcuta,presencial,0,37
CUST-08261,2023-04-24,F,Manizales,social_media,0,29
CUST-08262,2023-03-03,F,Pereira,online,0,52
CUST-08263,2024-01-17,M,Pereira,online,0,33
CUST-08264,2023-09-23,F,Cúcuta,presencial,0,34
CUST-08265,2024-06-03,F,Santa Marta,social_media,0,18
CUST-08266,2023-12-29,M,Manizales,online,0,33
CUST-08267,2023-05-07,M,Cali,online,0,43
CUST-08268,2023-02-18,M,Bucaramanga,online,1,24
CUST-08269,2023-05-08,M,Bucaramanga,social_media,0,27
CUST-08270,2024-04-04,F,Cartagena,social_media,0,42
CUST-08271,2023-11-02,F,Cali,presencial,1,20
CUST-08272,2024-08-09,F,Santa Marta,presencial,1,45
CUST-08273,2023-01-06,F,Pereira,presencial,0,29
CUST-08274,2024-04-09,M,Barranquilla,social_media,0,31
CUST-08275,2023-12-14,M,Bucaramanga,online,0,23
CUST-08276,2023-08-30,F,Cartagena,social_media,0,38
CUST-08277,2024-08-18,F,Bogotá,social_media,1,59
CUST-08278,2024-08-02,F,Medellín,social_media,0,42
CUST-08279,2024-06-30,M,Bogotá,presencial,0,26
CUST-08280,2023-08-28,M,Santa Marta,online,0,46
CUST-08281,2023-12-25,M,Santa Marta,social_media,0,31
CUST-08282,2023-11-03,F,Cartagena,presencial,0,48
CUST-08283,2023-10-19,F,Manizales,social_media,1,43
CUST-08284,2024-08-09,F,Cúcuta,online,1,18
CUST-08285,2023-05-24,M,Barranquilla,presencial,0,24
CUST-08286,2024-01-22,F,Bogotá,social_media,0,44
CUST-08287,2024-06-16,M,Barranquilla,presencial,0,36
CUST-08288,2023-09-11,F,Pereira,online,0,24
CUST-08289,2023-04-18,F,Medellín,online,0,28
CUST-08290,2023-12-02,M,Medellín,presencial,0,18
CUST-08291,2024-06-12,M,Bucaramanga,social_media,0,34
CUST-08292,2024-08-19,F,Santa Marta,online,0,57
CUST-08293,2023-07-17,M,Cali,online,0,43
CUST-08294,2024-01-05,M,Pereira,social_media,1,56
CUST-08295,2024-04-10,M,Cúcuta,presencial,1,43
CUST-08296,2023-04-11,M,Santa Marta,presencial,0,45
CUST-08297,2023-05-31,M,Santa Marta,social_media,0,54
CUST-08298,2024-03-11,F,Barranquilla,online,1,38
CUST-08299,2024-02-26,F,Medellín,online,1,33
CUST-08300,2023-03-25,F,Bogotá,social_media,0,45
CUST-08301,2023-04-05,F,Bucaramanga,social_media,0,49
CUST-08302,2023-03-05,M,Cartagena,presencial,0,30
CUST-08303,2024-03-11,F,Bucaramanga,presencial,1,27
CUST-08304,2023-05-14,M,Pereira,social_media,1,36
CUST-08305,2024-05-02,F,Santa Marta,online,0,43
CUST-08306,2023-08-08,F,Cúcuta,presencial,1,42
CUST-08307,2024-04-01,M,Cúcuta,social_media,0,20
CUST-08308,2023-03-21,F,Bucaramanga,online,0,54
CUST-08309,2024-01-14,F,Bucaramanga,presencial,0,28
CUST-08310,2024-06-22,F,Cali,social_media,0,32
CUST-08311,2024-02-17,F,Manizales,social_media,1,25
CUST-08312,2024-08-25,F,Santa Marta,online,1,61
CUST-08313,2024-07-26,F,Bogotá,online,1,37
CUST-08314,2024-06-15,F,Bucaramanga,social_media,0,26
CUST-08315,2024-02-09,M,Pereira,online,1,43
CUST-08316,2023-09-28,F,Manizales,social_media,0,42
CUST-08317,2024-08-21,F,Cúcuta,online,0,33
CUST-08318,2024-05-25,F,Manizales,online,0,43
CUST-08319,2024-03-09,F,Pereira,presencial,0,26
CUST-08320,2024-03-26,F,Manizales,presencial,1,30
CUST-08321,2024-05-16,F,Santa Marta,online,0,18
CUST-08322,2024-03-02,M,Cúcuta,social_media,0,21
CUST-08323,2023-06-16,F,Pereira,online,1,53
CUST-08324,2023-05-28,F,Cali,presencial,0,51
CUST-08325,2024-06-01,M,Santa Marta,social_media,0,35
CUST-08326,2023-05-11,M,Bogotá,online,0,51
CUST-08327,2024-05-11,F,Manizales,online,0,33
CUST-08328,2024-04-13,F,Bucaramanga,online,0,32
CUST-08329,2023-05-13,F,Cali,online,1,35
CUST-08330,2024-06-09,M,Santa Marta,presencial,1,33
CUST-08331,2024-06-25,M,Bucaramanga,presencial,0,32
CUST-08332,2023-05-01,F,Pereira,presencial,0,46
CUST-08333,2023-08-06,F,Medellín,presencial,1,36
CUST-08334,2024-04-11,M,Bogotá,social_media,0,42
CUST-08335,2024-04-29,M,Bogotá,social_media,1,45
CUST-08336,2023-02-03,M,Cali,social_media,1,38
CUST-08337,2023-06-10,M,Cali,online,1,25
CUST-08338,2024-07-26,F,Manizales,social_media,1,21
CUST-08339,2024-01-14,M,Pereira,presencial,1,36
CUST-08340,2023-05-02,M,Cúcuta,presencial,0,33
CUST-08341,2024-02-23,F,Manizales,online,0,35
CUST-08342,2023-04-23,M,Bogotá,social_media,1,34
CUST-08343,2023-05-04,F,Barranquilla,online,0,60
CUST-08344,2024-01-14,M,Manizales,online,0,21
CUST-08345,2024-08-08,F,Cúcuta,social_media,1,18
CUST-08346,2023-10-24,M,Medellín,online,0,38
CUST-08347,2023-02-11,F,Pereira,social_media,0,31
CUST-08348,2024-06-19,F,Manizales,social_media,0,38
CUST-08349,2023-06-06,M,Santa Marta,online,0,40
CUST-08350,2023-05-01,F,Pereira,presencial,1,47
CUST-08351,2024-01-16,F,Santa Marta,social_media,1,19
CUST-08352,2023-11-09,M,Medellín,presencial,1,29
CUST-08353,2024-01-19,F,Bogotá,presencial,0,39
CUST-08354,2023-11-07,F,Bogotá,social_media,0,42
CUST-08355,2023-10-29,M,Barranquilla,presencial,0,56
CUST-08356,2024-05-12,M,Bogotá,online,0,44
CUST-08357,2023-01-29,F,Pereira,online,1,34
CUST-08358,2023-05-27,F,Manizales,presencial,0,26
CUST-08359,2023-05-26,F,Cali,online,0,29
CUST-08360,2024-08-26,F,Bogotá,social_media,0,29
CUST-08361,2024-03-07,F,Cali,social_media,0,41
CUST-08362,2023-02-19,M,Medellín,presencial,1,37
CUST-08363,2023-11-09,F,Bucaramanga,online,0,21
CUST-08364,2023-10-18,M,Pereira,presencial,0,30
CUST-08365,2023-08-09,M,Santa Marta,online,0,43
CUST-08366,2023-07-07,M,Cartagena,social_media,0,38
CUST-08367,2024-05-15,M,Barranquilla,online,0,40
CUST-08368,2023-01-03,F,Bogotá,online,1,38
CUST-08369,2023-05-06,F,Bucaramanga,presencial,1,51
CUST-08370,2024-07-14,F,Manizales,social_media,0,37
CUST-08371,2023-12-24,M,Barranquilla,online,0,31
CUST-08372,2023-03-11,M,Bogotá,social_media,1,25
CUST-08373,2023-02-15,F,Cartagena,online,1,37
CUST-08374,2024-03-03,M,Cúcuta,social_media,0,18
CUST-08375,2024-05-07,F,Cartagena,online,0,33
CUST-08376,2024-08-09,M,Medellín,social_media,0,32
CUST-08377,2023-11-14,M,Bucaramanga,online,0,21
CUST-08378,2024-08-02,M,Cúcuta,social_media,1,25
CUST-08379,2024-04-08,M,Santa Marta,online,0,43
CUST-08380,2023-12-12,M,Bucaramanga,online,0,37
CUST-08381,2024-01-22,M,Manizales,social_media,0,36
CUST-08382,2024-05-01,M,Cúcuta,presencial,1,38
CUST-08383,2023-05-16,F,Cali,online,0,35
CUST-08384,2023-05-22,F,Cúcuta,online,1,47
CUST-08385,2024-05-31,M,Medellín,presencial,0,36
CUST-08386,2024-04-16,M,Barranquilla,online,0,20
CUST-08387,2024-04-05,F,Santa Marta,social_media,0,51
CUST-08388,2024-04-04,M,Santa Marta,presencial,0,38
CUST-08389,2023-06-02,F,Cali,online,0,29
CUST-08390,2023-11-30,F,Bogotá,social_media,0,22
CUST-08391,2023-04-02,F,Bogotá,social_media,0,38
CUST-08392,2024-02-24,F,Barranquilla,presencial,0,33
CUST-08393,2024-02-01,F,Barranquilla,presencial,1,50
CUST-08394,2023-08-27,M,Cúcuta,presencial,0,31
CUST-08395,2024-02-09,M,Bucaramanga,social_media,0,26
CUST-08396,2023-12-14,F,Cartagena,online,0,43
CUST-08397,2024-07-07,M,Bucaramanga,social_media,0,44
CUST-08398,2023-02-16,F,Cúcuta,social_media,1,36
CUST-08399,2024-03-29,M,Pereira,presencial,0,41
CUST-08400,2023-10-12,M,Pereira,online,0,34
CUST-08401,2023-04-01,M,Cúcuta,social_media,0,37
CUST-08402,2023-06-19,M,Cúcuta,presencial,0,46
CUST-08403,2023-01-26,M,Santa Marta,presencial,0,41
CUST-08404,2024-08-08,M,Bucaramanga,online,0,33
CUST-08405,2023-11-13,M,Manizales,online,0,48
CUST-08406,2024-07-28,M,Medellín,presencial,1,18
CUST-08407,2023-05-07,F,Manizales,online,0,55
CUST-08408,2024-07-26,F,Santa Marta,online,1,18
CUST-08409,2023-03-29,M,Barranquilla,social_media,0,28
CUST-08410,2023-07-17,M,Cartagena,online,0,34
CUST-08411,2024-07-08,M,Cartagena,presencial,1,33
CUST-08412,2024-08-13,F,Medellín,online,0,45
CUST-08413,2023-02-24,M,Cartagena,social_media,0,24
CUST-08414,2024-08-06,M,Santa Marta,online,0,37
CUST-08415,2024-06-18,F,Barranquilla,social_media,0,29
CUST-08416,2023-07-13,F,Cúcuta,online,0,37
CUST-08417,2024-05-02,F,Cali,online,0,34
CUST-08418,2024-05-29,M,Pereira,presencial,1,35
CUST-08419,2023-01-20,F,Manizales,presencial,1,29
CUST-08420,2023-05-04,M,Cúcuta,online,0,29
CUST-08421,2024-06-28,F,Bucaramanga,online,0,37
CUST-08422,2023-07-04,M,Bucaramanga,social_media,1,44
CUST-08423,2023-01-20,M,Cartagena,social_media,0,29
CUST-08424,2023-10-09,M,Bucaramanga,presencial,0,26
CUST-08425,2023-07-30,F,Santa Marta,online,0,41
CUST-08426,2023-09-09,M,Medellín,online,0,34
CUST-08427,2024-08-16,M,Cúcuta,social_media,1,43
CUST-08428,2024-03-30,M,Cali,online,1,25
CUST-08429,2023-03-28,F,Bogotá,online,1,18
CUST-08430,2024-06-30,M,Barranquilla,online,1,29
CUST-08431,2023-11-25,M,Medellín,social_media,0,27
CUST-08432,2024-02-16,M,Bucaramanga,social_media,0,34
CUST-08433,2024-08-26,M,Bogotá,social_media,0,28
CUST-08434,2023-02-16,F,Manizales,online,0,42
CUST-08435,2024-05-18,M,Cúcuta,social_media,0,32
CUST-08436,2023-01-24,F,Bucaramanga,presencial,0,36
CUST-08437,2023-12-15,F,Santa Marta,presencial,1,36
CUST-08438,2024-03-23,M,Bucaramanga,social_media,0,36
CUST-08439,2023-07-04,F,Cúcuta,social_media,0,34
CUST-08440,2024-02-29,F,Pereira,online,0,40
CUST-08441,2023-01-25,F,Cartagena,social_media,1,27
CUST-08442,2024-06-24,M,Manizales,social_media,0,48
CUST-08443,2023-11-21,F,Manizales,presencial,1,32
CUST-08444,2024-01-27,F,Cúcuta,presencial,1,21
CUST-08445,2023-09-21,M,Santa Marta,presencial,0,36
CUST-08446,2023-04-04,M,Bucaramanga,presencial,1,26
CUST-08447,2023-04-28,F,Bogotá,social_media,0,41
CUST-08448,2023-04-12,F,Santa Marta,presencial,0,57
CUST-08449,2024-07-08,F,Cali,online,0,27
CUST-08450,2023-06-22,M,Santa Marta,online,1,38
CUST-08451,2023-10-20,F,Pereira,social_media,0,18
CUST-08452,2023-05-28,M,Cali,online,0,39
CUST-08453,2023-07-07,F,Santa Marta,presencial,0,26
CUST-08454,2023-09-19,F,Pereira,presencial,0,28
CUST-08455,2023-04-02,M,Pereira,online,0,23
CUST-08456,2023-06-07,F,Pereira,social_media,1,42
CUST-08457,2023-11-11,M,Medellín,presencial,0,45
CUST-08458,2024-02-22,F,Barranquilla,presencial,0,35
CUST-08459,2023-06-23,M,Cúcuta,online,0,26
CUST-08460,2023-03-02,M,Manizales,social_media,1,50
CUST-08461,2023-11-30,F,Medellín,social_media,0,27
CUST-08462,2023-07-05,M,Barranquilla,online,0,18
CUST-08463,2023-01-28,F,Cúcuta,presencial,1,39
CUST-08464,2023-03-01,M,Manizales,online,0,23
CUST-08465,2023-11-02,M,Cali,online,0,44
CUST-08466,2024-02-04,M,Bucaramanga,online,1,31
CUST-08467,2023-04-12,F,Medellín,presencial,0,41
CUST-08468,2023-11-24,M,Manizales,presencial,0,49
CUST-08469,2023-05-26,M,Manizales,online,0,22
CUST-08470,2024-02-27,M,Bogotá,social_media,0,29
CUST-08471,2023-11-28,F,Cali,online,0,34
CUST-08472,2023-09-22,F,Medellín,presencial,0,50
CUST-08473,2024-01-20,M,Pereira,social_media,0,28
CUST-08474,2023-05-04,M,Pereira,social_media,0,29
CUST-08475,2023-02-23,F,Barranquilla,presencial,0,39
CUST-08476,2023-07-27,M,Manizales,presencial,0,29
CUST-08477,2023-09-03,M,Cali,online,0,36
CUST-08478,2024-08-23,M,Santa Marta,presencial,0,19
CUST-08479,2023-08-31,M,Cartagena,social_media,1,57
CUST-08480,2024-05-19,M,Medellín,online,0,21
CUST-08481,2024-06-04,M,Santa Marta,online,1,31
CUST-08482,2024-05-31,F,Bogotá,social_media,0,34
CUST-08483,2024-01-30,M,Manizales,presencial,0,54
CUST-08484,2023-04-28,M,Bucaramanga,online,1,21
CUST-08485,2023-10-03,F,Bogotá,social_media,0,54
CUST-08486,2023-03-04,F,Barranquilla,social_media,0,42
CUST-08487,2023-11-22,F,Cali,social_media,0,39
CUST-08488,2024-04-20,F,Pereira,presencial,0,25
CUST-08489,2024-07-20,M,Pereira,presencial,1,40
CUST-08490,2024-02-21,F,Bucaramanga,presencial,0,27
CUST-08491,2023-03-09,M,Cúcuta,presencial,0,47
CUST-08492,2024-05-10,F,Cúcuta,social_media,0,25
CUST-08493,2023-01-30,F,Manizales,online,0,33
CUST-08494,2024-02-22,F,Pereira,social_media,1,29
CUST-08495,2023-08-28,M,Barranquilla,online,0,25
CUST-08496,2023-01-20,F,Pereira,online,0,42
CUST-08497,2023-10-03,F,Bogotá,online,1,40
CUST-08498,2024-07-21,F,Cali,presencial,0,47
CUST-08499,2024-08-23,M,Medellín,social_media,1,18
CUST-08500,2023-04-14,M,Pereira,online,0,45
CUST-08501,2023-09-10,F,Santa Marta,social_media,0,60
CUST-08502,2024-07-22,M,Cartagena,presencial,0,30
CUST-08503,2023-05-09,F,Santa Marta,online,0,53
CUST-08504,2023-11-08,M,Manizales,presencial,0,32
CUST-08505,2024-08-04,F,Bogotá,presencial,1,21
CUST-08506,2024-02-21,M,Medellín,social_media,0,31
CUST-08507,2024-04-01,F,Bucaramanga,online,0,45
CUST-08508,2023-03-27,M,Cartagena,presencial,0,26
CUST-08509,2024-05-27,M,Pereira,social_media,0,28
CUST-08510,2023-07-28,F,Santa Marta,online,1,40
CUST-08511,2023-05-26,F,Barranquilla,online,0,35
CUST-08512,2024-01-18,M,Manizales,presencial,0,40
CUST-08513,2024-07-07,F,Barranquilla,presencial,0,37
CUST-08514,2023-06-22,F,Cali,presencial,0,39
CUST-08515,2023-09-09,F,Medellín,presencial,0,30
CUST-08516,2024-07-04,F,Manizales,online,1,37
CUST-08517,2024-03-09,M,Manizales,presencial,0,25
CUST-08518,2024-07-22,F,Cali,presencial,0,47
CUST-08519,2024-04-07,M,Bogotá,presencial,0,28
CUST-08520,2023-02-12,M,Bucaramanga,online,0,46
CUST-08521,2023-01-02,F,Cartagena,social_media,0,32
CUST-08522,2024-04-20,F,Manizales,social_media,1,37
CUST-08523,2023-10-24,M,Bucaramanga,online,1,30
CUST-08524,2023-06-21,F,Barranquilla,social_media,0,24
CUST-08525,2023-01-01,F,Cúcuta,online,0,18
CUST-08526,2023-03-03,M,Cúcuta,presencial,1,24
CUST-08527,2024-05-08,M,Medellín,social_media,1,31
CUST-08528,2023-10-07,M,Manizales,online,1,37
CUST-08529,2023-09-14,F,Cartagena,online,0,45
CUST-08530,2024-01-25,F,Manizales,presencial,0,30
CUST-08531,2023-12-26,M,Cartagena,online,0,26
CUST-08532,2023-08-06,M,Bucaramanga,social_media,0,20
CUST-08533,2024-08-22,F,Cúcuta,presencial,0,39
CUST-08534,2024-06-06,F,Cartagena,online,1,48
CUST-08535,2023-10-16,F,Cali,presencial,0,47
CUST-08536,2023-02-16,M,Cúcuta,online,0,42
CUST-08537,2023-06-15,F,Manizales,social_media,0,41
CUST-08538,2024-06-30,F,Cali,social_media,0,51
CUST-08539,2024-07-30,M,Barranquilla,presencial,0,38
CUST-08540,2023-03-13,F,Bucaramanga,online,0,41
CUST-08541,2023-11-04,M,Medellín,presencial,0,31
CUST-08542,2023-04-02,F,Pereira,presencial,0,21
CUST-08543,2024-02-09,M,Cartagena,social_media,0,28
CUST-08544,2023-05-06,M,Cúcuta,presencial,0,34
CUST-08545,2023-05-24,M,Cartagena,online,0,35
CUST-08546,2024-07-23,F,Cartagena,social_media,1,54
CUST-08547,2023-10-14,F,Medellín,online,0,35
CUST-08548,2024-03-18,F,Cúcuta,presencial,0,46
CUST-08549,2023-08-04,F,Santa Marta,social_media,1,30
CUST-08550,2024-05-31,M,Cali,online,0,31
CUST-08551,2023-11-22,F,Pereira,online,0,21
CUST-08552,2023-12-17,F,Cartagena,presencial,1,27
CUST-08553,2023-09-25,M,Cúcuta,online,1,40
CUST-08554,2024-04-08,M,Cúcuta,presencial,0,35
CUST-08555,2023-10-07,M,Cartagena,presencial,1,44
CUST-08556,2023-09-09,M,Barranquilla,presencial,0,36
CUST-08557,2023-11-26,F,Cúcuta,presencial,1,31
CUST-08558,2023-12-16,M,Bucaramanga,social_media,0,56
CUST-08559,2023-08-04,F,Pereira,online,0,34
CUST-08560,2024-04-15,F,Pereira,online,0,46
CUST-08561,2023-12-03,M,Manizales,social_media,1,30
CUST-08562,2023-01-17,M,Cartagena,presencial,1,42
CUST-08563,2023-05-17,M,Pereira,presencial,1,44
CUST-08564,2023-01-03,M,Barranquilla,presencial,0,37
CUST-08565,2024-05-02,M,Santa Marta,presencial,0,18
CUST-08566,2023-01-05,F,Cartagena,social_media,0,35
CUST-08567,2023-01-10,M,Cali,online,0,47
CUST-08568,2023-06-27,F,Cartagena,presencial,0,40
CUST-08569,2024-02-28,M,Santa Marta,presencial,1,39
CUST-08570,2024-07-23,F,Manizales,presencial,1,18
CUST-08571,2024-05-15,F,Bogotá,online,0,27
CUST-08572,2024-02-07,F,Cartagena,online,1,39
CUST-08573,2024-07-05,M,Bucaramanga,social_media,1,39
CUST-08574,2023-03-25,M,Cúcuta,online,0,47
CUST-08575,2023-03-21,M,Medellín,online,0,33
CUST-08576,2024-07-05,F,Bucaramanga,presencial,0,39
CUST-08577,2023-02-01,F,Santa Marta,online,1,35
CUST-08578,2024-03-31,M,Barranquilla,presencial,0,25
CUST-08579,2023-05-07,M,Cali,social_media,0,18
CUST-08580,2023-12-28,F,Santa Marta,presencial,0,39
CUST-08581,2024-01-21,F,Medellín,social_media,1,36
CUST-08582,2024-01-02,M,Santa Marta,online,0,28
CUST-08583,2024-02-01,M,Cúcuta,social_media,0,18
CUST-08584,2023-07-01,M,Medellín,presencial,1,41
CUST-08585,2023-01-09,F,Cúcuta,online,0,32
CUST-08586,2023-05-08,F,Cali,online,0,40
CUST-08587,2024-04-18,M,Pereira,presencial,0,53
CUST-08588,2024-01-15,M,Medellín,online,0,18
CUST-08589,2023-07-17,M,Bogotá,presencial,1,28
CUST-08590,2024-03-31,M,Santa Marta,social_media,0,32
CUST-08591,2023-01-10,M,Bucaramanga,social_media,1,49
CUST-08592,2023-08-15,F,Santa Marta,online,0,18
CUST-08593,2023-01-21,M,Cali,presencial,0,54
CUST-08594,2023-10-15,F,Cali,presencial,0,36
CUST-08595,2024-01-02,F,Cúcuta,social_media,0,34
CUST-08596,2023-07-16,F,Cali,presencial,1,33
CUST-08597,2023-04-03,F,Medellín,online,0,30
CUST-08598,2023-11-07,F,Bucaramanga,online,0,45
CUST-08599,2023-08-15,F,Cali,social_media,1,24
CUST-08600,2023-08-28,F,Cartagena,presencial,0,38
CUST-08601,2024-05-20,F,Cartagena,online,1,31
CUST-08602,2024-01-07,M,Cúcuta,online,0,27
CUST-08603,2023-02-07,M,Cali,online,1,60
CUST-08604,2023-10-15,M,Cali,presencial,1,39
CUST-08605,2024-05-19,M,Bogotá,social_media,0,41
CUST-08606,2023-08-03,M,Bucaramanga,social_media,0,46
CUST-08607,2023-01-08,F,Cali,online,1,20
CUST-08608,2023-07-20,F,Bogotá,social_media,0,52
CUST-08609,2024-02-10,F,Cúcuta,online,0,18
CUST-08610,2023-04-24,F,Santa Marta,online,1,27
CUST-08611,2023-10-12,F,Bogotá,presencial,0,30
CUST-08612,2024-08-05,M,Cartagena,online,0,40
CUST-08613,2024-05-27,M,Cartagena,online,0,37
CUST-08614,2024-05-20,F,Medellín,presencial,0,33
CUST-08615,2023-06-24,M,Bogotá,presencial,1,34
CUST-08616,2024-07-19,M,Bucaramanga,social_media,0,25
CUST-08617,2023-07-18,M,Pereira,presencial,1,20
CUST-08618,2024-08-02,M,Santa Marta,online,0,42
CUST-08619,2024-08-01,M,Manizales,presencial,1,41
CUST-08620,2023-06-29,F,Cúcuta,presencial,0,50
CUST-08621,2023-03-08,M,Cali,social_media,0,27
CUST-08622,2024-08-25,M,Santa Marta,presencial,0,41
CUST-08623,2023-05-12,F,Bogotá,online,0,32
CUST-08624,2023-03-08,F,Bucaramanga,online,0,46
CUST-08625,2023-05-11,F,Cúcuta,online,1,45
CUST-08626,2023-09-23,F,Medellín,presencial,0,37
CUST-08627,2024-08-06,F,Cúcuta,presencial,0,31
CUST-08628,2023-08-22,F,Santa Marta,online,0,44
CUST-08629,2024-06-19,F,Santa Marta,presencial,0,41
CUST-08630,2023-10-08,F,Manizales,social_media,1,28
CUST-08631,2023-07-16,M,Pereira,social_media,0,21
CUST-08632,2023-01-24,F,Bucaramanga,social_media,1,32
CUST-08633,2024-06-29,F,Medellín,social_media,0,50
CUST-08634,2023-09-16,M,Barranquilla,online,1,46
CUST-08635,2024-07-27,F,Cúcuta,presencial,0,23
CUST-08636,2024-04-09,F,Pereira,social_media,1,23
CUST-08637,2023-01-03,F,Bucaramanga,online,0,47
CUST-08638,2024-03-13,F,Santa Marta,social_media,0,23
CUST-08639,2023-02-23,M,Cartagena,presencial,0,40
CUST-08640,2023-11-27,M,Bucaramanga,social_media,1,28
CUST-08641,2024-03-18,F,Cúcuta,social_media,0,51
CUST-08642,2024-02-21,M,Bucaramanga,social_media,0,27
CUST-08643,2023-10-08,M,Manizales,social_media,0,46
CUST-08644,2023-05-05,M,Manizales,presencial,0,36
CUST-08645,2024-06-14,M,Bucaramanga,online,0,37
CUST-08646,2024-04-22,M,Manizales,social_media,0,18
CUST-08647,2024-05-22,M,Pereira,online,0,18
CUST-08648,2024-01-06,F,Bogotá,presencial,1,32
CUST-08649,2024-06-13,F,Cartagena,presencial,0,37
CUST-08650,2023-02-14,M,Cúcuta,social_media,0,23
CUST-08651,2023-08-18,M,Cúcuta,online,0,24
CUST-08652,2023-02-18,M,Cúcuta,social_media,1,40
CUST-08653,2023-10-12,F,Cartagena,presencial,0,40
CUST-08654,2024-03-06,F,Cúcuta,social_media,1,33
CUST-08655,2024-06-29,F,Santa Marta,social_media,0,42
CUST-08656,2024-04-04,F,Pereira,online,0,23
CUST-08657,2023-11-20,F,Pereira,presencial,0,31
CUST-08658,2023-01-06,F,Cúcuta,social_media,0,51
CUST-08659,2024-02-06,M,Medellín,social_media,0,35
CUST-08660,2023-07-19,F,Manizales,social_media,0,36
CUST-08661,2023-12-09,F,Cali,online,1,58
CUST-08662,2023-03-25,F,Santa Marta,presencial,1,21
CUST-08663,2024-08-08,M,Bucaramanga,social_media,0,42
CUST-08664,2023-01-26,F,Santa Marta,social_media,0,51
CUST-08665,2023-08-20,M,Santa Marta,social_media,0,31
CUST-08666,2024-03-09,M,Pereira,presencial,0,43
CUST-08667,2023-03-18,F,Cúcuta,online,0,25
CUST-08668,2023-09-13,F,Manizales,online,0,28
CUST-08669,2023-07-21,F,Medellín,social_media,0,38
CUST-08670,2023-06-18,M,Cartagena,social_media,0,42
CUST-08671,2023-12-04,F,Cali,online,0,46
CUST-08672,2023-11-15,M,Bogotá,online,1,50
CUST-08673,2023-03-06,M,Bucaramanga,online,0,34
CUST-08674,2023-04-10,F,Santa Marta,social_media,1,46
CUST-08675,2023-01-29,F,Medellín,social_media,0,31
CUST-08676,2024-05-06,F,Santa Marta,online,0,44
CUST-08677,2024-03-18,M,Manizales,online,1,37
CUST-08678,2023-01-25,F,Santa Marta,presencial,0,39
CUST-08679,2024-08-29,M,Cartagena,social_media,0,39
CUST-08680,2023-12-09,F,Medellín,presencial,0,18
CUST-08681,2023-09-14,M,Cúcuta,online,0,23
CUST-08682,2023-09-11,F,Cúcuta,social_media,1,36
CUST-08683,2023-04-21,F,Bucaramanga,social_media,0,18
CUST-08684,2024-04-29,M,Pereira,presencial,0,43
CUST-08685,2023-09-02,M,Cali,presencial,1,43
CUST-08686,2023-12-15,F,Bucaramanga,presencial,0,38
CUST-08687,2023-02-25,M,Bucaramanga,presencial,1,23
CUST-08688,2023-12-08,M,Manizales,social_media,0,48
CUST-08689,2024-06-16,M,Bogotá,online,0,55
CUST-08690,2023-08-31,M,Barranquilla,online,0,36
CUST-08691,2023-03-16,F,Bogotá,online,1,40
CUST-08692,2024-03-25,M,Manizales,presencial,0,37
CUST-08693,2023-04-08,F,Medellín,online,1,40
CUST-08694,2024-04-02,F,Manizales,presencial,0,33
CUST-08695,2024-08-15,F,Cali,presencial,0,34
CUST-08696,2023-05-08,M,Manizales,online,1,44
CUST-08697,2023-03-29,F,Bucaramanga,online,0,58
CUST-08698,2023-03-04,F,Bogotá,online,0,20
CUST-08699,2023-02-04,F,Pereira,social_media,1,33
CUST-08700,2024-01-22,F,Pereira,presencial,0,23
CUST-08701,2023-11-17,F,Bucaramanga,social_media,0,50
CUST-08702,2023-03-08,M,Bogotá,online,0,29
CUST-08703,2023-05-11,F,Cartagena,social_media,0,20
CUST-08704,2023-03-05,M,Bogotá,social_media,0,41
CUST-08705,2024-03-28,F,Bogotá,online,1,52
CUST-08706,2023-02-26,F,Bucaramanga,online,0,41
CUST-08707,2023-11-05,M,Manizales,presencial,0,37
CUST-08708,2024-03-18,M,Bogotá,presencial,0,39
CUST-08709,2023-03-09,F,Medellín,social_media,0,49
CUST-08710,2023-04-15,F,Cartagena,online,0,26
CUST-08711,2023-02-27,F,Manizales,presencial,1,33
CUST-08712,2024-07-26,F,Barranquilla,presencial,0,30
CUST-08713,2023-02-23,F,Cartagena,social_media,0,23
CUST-08714,2023-10-29,M,Cúcuta,social_media,1,31
CUST-08715,2024-01-26,F,Cartagena,social_media,0,46
CUST-08716,2024-02-16,F,Cali,online,0,40
CUST-08717,2023-04-09,M,Bucaramanga,presencial,0,41
CUST-08718,2024-02-25,M,Cartagena,presencial,0,36
CUST-08719,2023-08-27,F,Medellín,presencial,0,40
CUST-08720,2023-01-11,M,Cúcuta,social_media,0,26
CUST-08721,2024-04-09,M,Barranquilla,online,0,31
CUST-08722,2024-01-29,M,Barranquilla,social_media,0,36
CUST-08723,2024-04-20,F,Pereira,social_media,0,37
CUST-08724,2024-03-14,F,Pereira,online,0,38
CUST-08725,2023-04-14,F,Santa Marta,online,1,33
CUST-08726,2023-12-14,M,Cúcuta,social_media,1,31
CUST-08727,2023-01-27,F,Medellín,online,0,66
CUST-08728,2024-04-09,F,Bucaramanga,social_media,0,44
CUST-08729,2024-06-13,M,Medellín,presencial,1,39
CUST-08730,2023-12-03,F,Santa Marta,online,0,32
CUST-08731,2024-08-24,M,Medellín,presencial,1,30
CUST-08732,2023-07-17,M,Bucaramanga,online,0,33
CUST-08733,2023-04-21,M,Manizales,social_media,0,37
CUST-08734,2023-04-16,M,Bucaramanga,social_media,1,18
CUST-08735,2023-01-13,F,Cali,social_media,1,19
CUST-08736,2023-03-11,F,Cartagena,social_media,0,28
CUST-08737,2024-08-30,F,Barranquilla,social_media,1,37
CUST-08738,2023-07-18,M,Bogotá,social_media,0,32
CUST-08739,2024-08-09,F,Cartagena,online,1,49
CUST-08740,2023-05-10,F,Cúcuta,online,0,20
CUST-08741,2024-06-05,M,Cartagena,presencial,0,27
CUST-08742,2023-09-20,M,Pereira,online,0,50
CUST-08743,2023-12-30,F,Pereira,online,0,36
CUST-08744,2024-03-07,M,Medellín,presencial,0,43
CUST-08745,2024-05-07,F,Barranquilla,presencial,0,55
CUST-08746,2024-03-31,M,Bogotá,social_media,0,28
CUST-08747,2023-07-10,M,Cartagena,presencial,0,34
CUST-08748,2023-09-06,F,Cartagena,presencial,0,32
CUST-08749,2023-05-21,M,Barranquilla,online,0,18
CUST-08750,2023-02-15,M,Cúcuta,social_media,0,31
CUST-08751,2023-03-03,M,Pereira,presencial,0,43
CUST-08752,2023-05-11,F,Bucaramanga,social_media,0,40
CUST-08753,2023-11-16,F,Cúcuta,social_media,1,41
CUST-08754,2024-08-21,F,Cali,presencial,0,31
CUST-08755,2024-03-22,M,Medellín,presencial,0,28
CUST-08756,2024-06-09,M,Barranquilla,presencial,0,47
CUST-08757,2024-01-02,M,Santa Marta,presencial,0,30
CUST-08758,2023-11-15,M,Cúcuta,social_media,0,37
CUST-08759,2024-08-20,F,Cartagena,online,1,36
CUST-08760,2024-07-08,F,Bogotá,social_media,1,49
CUST-08761,2023-05-30,M,Cali,social_media,0,44
CUST-08762,2023-05-31,F,Santa Marta,social_media,1,22
CUST-08763,2024-04-25,F,Pereira,presencial,0,23
CUST-08764,2023-11-13,F,Cali,presencial,0,40
CUST-08765,2023-12-18,M,Bogotá,online,0,34
CUST-08766,2023-10-26,F,Barranquilla,online,0,30
CUST-08767,2024-01-13,F,Santa Marta,online,1,45
CUST-08768,2023-01-09,F,Pereira,social_media,0,36
CUST-08769,2024-06-14,F,Cartagena,online,0,35
CUST-08770,2024-08-23,F,Bucaramanga,social_media,0,42
CUST-08771,2023-05-29,M,Bogotá,presencial,1,31
CUST-08772,2023-02-28,F,Pereira,social_media,0,50
CUST-08773,2023-09-01,F,Cartagena,presencial,0,27
CUST-08774,2024-06-03,M,Pereira,presencial,0,41
CUST-08775,2024-07-26,F,Cartagena,online,1,49
CUST-08776,2023-02-25,M,Cartagena,presencial,0,21
CUST-08777,2024-03-08,M,Cali,online,0,31
CUST-08778,2023-12-19,M,Cartagena,online,0,46
CUST-08779,2023-07-20,M,Manizales,online,1,46
CUST-08780,2023-07-25,F,Manizales,social_media,0,33
CUST-08781,2023-07-26,F,Medellín,online,0,27
CUST-08782,2023-03-12,M,Bogotá,online,0,44
CUST-08783,2023-12-16,F,Medellín,presencial,1,46
CUST-08784,2023-07-13,M,Pereira,social_media,0,23
CUST-08785,2024-05-02,F,Cali,online,0,22
CUST-08786,2024-04-23,F,Manizales,online,0,37
CUST-08787,2023-12-06,M,Barranquilla,online,0,41
CUST-08788,2024-08-15,F,Cúcuta,presencial,1,32
CUST-08789,2024-08-02,M,Cúcuta,presencial,0,41
CUST-08790,2023-12-10,F,Manizales,presencial,0,27
CUST-08791,2023-11-03,F,Medellín,online,0,18
CUST-08792,2024-03-04,F,Cartagena,online,1,30
CUST-08793,2023-12-03,M,Bucaramanga,online,0,35
CUST-08794,2023-06-16,M,Bogotá,online,0,32
CUST-08795,2023-04-18,M,Bogotá,online,1,23
CUST-08796,2024-04-10,F,Santa Marta,presencial,0,18
CUST-08797,2023-02-13,M,Cartagena,online,0,29
CUST-08798,2024-05-22,M,Barranquilla,social_media,0,43
CUST-08799,2023-08-13,M,Bogotá,online,1,47
CUST-08800,2023-01-04,F,Cali,presencial,0,46
CUST-08801,2023-08-17,F,Barranquilla,online,0,26
CUST-08802,2023-08-24,F,Cartagena,social_media,0,23
CUST-08803,2024-04-22,F,Cúcuta,online,0,39
CUST-08804,2023-08-07,M,Cartagena,social_media,1,41
CUST-08805,2023-09-02,F,Cúcuta,social_media,1,39
CUST-08806,2024-05-07,M,Manizales,presencial,1,18
CUST-08807,2023-12-06,F,Cali,social_media,1,26
CUST-08808,2024-01-20,M,Pereira,online,1,34
CUST-08809,2023-07-30,M,Bucaramanga,social_media,0,39
CUST-08810,2024-02-14,F,Cúcuta,online,0,42
CUST-08811,2023-07-08,M,Cúcuta,online,1,36
CUST-08812,2023-01-07,M,Cúcuta,online,0,38
CUST-08813,2024-01-07,M,Bucaramanga,online,0,35
CUST-08814,2023-01-11,M,Cúcuta,presencial,0,41
CUST-08815,2023-03-17,F,Santa Marta,online,0,38
CUST-08816,2024-01-02,F,Pereira,presencial,1,35
CUST-08817,2023-01-31,M,Pereira,social_media,1,32
CUST-08818,2024-07-22,F,Bogotá,online,0,35
CUST-08819,2023-04-28,M,Bogotá,social_media,0,39
CUST-08820,2023-05-26,M,Santa Marta,presencial,0,37
CUST-08821,2023-10-25,F,Santa Marta,online,0,38
CUST-08822,2024-03-26,M,Cúcuta,online,1,48
CUST-08823,2023-07-19,F,Cali,presencial,0,37
CUST-08824,2024-08-22,M,Manizales,social_media,0,28
CUST-08825,2024-01-04,F,Santa Marta,presencial,1,43
CUST-08826,2023-02-14,F,Bogotá,social_media,1,21
CUST-08827,2023-01-31,M,Cali,social_media,0,24
CUST-08828,2023-07-23,F,Bucaramanga,social_media,1,38
CUST-08829,2023-07-22,M,Barranquilla,online,1,40
CUST-08830,2023-10-18,F,Manizales,presencial,1,22
CUST-08831,2023-06-28,M,Santa Marta,online,0,31
CUST-08832,2023-08-13,F,Pereira,presencial,0,28
CUST-08833,2023-09-26,F,Bogotá,social_media,1,30
CUST-08834,2023-06-28,F,Medellín,online,0,44
CUST-08835,2023-12-14,M,Bogotá,online,1,42
CUST-08836,2024-07-21,F,Santa Marta,online,1,34
CUST-08837,2023-09-09,M,Barranquilla,social_media,0,29
CUST-08838,2023-07-02,F,Cúcuta,presencial,0,21
CUST-08839,2023-07-20,F,Manizales,social_media,0,49
CUST-08840,2023-01-23,M,Cartagena,online,0,40
CUST-08841,2023-06-30,F,Cartagena,online,0,27
CUST-08842,2023-09-26,M,Cartagena,social_media,0,42
CUST-08843,2023-04-14,M,Cartagena,online,1,34
CUST-08844,2023-01-22,M,Cali,online,1,32
CUST-08845,2023-05-21,M,Bucaramanga,presencial,0,39
CUST-08846,2024-01-24,M,Bogotá,presencial,1,27
CUST-08847,2023-04-24,F,Manizales,presencial,0,31
CUST-08848,2023-12-13,M,Barranquilla,presencial,0,36
CUST-08849,2023-08-04,F,Bucaramanga,presencial,1,30
CUST-08850,2023-11-09,M,Medellín,presencial,0,41
CUST-08851,2024-04-12,M,Medellín,online,1,53
CUST-08852,2023-09-03,F,Manizales,online,0,27
CUST-08853,2024-01-14,F,Bogotá,presencial,0,18
CUST-08854,2024-01-17,M,Manizales,social_media,1,18
CUST-08855,2023-06-25,M,Cúcuta,presencial,0,33
CUST-08856,2024-06-23,F,Cúcuta,online,1,28
CUST-08857,2024-03-20,F,Bogotá,social_media,0,37
CUST-08858,2023-03-08,M,Santa Marta,social_media,1,36
CUST-08859,2023-05-02,M,Bogotá,social_media,0,18
CUST-08860,2023-05-28,M,Barranquilla,online,0,18
CUST-08861,2023-05-14,F,Santa Marta,social_media,1,37
CUST-08862,2023-07-14,M,Bogotá,online,0,36
CUST-08863,2023-07-16,F,Santa Marta,online,1,30
CUST-08864,2024-06-29,F,Manizales,presencial,1,18
CUST-08865,2024-01-23,M,Cartagena,online,0,39
CUST-08866,2024-01-19,M,Bucaramanga,social_media,1,47
CUST-08867,2023-11-22,F,Cartagena,online,0,37
CUST-08868,2024-03-15,M,Barranquilla,online,0,26
CUST-08869,2023-09-08,M,Cúcuta,presencial,0,35
CUST-08870,2023-02-17,F,Barranquilla,presencial,1,21
CUST-08871,2024-08-24,M,Cúcuta,online,0,45
CUST-08872,2023-07-13,F,Manizales,online,1,35
CUST-08873,2024-07-02,F,Manizales,online,0,18
CUST-08874,2023-10-29,M,Santa Marta,presencial,0,31
CUST-08875,2023-06-02,F,Cali,presencial,0,39
CUST-08876,2023-12-02,F,Cúcuta,social_media,0,31
CUST-08877,2023-09-11,M,Manizales,social_media,0,32
CUST-08878,2023-02-24,F,Cali,social_media,1,22
CUST-08879,2023-10-14,M,Medellín,social_media,0,40
CUST-08880,2023-05-10,F,Medellín,presencial,0,28
CUST-08881,2024-06-04,F,Santa Marta,presencial,0,18
CUST-08882,2024-08-21,F,Barranquilla,online,1,31
CUST-08883,2024-05-15,F,Cartagena,social_media,1,44
CUST-08884,2023-08-03,F,Medellín,online,0,31
CUST-08885,2023-03-25,F,Santa Marta,online,1,52
CUST-08886,2024-04-26,F,Pereira,presencial,0,39
CUST-08887,2023-03-08,M,Cali,online,0,38
CUST-08888,2023-06-21,F,Bucaramanga,online,0,33
CUST-08889,2024-06-04,M,Pereira,presencial,1,34
CUST-08890,2024-02-02,F,Bucaramanga,presencial,0,32
CUST-08891,2024-06-05,F,Cúcuta,presencial,1,31
CUST-08892,2024-01-19,M,Cúcuta,presencial,0,40
CUST-08893,2024-05-25,M,Bucaramanga,social_media,0,25
CUST-08894,2024-06-15,M,Manizales,social_media,0,24
CUST-08895,2024-04-20,F,Manizales,social_media,0,23
CUST-08896,2023-07-03,M,Cartagena,online,1,55
CUST-08897,2023-11-26,F,Barranquilla,social_media,0,40
CUST-08898,2024-01-18,F,Cartagena,presencial,0,38
CUST-08899,2024-06-22,M,Santa Marta,social_media,0,24
CUST-08900,2024-05-09,F,Cúcuta,presencial,0,41
CUST-08901,2024-05-21,M,Bucaramanga,social_media,0,33
CUST-08902,2024-04-30,M,Cali,social_media,0,37
CUST-08903,2023-10-02,M,Cali,presencial,1,25
CUST-08904,2024-08-18,M,Bogotá,presencial,0,36
CUST-08905,2024-02-15,F,Cartagena,online,1,30
CUST-08906,2024-08-20,F,Bucaramanga,online,1,27
CUST-08907,2023-02-07,M,Manizales,online,0,42
CUST-08908,2023-08-01,M,Santa Marta,social_media,0,19
CUST-08909,2023-08-13,F,Pereira,social_media,1,40
CUST-08910,2023-07-27,F,Bogotá,presencial,0,41
CUST-08911,2024-04-07,M,Pereira,presencial,0,26
CUST-08912,2023-08-29,F,Cúcuta,online,0,26
CUST-08913,2024-02-10,F,Santa Marta,presencial,0,32
CUST-08914,2023-08-12,F,Barranquilla,social_media,0,37
CUST-08915,2023-11-10,F,Pereira,presencial,0,33
CUST-08916,2024-03-11,M,Santa Marta,presencial,1,39
CUST-08917,2024-01-22,F,Bogotá,presencial,1,52
CUST-08918,2024-08-08,M,Cúcuta,presencial,0,29
CUST-08919,2023-06-10,M,Santa Marta,presencial,0,18
CUST-08920,2024-01-19,M,Barranquilla,online,1,43
CUST-08921,2023-09-18,F,Manizales,online,0,51
CUST-08922,2024-07-17,F,Cali,social_media,1,38
CUST-08923,2023-03-28,M,Medellín,online,1,24
CUST-08924,2023-05-18,F,Manizales,presencial,0,33
CUST-08925,2023-03-28,M,Manizales,online,0,23
CUST-08926,2023-10-30,M,Cali,social_media,0,41
CUST-08927,2024-03-31,F,Manizales,online,0,21
CUST-08928,2024-06-15,F,Bucaramanga,social_media,1,31
CUST-08929,2023-12-27,F,Cúcuta,social_media,0,24
CUST-08930,2023-08-24,M,Santa Marta,social_media,0,36
CUST-08931,2024-08-20,M,Cúcuta,presencial,1,31
CUST-08932,2023-02-12,F,Bucaramanga,social_media,0,36
CUST-08933,2024-04-21,M,Manizales,online,0,35
CUST-08934,2024-06-08,M,Medellín,online,0,25
CUST-08935,2023-12-11,M,Bogotá,online,1,41
CUST-08936,2024-03-12,F,Cúcuta,social_media,0,34
CUST-08937,2024-04-06,F,Cúcuta,social_media,0,25
CUST-08938,2024-04-23,F,Medellín,presencial,0,57
CUST-08939,2024-03-18,M,Barranquilla,social_media,0,39
CUST-08940,2024-02-23,F,Cúcuta,online,0,33
CUST-08941,2024-01-12,M,Santa Marta,presencial,0,49
CUST-08942,2024-05-24,M,Pereira,online,0,53
CUST-08943,2023-11-21,M,Santa Marta,presencial,0,33
CUST-08944,2023-10-07,F,Santa Marta,social_media,0,38
CUST-08945,2024-01-27,M,Santa Marta,presencial,0,25
CUST-08946,2023-01-26,F,Manizales,social_media,1,33
CUST-08947,2023-07-03,M,Bucaramanga,social_media,1,33
CUST-08948,2024-03-28,F,Cúcuta,online,1,36
CUST-08949,2023-08-28,F,Pereira,social_media,0,38
CUST-08950,2023-09-29,F,Medellín,social_media,1,40
CUST-08951,2023-03-19,F,Bogotá,social_media,0,37
CUST-08952,2024-01-03,F,Cartagena,online,1,22
CUST-08953,2023-03-26,F,Manizales,social_media,1,25
CUST-08954,2023-10-29,F,Cali,online,0,29
CUST-08955,2024-05-28,F,Pereira,presencial,0,32
CUST-08956,2024-06-09,M,Cartagena,online,0,45
CUST-08957,2024-07-13,M,Cúcuta,online,0,23
CUST-08958,2023-03-22,M,Manizales,social_media,0,31
CUST-08959,2023-10-11,M,Bucaramanga,online,0,44
CUST-08960,2023-08-22,M,Bucaramanga,presencial,0,32
CUST-08961,2023-04-11,F,Pereira,online,0,39
CUST-08962,2023-05-02,F,Pereira,social_media,1,33
CUST-08963,2023-03-15,F,Barranquilla,presencial,0,37
CUST-08964,2024-01-04,F,Cúcuta,social_media,0,32
CUST-08965,2023-02-09,F,Cúcuta,social_media,0,41
CUST-08966,2024-07-13,M,Cúcuta,online,1,19
CUST-08967,2023-07-25,M,Manizales,social_media,0,31
CUST-08968,2023-12-08,F,Bucaramanga,presencial,0,37
CUST-08969,2023-07-21,M,Manizales,presencial,1,40
CUST-08970,2023-12-04,M,Pereira,presencial,0,49
CUST-08971,2023-09-14,F,Bogotá,presencial,1,31
CUST-08972,2023-11-06,F,Barranquilla,online,0,49
CUST-08973,2023-10-09,M,Pereira,presencial,0,28
CUST-08974,2023-07-15,M,Santa Marta,online,0,48
CUST-08975,2023-05-22,F,Medellín,social_media,0,43
CUST-08976,2024-07-10,M,Cartagena,social_media,0,25
CUST-08977,2023-09-25,F,Santa Marta,online,1,38
CUST-08978,2023-01-09,M,Santa Marta,social_media,1,34
CUST-08979,2023-11-03,M,Bucaramanga,social_media,1,41
CUST-08980,2023-10-16,F,Pereira,presencial,0,32
CUST-08981,2023-12-21,M,Santa Marta,social_media,0,31
CUST-08982,2024-02-18,F,Cúcuta,social_media,1,48
CUST-08983,2024-02-20,M,Manizales,online,1,34
CUST-08984,2024-08-16,M,Cúcuta,presencial,1,43
CUST-08985,2023-01-13,F,Bucaramanga,social_media,1,32
CUST-08986,2024-04-28,M,Bucaramanga,social_media,1,51
CUST-08987,2024-06-08,F,Pereira,online,0,28
CUST-08988,2023-06-02,F,Pereira,social_media,0,28
CUST-08989,2024-02-12,M,Medellín,presencial,0,50
CUST-08990,2023-08-22,F,Santa Marta,presencial,1,30
CUST-08991,2023-08-21,F,Barranquilla,presencial,0,51
CUST-08992,2023-08-03,F,Cúcuta,online,1,43
CUST-08993,2024-04-30,M,Santa Marta,presencial,1,33
CUST-08994,2023-08-28,F,Cúcuta,presencial,1,18
CUST-08995,2024-06-12,F,Cali,presencial,0,34
CUST-08996,2024-08-24,M,Cartagena,presencial,0,36
CUST-08997,2024-07-19,F,Cartagena,presencial,0,46
CUST-08998,2024-04-24,F,Pereira,presencial,1,50
CUST-08999,2024-04-17,F,Barranquilla,online,1,28
CUST-09000,2023-12-15,M,Barranquilla,presencial,1,43
CUST-09001,2023-03-29,M,Bogotá,social_media,1,42
CUST-09002,2023-11-17,M,Bucaramanga,online,0,45
CUST-09003,2023-07-12,M,Barranquilla,social_media,0,39
CUST-09004,2024-03-15,M,Cúcuta,social_media,0,18
CUST-09005,2024-03-03,M,Cúcuta,presencial,1,33
CUST-09006,2023-08-03,F,Cartagena,social_media,0,23
CUST-09007,2024-03-25,M,Santa Marta,social_media,0,32
CUST-09008,2024-04-05,M,Barranquilla,social_media,1,44
CUST-09009,2024-07-25,M,Bogotá,presencial,1,38
CUST-09010,2023-01-31,M,Santa Marta,presencial,1,46
CUST-09011,2024-01-19,F,Cartagena,presencial,0,38
CUST-09012,2023-05-23,F,Cúcuta,online,0,22
CUST-09013,2024-08-14,M,Pereira,presencial,0,18
CUST-09014,2023-05-12,F,Cali,presencial,1,36
CUST-09015,2023-11-09,M,Barranquilla,social_media,0,32
CUST-09016,2023-01-10,F,Cúcuta,presencial,1,25
CUST-09017,2024-05-26,M,Santa Marta,social_media,0,18
CUST-09018,2023-12-30,M,Cúcuta,presencial,0,27
CUST-09019,2023-12-14,M,Bogotá,presencial,1,33
CUST-09020,2023-08-19,M,Cartagena,presencial,0,41
CUST-09021,2024-03-05,F,Manizales,presencial,0,36
CUST-09022,2024-03-11,M,Cúcuta,presencial,0,51
CUST-09023,2024-02-18,F,Pereira,presencial,0,24
CUST-09024,2024-07-04,F,Barranquilla,presencial,0,43
CUST-09025,2023-11-03,F,Pereira,social_media,0,35
CUST-09026,2023-11-30,M,Bogotá,online,1,41
CUST-09027,2024-08-24,F,Bucaramanga,online,0,30
CUST-09028,2023-01-24,F,Santa Marta,presencial,0,45
CUST-09029,2024-08-04,F,Cali,online,0,37
CUST-09030,2023-02-02,M,Barranquilla,social_media,0,28
CUST-09031,2023-05-23,F,Manizales,social_media,0,34
CUST-09032,2023-06-07,M,Cartagena,social_media,0,32
CUST-09033,2023-12-05,F,Cartagena,online,0,39
CUST-09034,2024-08-04,F,Bogotá,online,0,23
CUST-09035,2024-08-10,M,Bucaramanga,online,0,34
CUST-09036,2024-02-05,M,Medellín,presencial,1,38
CUST-09037,2024-01-26,F,Bogotá,social_media,0,35
CUST-09038,2023-07-29,M,Bucaramanga,social_media,0,48
CUST-09039,2024-02-05,F,Cartagena,presencial,0,42
CUST-09040,2023-03-07,F,Cartagena,online,0,34
CUST-09041,2024-07-01,M,Santa Marta,social_media,0,37
CUST-09042,2024-01-31,M,Cúcuta,online,1,37
CUST-09043,2023-07-12,M,Cúcuta,presencial,0,39
CUST-09044,2024-05-01,F,Cali,online,0,18
CUST-09045,2023-04-22,F,Bogotá,presencial,1,31
CUST-09046,2023-12-03,F,Manizales,online,0,20
CUST-09047,2024-08-06,M,Cartagena,presencial,0,47
CUST-09048,2024-04-07,M,Cartagena,social_media,0,34
CUST-09049,2023-11-08,M,Manizales,presencial,0,33
CUST-09050,2023-04-06,F,Manizales,online,0,43
CUST-09051,2023-06-25,M,Medellín,social_media,0,39
CUST-09052,2023-04-17,M,Cali,online,1,23
CUST-09053,2024-07-20,F,Cúcuta,online,0,34
CUST-09054,2023-07-01,M,Cúcuta,presencial,0,31
CUST-09055,2023-02-02,M,Bogotá,presencial,1,18
CUST-09056,2024-05-15,F,Cali,online,1,28
CUST-09057,2023-01-28,F,Barranquilla,presencial,0,33
CUST-09058,2023-07-11,F,Pereira,online,0,33
CUST-09059,2023-07-23,F,Santa Marta,presencial,0,20
CUST-09060,2023-03-13,F,Cartagena,presencial,1,46
CUST-09061,2024-01-31,F,Bogotá,online,1,33
CUST-09062,2023-10-18,M,Medellín,social_media,0,35
CUST-09063,2023-07-30,M,Cúcuta,presencial,0,39
CUST-09064,2023-08-27,F,Medellín,online,1,27
CUST-09065,2023-10-26,F,Santa Marta,social_media,0,39
CUST-09066,2024-06-20,M,Cúcuta,presencial,1,31
CUST-09067,2023-03-13,F,Pereira,presencial,1,26
CUST-09068,2024-04-10,F,Medellín,online,1,40
CUST-09069,2023-02-28,M,Bogotá,presencial,0,49
CUST-09070,2024-01-13,M,Cartagena,online,1,42
CUST-09071,2024-06-14,F,Bogotá,online,0,44
CUST-09072,2023-01-12,F,Santa Marta,presencial,0,29
CUST-09073,2023-06-25,M,Cali,social_media,0,19
CUST-09074,2023-12-01,F,Medellín,presencial,0,49
CUST-09075,2024-02-25,M,Bucaramanga,social_media,0,55
CUST-09076,2024-02-05,M,Cali,presencial,1,50
CUST-09077,2023-06-10,F,Cartagena,social_media,1,31
CUST-09078,2023-04-24,M,Cúcuta,presencial,1,23
CUST-09079,2023-05-13,M,Manizales,social_media,0,24
CUST-09080,2024-07-03,M,Cúcuta,social_media,0,18
CUST-09081,2024-03-04,F,Medellín,presencial,1,33
CUST-09082,2024-05-04,F,Cartagena,presencial,1,51
CUST-09083,2023-03-12,F,Manizales,online,1,33
CUST-09084,2024-02-03,M,Bogotá,social_media,0,38
CUST-09085,2023-07-31,M,Cúcuta,presencial,1,48
CUST-09086,2023-05-14,F,Cúcuta,online,1,30
CUST-09087,2023-07-30,M,Barranquilla,presencial,0,55
CUST-09088,2023-11-14,M,Cartagena,social_media,0,54
CUST-09089,2024-03-18,F,Cúcuta,presencial,1,33
CUST-09090,2024-05-01,M,Cali,presencial,0,29
CUST-09091,2023-06-12,M,Medellín,online,0,41
CUST-09092,2024-08-11,M,Cali,presencial,0,31
CUST-09093,2023-11-14,M,Cartagena,online,0,23
CUST-09094,2024-08-24,M,Pereira,social_media,0,47
CUST-09095,2023-07-27,M,Medellín,social_media,0,47
CUST-09096,2024-05-29,F,Pereira,presencial,0,36
CUST-09097,2024-04-14,F,Bucaramanga,online,1,22
CUST-09098,2023-10-10,M,Pereira,social_media,0,22
CUST-09099,2023-07-26,F,Pereira,presencial,0,36
CUST-09100,2023-01-08,F,Santa Marta,presencial,0,30
CUST-09101,2023-05-27,F,Pereira,presencial,1,31
CUST-09102,2024-04-01,M,Bucaramanga,presencial,0,45
CUST-09103,2023-03-07,F,Cúcuta,presencial,0,42
CUST-09104,2024-02-13,M,Manizales,online,0,48
CUST-09105,2023-09-10,F,Pereira,presencial,1,25
CUST-09106,2024-06-22,F,Bucaramanga,presencial,0,31
CUST-09107,2023-12-03,M,Barranquilla,presencial,0,42
CUST-09108,2024-08-05,F,Pereira,presencial,1,39
CUST-09109,2024-05-17,M,Manizales,presencial,0,50
CUST-09110,2024-04-16,F,Manizales,presencial,0,39
CUST-09111,2024-04-18,F,Barranquilla,presencial,0,53
CUST-09112,2024-08-12,F,Cúcuta,social_media,0,40
CUST-09113,2023-02-10,F,Santa Marta,social_media,0,45
CUST-09114,2023-04-04,M,Cali,presencial,0,31
CUST-09115,2023-10-22,M,Santa Marta,online,1,35
CUST-09116,2024-04-12,F,Cali,presencial,0,44
CUST-09117,2023-12-22,M,Pereira,online,0,51
CUST-09118,2023-11-01,F,Barranquilla,online,1,42
CUST-09119,2024-02-05,M,Cartagena,online,1,34
CUST-09120,2023-06-29,M,Cali,online,0,48
CUST-09121,2024-03-01,M,Medellín,online,0,18
CUST-09122,2023-09-13,F,Manizales,social_media,0,20
CUST-09123,2023-07-03,M,Pereira,presencial,1,41
CUST-09124,2024-03-18,M,Pereira,social_media,0,35
CUST-09125,2024-04-13,F,Manizales,social_media,0,41
CUST-09126,2024-01-29,F,Bogotá,presencial,1,35
CUST-09127,2023-07-07,F,Manizales,social_media,0,40
CUST-09128,2024-08-05,M,Cúcuta,presencial,0,26
CUST-09129,2023-04-08,M,Cartagena,presencial,0,40
CUST-09130,2024-02-07,M,Manizales,presencial,1,44
CUST-09131,2023-02-14,M,Santa Marta,presencial,1,47
CUST-09132,2023-09-03,M,Medellín,online,0,55
CUST-09133,2023-06-11,M,Cali,online,0,37
CUST-09134,2023-10-08,F,Bucaramanga,social_media,1,37
CUST-09135,2024-07-04,M,Santa Marta,presencial,1,19
CUST-09136,2023-10-26,M,Cúcuta,presencial,0,29
CUST-09137,2023-03-10,M,Cúcuta,presencial,0,33
CUST-09138,2023-08-11,F,Manizales,presencial,1,45
CUST-09139,2024-05-20,M,Bucaramanga,online,0,28
CUST-09140,2024-02-26,F,Cartagena,online,0,42
CUST-09141,2024-07-20,M,Cali,online,0,34
CUST-09142,2023-05-05,F,Barranquilla,social_media,1,33
CUST-09143,2024-01-13,F,Pereira,presencial,0,37
CUST-09144,2023-03-20,F,Pereira,online,0,31
CUST-09145,2023-04-18,M,Cali,online,1,30
CUST-09146,2024-05-31,F,Barranquilla,presencial,0,18
CUST-09147,2023-11-30,M,Cali,online,0,32
CUST-09148,2024-02-24,F,Medellín,presencial,0,30
CUST-09149,2024-04-06,M,Bucaramanga,presencial,0,29
CUST-09150,2023-06-18,F,Pereira,online,0,39
CUST-09151,2023-09-16,F,Barranquilla,social_media,0,41
CUST-09152,2023-08-01,M,Cartagena,presencial,0,37
CUST-09153,2024-06-02,F,Manizales,social_media,0,44
CUST-09154,2023-02-15,M,Santa Marta,online,1,40
CUST-09155,2024-04-18,F,Pereira,presencial,1,32
CUST-09156,2023-01-28,F,Cúcuta,presencial,0,30
CUST-09157,2023-03-16,M,Bogotá,online,1,38
CUST-09158,2024-04-17,M,Cali,social_media,1,40
CUST-09159,2024-01-26,M,Cartagena,online,0,48
CUST-09160,2023-12-18,F,Cali,online,1,46
CUST-09161,2024-02-13,M,Bogotá,online,0,29
CUST-09162,2023-07-19,M,Medellín,social_media,1,33
CUST-09163,2024-02-11,F,Manizales,presencial,1,41
CUST-09164,2023-02-08,M,Pereira,presencial,1,45
CUST-09165,2023-01-11,M,Cúcuta,online,0,44
CUST-09166,2023-09-14,F,Cali,online,0,34
CUST-09167,2023-04-28,F,Barranquilla,social_media,0,22
CUST-09168,2023-05-20,F,Cali,online,0,25
CUST-09169,2023-12-01,F,Barranquilla,social_media,0,37
CUST-09170,2024-04-20,F,Manizales,social_media,0,38
CUST-09171,2024-05-11,M,Santa Marta,social_media,1,24
CUST-09172,2024-04-17,F,Pereira,online,1,35
CUST-09173,2023-03-11,F,Santa Marta,presencial,1,41
CUST-09174,2023-03-26,F,Santa Marta,social_media,0,23
CUST-09175,2024-07-15,M,Pereira,presencial,0,46
CUST-09176,2023-09-06,M,Pereira,social_media,0,31
CUST-09177,2024-03-24,M,Manizales,online,0,47
CUST-09178,2023-05-24,M,Cúcuta,social_media,0,29
CUST-09179,2024-04-27,F,Cali,social_media,0,24
CUST-09180,2023-10-13,F,Manizales,presencial,1,30
CUST-09181,2023-06-15,F,Bogotá,online,1,34
CUST-09182,2023-06-24,M,Bucaramanga,social_media,1,31
CUST-09183,2023-01-19,F,Medellín,online,0,32
CUST-09184,2023-04-13,M,Pereira,presencial,0,38
CUST-09185,2023-07-01,M,Cali,online,1,33
CUST-09186,2023-10-29,M,Cúcuta,online,0,34
CUST-09187,2023-05-08,F,Cartagena,presencial,0,18
CUST-09188,2024-07-01,F,Cúcuta,social_media,0,38
CUST-09189,2024-02-05,F,Medellín,social_media,1,34
CUST-09190,2023-06-22,F,Bogotá,online,0,51
CUST-09191,2023-03-21,M,Cartagena,social_media,0,25
CUST-09192,2023-01-12,F,Santa Marta,presencial,1,18
CUST-09193,2023-10-07,M,Santa Marta,online,0,41
CUST-09194,2023-06-07,M,Pereira,online,1,38
CUST-09195,2024-03-27,M,Santa Marta,social_media,0,24
CUST-09196,2024-01-02,M,Barranquilla,social_media,1,19
CUST-09197,2023-07-02,M,Cali,social_media,0,50
CUST-09198,2023-08-10,M,Barranquilla,online,0,49
CUST-09199,2023-02-05,M,Pereira,social_media,1,18
CUST-09200,2024-06-29,F,Manizales,online,0,30
CUST-09201,2023-08-10,F,Medellín,social_media,0,51
CUST-09202,2024-03-28,M,Cartagena,online,0,30
CUST-09203,2023-02-18,F,Cartagena,online,0,30
CUST-09204,2024-06-19,F,Santa Marta,online,1,32
CUST-09205,2023-04-16,F,Cali,social_media,0,23
CUST-09206,2024-02-04,F,Bucaramanga,social_media,0,18
CUST-09207,2023-11-12,M,Cúcuta,presencial,0,45
CUST-09208,2024-03-30,F,Cartagena,online,0,18
CUST-09209,2023-02-23,M,Medellín,social_media,0,37
CUST-09210,2023-01-05,M,Medellín,presencial,1,43
CUST-09211,2023-02-19,F,Barranquilla,presencial,0,20
CUST-09212,2024-01-22,F,Barranquilla,social_media,1,25
CUST-09213,2023-07-26,M,Pereira,online,1,47
CUST-09214,2023-09-13,M,Bogotá,presencial,0,40
CUST-09215,2024-01-19,F,Bucaramanga,presencial,1,28
CUST-09216,2023-09-02,F,Santa Marta,online,1,47
CUST-09217,2023-07-24,M,Medellín,social_media,1,47
CUST-09218,2023-04-04,F,Cartagena,online,0,37
CUST-09219,2023-01-17,M,Cúcuta,online,0,25
CUST-09220,2024-03-07,M,Cúcuta,social_media,1,30
CUST-09221,2023-01-29,M,Barranquilla,presencial,1,37
CUST-09222,2023-01-15,M,Barranquilla,online,0,33
CUST-09223,2023-12-12,F,Manizales,presencial,1,44
CUST-09224,2023-07-16,M,Bucaramanga,presencial,1,19
CUST-09225,2023-03-06,M,Pereira,presencial,0,20
CUST-09226,2023-08-14,F,Santa Marta,social_media,0,36
CUST-09227,2023-04-09,F,Cali,presencial,0,30
CUST-09228,2023-06-21,M,Medellín,online,1,28
CUST-09229,2023-06-21,F,Cali,online,0,18
CUST-09230,2023-02-15,F,Manizales,online,0,35
CUST-09231,2024-03-01,M,Santa Marta,social_media,1,34
CUST-09232,2024-06-08,F,Cúcuta,online,0,41
CUST-09233,2023-04-21,F,Cartagena,social_media,0,35
CUST-09234,2023-12-01,F,Manizales,presencial,0,33
CUST-09235,2023-11-27,F,Pereira,presencial,0,46
CUST-09236,2024-07-29,F,Santa Marta,social_media,0,21
CUST-09237,2023-07-14,M,Barranquilla,social_media,0,40
CUST-09238,2023-08-01,F,Cúcuta,social_media,1,18
CUST-09239,2024-07-08,M,Cali,presencial,0,26
CUST-09240,2024-02-09,M,Santa Marta,social_media,0,22
CUST-09241,2024-03-14,F,Manizales,presencial,1,42
CUST-09242,2023-05-04,F,Pereira,presencial,0,34
CUST-09243,2023-08-26,F,Bogotá,online,0,34
CUST-09244,2023-08-07,F,Medellín,presencial,0,23
CUST-09245,2023-04-19,F,Santa Marta,social_media,0,32
CUST-09246,2024-01-01,F,Cartagena,social_media,1,27
CUST-09247,2023-11-28,F,Bogotá,social_media,1,38
CUST-09248,2023-06-27,F,Santa Marta,presencial,1,25
CUST-09249,2023-01-16,F,Bogotá,presencial,1,48
CUST-09250,2024-02-16,F,Manizales,online,0,18
CUST-09251,2023-11-20,F,Cartagena,online,0,26
CUST-09252,2023-01-13,F,Bucaramanga,social_media,0,51
CUST-09253,2024-02-03,M,Bogotá,presencial,0,30
CUST-09254,2023-08-06,F,Medellín,social_media,0,21
CUST-09255,2024-04-14,M,Pereira,social_media,0,37
CUST-09256,2023-08-14,M,Medellín,social_media,0,30
CUST-09257,2023-03-09,F,Cartagena,online,0,26
CUST-09258,2023-10-13,M,Santa Marta,social_media,0,24
CUST-09259,2024-01-13,F,Cartagena,online,0,62
CUST-09260,2023-02-14,F,Cali,presencial,0,32
CUST-09261,2023-03-10,M,Bucaramanga,social_media,0,18
CUST-09262,2023-08-12,F,Pereira,online,0,49
CUST-09263,2024-02-25,M,Cúcuta,presencial,0,41
CUST-09264,2023-11-05,M,Cúcuta,online,0,27
CUST-09265,2024-05-26,F,Manizales,social_media,0,25
CUST-09266,2023-04-15,M,Cali,presencial,0,41
CUST-09267,2024-07-03,M,Barranquilla,presencial,1,32
CUST-09268,2024-08-05,F,Cúcuta,presencial,0,18
CUST-09269,2023-06-25,M,Barranquilla,online,1,52
CUST-09270,2023-09-15,F,Medellín,online,0,30
CUST-09271,2023-04-08,F,Pereira,online,0,49
CUST-09272,2023-11-29,F,Barranquilla,presencial,1,47
CUST-09273,2024-02-02,F,Barranquilla,social_media,0,24
CUST-09274,2023-05-17,M,Manizales,social_media,0,45
CUST-09275,2023-12-07,F,Bucaramanga,presencial,0,28
CUST-09276,2023-06-29,M,Bucaramanga,social_media,1,18
CUST-09277,2023-11-22,M,Santa Marta,presencial,0,30
CUST-09278,2024-05-08,F,Barranquilla,social_media,0,38
CUST-09279,2023-03-11,F,Santa Marta,social_media,1,30
CUST-09280,2023-12-10,F,Bogotá,social_media,0,31
CUST-09281,2023-01-19,M,Santa Marta,online,0,46
CUST-09282,2024-08-22,F,Bogotá,online,0,36
CUST-09283,2024-04-04,M,Pereira,presencial,0,26
CUST-09284,2024-01-27,F,Bucaramanga,online,0,42
CUST-09285,2024-06-07,F,Pereira,presencial,0,36
CUST-09286,2023-08-27,M,Santa Marta,online,0,18
CUST-09287,2024-05-30,M,Cúcuta,social_media,0,39
CUST-09288,2024-08-24,F,Barranquilla,online,0,38
CUST-09289,2023-01-14,F,Santa Marta,online,1,35
CUST-09290,2023-08-27,F,Cali,online,0,43
CUST-09291,2023-01-22,M,Cúcuta,presencial,0,28
CUST-09292,2023-05-08,F,Santa Marta,presencial,0,38
CUST-09293,2023-11-13,F,Bogotá,social_media,0,19
CUST-09294,2023-08-31,M,Cartagena,social_media,1,39
CUST-09295,2024-03-14,F,Cúcuta,social_media,0,54
CUST-09296,2023-09-07,M,Cartagena,online,0,25
CUST-09297,2023-03-23,M,Bogotá,social_media,0,27
CUST-09298,2023-03-03,F,Bogotá,presencial,0,27
CUST-09299,2023-05-21,F,Cali,social_media,1,36
CUST-09300,2024-01-19,M,Santa Marta,social_media,0,24
CUST-09301,2024-05-25,M,Pereira,social_media,0,39
CUST-09302,2023-10-31,F,Bucaramanga,social_media,0,43
CUST-09303,2023-07-26,M,Santa Marta,social_media,0,40
CUST-09304,2023-06-05,M,Barranquilla,presencial,0,18
CUST-09305,2024-01-20,F,Barranquilla,online,1,44
CUST-09306,2023-07-29,M,Cali,social_media,0,44
CUST-09307,2023-02-08,M,Cartagena,online,1,43
CUST-09308,2023-09-01,M,Cartagena,social_media,0,38
CUST-09309,2024-03-30,M,Cúcuta,online,0,37
CUST-09310,2023-12-03,M,Pereira,presencial,0,45
CUST-09311,2023-05-18,M,Pereira,online,1,54
CUST-09312,2023-10-12,F,Bucaramanga,social_media,0,25
CUST-09313,2023-11-22,F,Barranquilla,online,0,45
CUST-09314,2023-02-10,F,Pereira,online,0,34
CUST-09315,2024-06-17,F,Medellín,social_media,1,33
CUST-09316,2024-02-29,M,Santa Marta,online,1,19
CUST-09317,2023-10-23,F,Pereira,social_media,0,32
CUST-09318,2023-01-25,M,Medellín,presencial,1,25
CUST-09319,2023-08-23,F,Cúcuta,social_media,0,30
CUST-09320,2023-12-06,M,Medellín,presencial,0,24
CUST-09321,2023-12-17,F,Bucaramanga,online,0,30
CUST-09322,2023-09-06,M,Pereira,social_media,0,30
CUST-09323,2023-07-30,F,Santa Marta,online,1,35
CUST-09324,2024-07-06,F,Barranquilla,presencial,0,18
CUST-09325,2023-02-25,F,Manizales,presencial,0,20
CUST-09326,2023-09-12,F,Cúcuta,online,1,38
CUST-09327,2023-08-16,F,Medellín,social_media,0,27
CUST-09328,2024-01-26,M,Bucaramanga,social_media,0,45
CUST-09329,2024-06-17,F,Barranquilla,social_media,0,37
CUST-09330,2023-11-26,M,Manizales,social_media,0,41
CUST-09331,2023-07-07,F,Santa Marta,presencial,0,49
CUST-09332,2024-03-28,F,Medellín,social_media,1,31
CUST-09333,2023-01-07,F,Pereira,online,0,29
CUST-09334,2023-03-08,M,Pereira,presencial,1,43
CUST-09335,2024-05-18,F,Manizales,online,0,40
CUST-09336,2023-03-13,F,Cartagena,online,0,33
CUST-09337,2023-07-17,M,Cali,online,0,48
CUST-09338,2023-02-23,M,Bogotá,presencial,0,32
CUST-09339,2023-05-25,M,Barranquilla,social_media,1,35
CUST-09340,2023-07-29,M,Cali,online,0,35
CUST-09341,2023-05-09,F,Medellín,online,0,25
CUST-09342,2023-04-04,M,Bucaramanga,social_media,0,35
CUST-09343,2023-06-27,M,Pereira,social_media,1,48
CUST-09344,2024-08-29,F,Cúcuta,social_media,1,39
CUST-09345,2024-07-16,M,Pereira,social_media,0,35
CUST-09346,2023-07-29,M,Manizales,online,0,33
CUST-09347,2023-08-30,M,Medellín,presencial,0,38
CUST-09348,2024-06-03,F,Cúcuta,social_media,1,42
CUST-09349,2023-03-22,M,Bucaramanga,social_media,1,41
CUST-09350,2024-03-12,M,Bucaramanga,online,0,31
CUST-09351,2024-04-23,M,Cúcuta,social_media,1,38
CUST-09352,2023-11-15,F,Bogotá,online,0,39
CUST-09353,2023-06-18,F,Medellín,online,1,24
CUST-09354,2023-07-22,M,Santa Marta,online,1,36
CUST-09355,2023-09-08,F,Manizales,online,1,18
CUST-09356,2024-03-10,M,Barranquilla,social_media,0,39
CUST-09357,2023-06-30,F,Bucaramanga,presencial,0,41
CUST-09358,2023-09-12,F,Medellín,social_media,1,42
CUST-09359,2023-11-07,M,Cartagena,presencial,0,31
CUST-09360,2023-10-20,M,Medellín,social_media,0,38
CUST-09361,2024-08-13,M,Cartagena,online,1,49
CUST-09362,2024-04-04,F,Pereira,social_media,0,49
CUST-09363,2023-07-26,M,Pereira,online,0,34
CUST-09364,2023-10-06,F,Santa Marta,social_media,0,36
CUST-09365,2024-05-07,F,Cali,online,0,46
CUST-09366,2023-03-23,M,Barranquilla,presencial,0,19
CUST-09367,2024-01-04,F,Santa Marta,online,0,31
CUST-09368,2024-02-12,F,Manizales,social_media,0,48
CUST-09369,2024-01-22,M,Pereira,online,0,44
CUST-09370,2023-06-21,F,Manizales,presencial,0,38
CUST-09371,2024-04-27,F,Santa Marta,presencial,1,19
CUST-09372,2024-03-27,M,Barranquilla,social_media,0,34
CUST-09373,2024-03-08,M,Cartagena,online,1,29
CUST-09374,2024-06-01,M,Santa Marta,social_media,0,38
CUST-09375,2024-03-19,F,Pereira,online,1,26
CUST-09376,2023-06-09,F,Barranquilla,presencial,0,24
CUST-09377,2024-05-08,F,Bucaramanga,social_media,0,18
CUST-09378,2023-01-21,M,Bogotá,presencial,0,47
CUST-09379,2024-01-26,F,Bogotá,online,1,31
CUST-09380,2024-03-13,F,Santa Marta,presencial,1,36
CUST-09381,2023-03-27,F,Manizales,online,1,34
CUST-09382,2023-11-04,M,Bogotá,social_media,0,24
CUST-09383,2024-07-04,M,Medellín,online,0,22
CUST-09384,2023-06-06,M,Barranquilla,online,0,24
CUST-09385,2024-07-20,F,Bogotá,social_media,0,27
CUST-09386,2023-06-29,F,Medellín,social_media,0,38
CUST-09387,2023-09-21,M,Cartagena,presencial,0,27
CUST-09388,2024-01-25,M,Manizales,online,0,52
CUST-09389,2024-04-19,F,Bucaramanga,online,1,45
CUST-09390,2023-11-10,M,Bucaramanga,presencial,0,43
CUST-09391,2024-04-09,F,Barranquilla,online,0,33
CUST-09392,2023-10-18,M,Medellín,online,0,50
CUST-09393,2024-01-20,M,Cali,social_media,1,32
CUST-09394,2024-07-29,M,Bucaramanga,social_media,1,34
CUST-09395,2024-05-07,F,Bucaramanga,social_media,0,36
CUST-09396,2023-03-15,M,Cartagena,presencial,0,42
CUST-09397,2023-12-08,F,Bucaramanga,social_media,0,41
CUST-09398,2023-05-20,M,Bucaramanga,presencial,0,30
CUST-09399,2024-04-25,M,Bogotá,social_media,0,29
CUST-09400,2023-07-20,F,Bucaramanga,online,0,41
CUST-09401,2023-06-08,F,Cartagena,online,0,42
CUST-09402,2023-07-14,M,Manizales,social_media,1,31
CUST-09403,2023-01-05,F,Santa Marta,social_media,0,19
CUST-09404,2023-01-14,M,Bucaramanga,presencial,0,32
CUST-09405,2024-05-27,F,Cúcuta,online,0,41
CUST-09406,2024-01-19,F,Barranquilla,social_media,1,53
CUST-09407,2024-05-18,M,Cali,social_media,0,23
CUST-09408,2024-02-19,M,Cúcuta,online,0,30
CUST-09409,2024-03-01,F,Bogotá,social_media,1,31
CUST-09410,2024-02-09,F,Pereira,online,0,48
CUST-09411,2024-01-18,M,Cartagena,social_media,0,34
CUST-09412,2024-01-29,F,Barranquilla,online,0,25
CUST-09413,2024-05-16,F,Santa Marta,presencial,1,40
CUST-09414,2023-11-12,F,Pereira,social_media,0,30
CUST-09415,2024-08-25,F,Cúcuta,social_media,0,22
CUST-09416,2023-03-14,M,Manizales,social_media,0,26
CUST-09417,2024-02-23,M,Barranquilla,presencial,0,52
CUST-09418,2023-02-09,F,Cúcuta,social_media,0,38
CUST-09419,2023-05-08,F,Cúcuta,social_media,0,36
CUST-09420,2024-01-30,M,Manizales,online,0,32
CUST-09421,2024-08-02,F,Barranquilla,social_media,0,37
CUST-09422,2023-06-16,F,Bogotá,social_media,0,37
CUST-09423,2023-07-18,F,Manizales,online,0,37
CUST-09424,2024-03-22,F,Bogotá,presencial,0,36
CUST-09425,2023-09-19,F,Cali,presencial,1,43
CUST-09426,2023-12-23,M,Pereira,online,1,35
CUST-09427,2024-06-05,F,Cali,presencial,0,25
CUST-09428,2024-05-15,F,Manizales,presencial,0,28
CUST-09429,2024-01-13,F,Cartagena,social_media,0,18
CUST-09430,2023-03-01,M,Cali,social_media,1,55
CUST-09431,2024-01-30,F,Cartagena,social_media,1,43
CUST-09432,2024-03-10,F,Cartagena,presencial,0,26
CUST-09433,2023-09-10,M,Manizales,social_media,1,32
CUST-09434,2023-09-06,M,Santa Marta,presencial,1,28
CUST-09435,2024-05-04,M,Bucaramanga,social_media,1,50
CUST-09436,2023-02-05,M,Cúcuta,presencial,1,20
CUST-09437,2024-01-06,F,Cali,online,1,36
CUST-09438,2023-01-29,F,Medellín,online,0,33
CUST-09439,2023-06-01,F,Cali,social_media,0,43
CUST-09440,2023-09-25,M,Santa Marta,presencial,1,33
CUST-09441,2024-04-11,F,Pereira,online,0,18
CUST-09442,2023-05-31,M,Santa Marta,online,0,32
CUST-09443,2023-09-18,M,Bucaramanga,social_media,0,25
CUST-09444,2023-09-11,F,Manizales,social_media,1,35
CUST-09445,2024-08-15,M,Cúcuta,presencial,0,49
CUST-09446,2023-06-15,M,Santa Marta,online,0,18
CUST-09447,2023-01-13,F,Cali,presencial,0,26
CUST-09448,2023-04-30,F,Pereira,presencial,1,29
CUST-09449,2023-04-05,M,Santa Marta,social_media,0,31
CUST-09450,2024-01-29,F,Medellín,presencial,0,42
CUST-09451,2024-02-12,F,Pereira,presencial,0,33
CUST-09452,2024-08-23,M,Cartagena,online,0,39
CUST-09453,2023-03-24,M,Manizales,presencial,0,28
CUST-09454,2024-06-14,F,Barranquilla,online,1,37
CUST-09455,2023-07-13,F,Bogotá,online,1,42
CUST-09456,2024-03-09,M,Cúcuta,presencial,0,27
CUST-09457,2023-06-19,F,Manizales,presencial,0,42
CUST-09458,2024-03-13,M,Bucaramanga,online,1,35
CUST-09459,2023-09-16,M,Manizales,presencial,0,45
CUST-09460,2023-11-06,F,Cali,online,0,32
CUST-09461,2024-05-27,F,Manizales,presencial,1,38
CUST-09462,2024-06-29,F,Manizales,online,1,34
CUST-09463,2024-01-27,F,Bogotá,online,1,34
CUST-09464,2024-08-23,F,Barranquilla,social_media,0,37
CUST-09465,2023-11-12,M,Pereira,presencial,1,40
CUST-09466,2024-02-26,F,Bogotá,online,0,22
CUST-09467,2023-04-02,M,Cali,online,0,49
CUST-09468,2023-04-22,F,Cali,presencial,1,18
CUST-09469,2024-08-09,M,Bucaramanga,presencial,0,28
CUST-09470,2023-12-19,F,Cartagena,presencial,0,34
CUST-09471,2023-05-27,F,Pereira,social_media,1,39
CUST-09472,2023-10-03,M,Cali,presencial,1,50
CUST-09473,2023-08-03,F,Bogotá,social_media,0,18
CUST-09474,2024-02-12,F,Cali,presencial,0,29
CUST-09475,2023-11-12,M,Manizales,social_media,1,18
CUST-09476,2023-01-07,M,Cartagena,presencial,1,35
CUST-09477,2023-06-22,M,Cali,social_media,1,37
CUST-09478,2024-05-18,F,Manizales,online,0,50
CUST-09479,2023-01-02,M,Bucaramanga,social_media,0,36
CUST-09480,2023-04-10,M,Cali,social_media,0,45
CUST-09481,2023-03-13,F,Cartagena,online,0,40
CUST-09482,2024-03-03,F,Bogotá,presencial,0,30
CUST-09483,2024-06-21,F,Bucaramanga,online,0,20
CUST-09484,2024-03-02,F,Santa Marta,online,0,37
CUST-09485,2023-10-23,F,Pereira,online,0,20
CUST-09486,2024-03-17,F,Manizales,social_media,0,47
CUST-09487,2023-06-24,M,Bucaramanga,online,0,33
CUST-09488,2023-06-30,M,Cartagena,presencial,0,46
CUST-09489,2024-01-19,F,Bucaramanga,social_media,0,30
CUST-09490,2023-07-10,M,Pereira,social_media,0,37
CUST-09491,2023-05-18,M,Santa Marta,online,0,37
CUST-09492,2023-07-22,M,Manizales,social_media,0,34
CUST-09493,2024-05-13,M,Cartagena,presencial,1,30
CUST-09494,2023-07-06,F,Pereira,social_media,1,38
CUST-09495,2024-05-29,F,Manizales,online,0,25
CUST-09496,2023-04-23,M,Bogotá,online,1,22
CUST-09497,2024-04-06,F,Manizales,online,0,47
CUST-09498,2024-08-03,M,Pereira,social_media,0,42
CUST-09499,2023-08-06,M,Medellín,online,1,35
CUST-09500,2023-07-10,F,Medellín,social_media,0,51
CUST-09501,2023-07-25,M,Bucaramanga,online,0,32
CUST-09502,2023-03-02,F,Cali,online,1,48
CUST-09503,2023-07-07,F,Bogotá,online,1,36
CUST-09504,2023-07-16,F,Manizales,presencial,1,24
CUST-09505,2023-09-23,F,Pereira,presencial,1,53
CUST-09506,2024-02-23,F,Barranquilla,online,0,44
CUST-09507,2024-03-27,F,Bogotá,online,0,33
CUST-09508,2023-04-22,F,Medellín,social_media,0,42
CUST-09509,2023-06-20,F,Santa Marta,social_media,0,30
CUST-09510,2023-03-23,F,Barranquilla,presencial,0,43
CUST-09511,2023-10-28,M,Cali,social_media,1,18
CUST-09512,2023-03-29,F,Manizales,social_media,0,24
CUST-09513,2024-01-22,M,Barranquilla,social_media,0,44
CUST-09514,2023-05-08,F,Pereira,social_media,0,32
CUST-09515,2023-10-11,M,Cartagena,presencial,0,37
CUST-09516,2023-03-07,F,Cartagena,presencial,1,21
CUST-09517,2023-12-17,F,Bucaramanga,social_media,0,53
CUST-09518,2023-01-31,F,Barranquilla,social_media,0,46
CUST-09519,2024-08-22,M,Medellín,presencial,0,32
CUST-09520,2023-08-29,M,Bucaramanga,online,0,30
CUST-09521,2024-05-04,F,Cartagena,social_media,0,45
CUST-09522,2024-05-11,M,Cali,online,0,54
CUST-09523,2023-04-14,F,Barranquilla,social_media,0,44
CUST-09524,2023-01-10,M,Cali,presencial,0,56
CUST-09525,2023-03-04,M,Cali,social_media,1,25
CUST-09526,2023-09-30,M,Barranquilla,online,0,26
CUST-09527,2023-01-08,F,Medellín,presencial,0,23
CUST-09528,2024-08-19,M,Barranquilla,social_media,0,39
CUST-09529,2023-02-12,M,Cúcuta,social_media,0,36
CUST-09530,2023-04-10,F,Medellín,presencial,0,33
CUST-09531,2023-08-05,F,Cúcuta,social_media,1,43
CUST-09532,2024-06-18,M,Manizales,presencial,0,47
CUST-09533,2023-01-08,M,Cúcuta,social_media,0,19
CUST-09534,2024-01-20,F,Cartagena,presencial,0,29
CUST-09535,2024-06-16,F,Pereira,social_media,1,43
CUST-09536,2023-09-30,F,Barranquilla,presencial,0,30
CUST-09537,2024-05-12,F,Cúcuta,presencial,0,27
CUST-09538,2024-04-29,F,Bucaramanga,social_media,0,45
CUST-09539,2023-12-12,M,Cúcuta,presencial,1,22
CUST-09540,2024-03-15,F,Barranquilla,social_media,0,31
CUST-09541,2023-12-11,F,Bucaramanga,social_media,0,38
CUST-09542,2024-01-15,M,Bogotá,social_media,0,29
CUST-09543,2023-12-18,F,Bucaramanga,presencial,1,42
CUST-09544,2023-11-19,F,Bucaramanga,social_media,0,29
CUST-09545,2023-09-03,F,Medellín,presencial,0,49
CUST-09546,2024-01-05,M,Cúcuta,online,0,33
CUST-09547,2024-02-13,F,Cúcuta,online,1,41
CUST-09548,2024-01-23,F,Santa Marta,online,0,42
CUST-09549,2023-02-28,F,Bucaramanga,social_media,0,28
CUST-09550,2023-12-31,F,Pereira,presencial,0,18
CUST-09551,2023-12-05,M,Medellín,social_media,1,38
CUST-09552,2023-04-13,M,Medellín,presencial,1,35
CUST-09553,2023-01-04,F,Medellín,online,0,40
CUST-09554,2024-04-12,F,Cúcuta,online,0,32
CUST-09555,2024-02-16,F,Santa Marta,online,0,30
CUST-09556,2023-05-23,F,Cali,social_media,1,55
CUST-09557,2023-01-27,F,Barranquilla,social_media,0,20
CUST-09558,2023-05-06,F,Bogotá,presencial,0,42
CUST-09559,2024-06-27,F,Bogotá,presencial,0,29
CUST-09560,2023-10-14,M,Barranquilla,online,0,31
CUST-09561,2023-09-12,F,Medellín,social_media,0,31
CUST-09562,2024-01-13,M,Manizales,social_media,0,26
CUST-09563,2024-04-07,M,Barranquilla,presencial,0,40
CUST-09564,2024-05-01,F,Cali,presencial,1,48
CUST-09565,2024-06-11,M,Cali,social_media,1,39
CUST-09566,2024-02-28,M,Bucaramanga,social_media,0,36
CUST-09567,2023-07-12,M,Bucaramanga,presencial,0,25
CUST-09568,2023-01-04,F,Bucaramanga,social_media,1,40
CUST-09569,2023-11-26,M,Bucaramanga,social_media,0,56
CUST-09570,2023-01-18,M,Manizales,online,0,31
CUST-09571,2024-01-04,F,Manizales,social_media,0,31
CUST-09572,2023-02-16,F,Santa Marta,social_media,0,29
CUST-09573,2023-11-30,M,Bogotá,social_media,0,30
CUST-09574,2024-03-30,F,Cúcuta,presencial,0,18
CUST-09575,2023-08-28,F,Manizales,online,0,39
CUST-09576,2024-05-11,M,Cartagena,presencial,0,26
CUST-09577,2024-02-14,M,Cali,online,0,18
CUST-09578,2023-03-25,M,Cúcuta,online,0,42
CUST-09579,2023-12-23,F,Cali,social_media,1,24
CUST-09580,2024-03-14,M,Bucaramanga,online,1,31
CUST-09581,2024-05-02,M,Manizales,online,0,49
CUST-09582,2023-04-13,F,Cúcuta,social_media,0,20
CUST-09583,2024-01-30,F,Medellín,social_media,1,19
CUST-09584,2023-10-28,F,Santa Marta,online,1,37
CUST-09585,2023-07-19,F,Cartagena,presencial,1,46
CUST-09586,2023-05-27,M,Cartagena,online,0,19
CUST-09587,2024-06-16,M,Bogotá,presencial,0,39
CUST-09588,2024-08-08,M,Bucaramanga,presencial,1,40
CUST-09589,2024-05-31,F,Cartagena,online,0,18
CUST-09590,2023-02-02,M,Pereira,presencial,0,42
CUST-09591,2023-05-11,F,Pereira,online,0,43
CUST-09592,2024-05-24,F,Barranquilla,presencial,0,31
CUST-09593,2023-03-31,F,Cartagena,presencial,0,47
CUST-09594,2023-11-05,M,Cúcuta,online,0,46
CUST-09595,2024-07-15,F,Manizales,social_media,1,36
CUST-09596,2024-04-23,M,Medellín,social_media,0,30
CUST-09597,2023-06-22,M,Bogotá,online,0,25
CUST-09598,2024-04-01,M,Bucaramanga,online,0,34
CUST-09599,2023-04-29,F,Barranquilla,social_media,0,40
CUST-09600,2024-05-08,M,Cúcuta,social_media,1,31
CUST-09601,2024-07-07,M,Cali,presencial,0,18
CUST-09602,2023-09-04,F,Pereira,presencial,0,47
CUST-09603,2023-09-07,M,Manizales,presencial,0,36
CUST-09604,2023-08-05,F,Barranquilla,social_media,0,31
CUST-09605,2023-06-24,M,Cúcuta,online,0,43
CUST-09606,2023-04-02,F,Bucaramanga,presencial,0,50
CUST-09607,2023-04-19,F,Medellín,online,0,18
CUST-09608,2024-03-21,F,Manizales,social_media,1,39
CUST-09609,2023-01-30,F,Bucaramanga,presencial,0,20
CUST-09610,2023-06-14,F,Santa Marta,social_media,0,39
CUST-09611,2023-12-01,M,Bucaramanga,online,0,36
CUST-09612,2024-01-28,M,Bucaramanga,presencial,0,41
CUST-09613,2023-10-15,M,Medellín,online,0,30
CUST-09614,2023-08-14,M,Cartagena,online,1,18
CUST-09615,2023-09-21,F,Santa Marta,presencial,0,30
CUST-09616,2024-05-02,F,Bogotá,presencial,0,39
CUST-09617,2023-05-07,M,Barranquilla,social_media,0,45
CUST-09618,2023-05-20,F,Cúcuta,presencial,0,23
CUST-09619,2024-07-01,M,Cúcuta,presencial,0,45
CUST-09620,2024-05-18,F,Cali,presencial,0,28
CUST-09621,2023-04-03,F,Bogotá,presencial,0,38
CUST-09622,2023-12-07,M,Bogotá,presencial,1,29
CUST-09623,2023-08-18,M,Bogotá,social_media,0,36
CUST-09624,2024-08-12,F,Bogotá,online,0,43
CUST-09625,2023-03-08,M,Medellín,social_media,0,22
CUST-09626,2023-12-18,M,Cartagena,online,1,28
CUST-09627,2024-01-22,M,Medellín,presencial,0,36
CUST-09628,2024-01-26,M,Barranquilla,social_media,0,59
CUST-09629,2024-07-29,F,Santa Marta,online,0,26
CUST-09630,2024-03-23,F,Cali,online,0,55
CUST-09631,2023-08-27,F,Medellín,presencial,1,55
CUST-09632,2023-08-17,F,Barranquilla,presencial,1,34
CUST-09633,2023-09-23,M,Santa Marta,online,1,32
CUST-09634,2023-04-29,M,Barranquilla,social_media,0,28
CUST-09635,2023-10-25,M,Cartagena,online,0,34
CUST-09636,2023-03-31,F,Barranquilla,social_media,0,20
CUST-09637,2023-04-25,F,Manizales,social_media,0,34
CUST-09638,2023-04-02,F,Barranquilla,online,1,49
CUST-09639,2023-12-15,F,Medellín,social_media,1,28
CUST-09640,2024-08-29,M,Barranquilla,online,0,32
CUST-09641,2023-07-12,M,Medellín,online,0,18
CUST-09642,2023-04-29,M,Santa Marta,presencial,0,38
CUST-09643,2024-08-09,F,Manizales,online,1,37
CUST-09644,2024-01-12,F,Santa Marta,online,0,35
CUST-09645,2023-05-11,F,Barranquilla,presencial,1,32
CUST-09646,2023-11-17,F,Bogotá,presencial,0,32
CUST-09647,2024-01-25,F,Cali,social_media,1,40
CUST-09648,2024-08-13,F,Pereira,social_media,0,34
CUST-09649,2023-01-02,M,Bogotá,presencial,1,38
CUST-09650,2023-11-15,F,Manizales,presencial,0,37
CUST-09651,2023-03-05,F,Santa Marta,presencial,0,46
CUST-09652,2024-08-27,F,Manizales,online,0,41
CUST-09653,2024-07-02,M,Cartagena,online,0,36
CUST-09654,2023-07-14,M,Santa Marta,online,0,50
CUST-09655,2024-02-02,F,Barranquilla,presencial,0,39
CUST-09656,2024-03-09,M,Santa Marta,social_media,1,48
CUST-09657,2023-11-24,M,Bogotá,social_media,1,41
CUST-09658,2024-01-09,M,Cali,online,1,18
CUST-09659,2023-05-10,F,Barranquilla,online,1,48
CUST-09660,2024-06-16,M,Cúcuta,presencial,0,36
CUST-09661,2024-08-27,M,Bogotá,presencial,0,34
CUST-09662,2023-08-16,M,Bucaramanga,social_media,0,37
CUST-09663,2023-04-20,F,Barranquilla,social_media,1,31
CUST-09664,2024-02-09,M,Barranquilla,presencial,0,37
CUST-09665,2023-01-10,F,Bogotá,social_media,0,29
CUST-09666,2024-07-05,M,Cartagena,social_media,0,47
CUST-09667,2024-04-16,F,Santa Marta,online,0,33
CUST-09668,2023-11-20,F,Bucaramanga,presencial,1,31
CUST-09669,2023-05-29,F,Manizales,presencial,0,25
CUST-09670,2023-10-31,F,Barranquilla,presencial,1,37
CUST-09671,2023-08-13,F,Santa Marta,online,0,36
CUST-09672,2024-05-26,M,Pereira,presencial,1,38
CUST-09673,2024-04-11,M,Pereira,social_media,1,24
CUST-09674,2023-05-31,M,Manizales,online,0,18
CUST-09675,2023-10-18,F,Medellín,online,0,41
CUST-09676,2023-05-30,F,Bucaramanga,presencial,1,49
CUST-09677,2023-02-05,F,Pereira,social_media,0,24
CUST-09678,2023-11-24,M,Cali,presencial,0,50
CUST-09679,2023-11-13,F,Manizales,social_media,0,37
CUST-09680,2024-05-29,F,Bogotá,presencial,0,34
CUST-09681,2023-05-07,F,Bogotá,social_media,0,31
CUST-09682,2023-10-08,F,Cúcuta,social_media,1,21
CUST-09683,2024-08-10,M,Cali,social_media,1,44
CUST-09684,2024-05-04,F,Bucaramanga,online,1,27
CUST-09685,2023-08-09,F,Pereira,presencial,1,27
CUST-09686,2024-05-21,F,Medellín,presencial,0,44
CUST-09687,2023-10-26,F,Bucaramanga,presencial,0,18
CUST-09688,2024-01-21,M,Cartagena,online,0,19
CUST-09689,2023-03-02,F,Bucaramanga,social_media,1,34
CUST-09690,2023-12-08,M,Bogotá,online,0,37
CUST-09691,2023-06-06,M,Cúcuta,online,0,39
CUST-09692,2023-08-04,F,Pereira,social_media,0,31
CUST-09693,2023-08-19,F,Manizales,presencial,1,60
CUST-09694,2023-02-23,M,Pereira,online,1,32
CUST-09695,2023-07-03,F,Santa Marta,social_media,1,32
CUST-09696,2024-05-14,F,Bogotá,social_media,0,27
CUST-09697,2024-02-06,M,Cúcuta,presencial,0,36
CUST-09698,2023-11-03,M,Santa Marta,social_media,0,41
CUST-09699,2023-06-13,M,Cali,social_media,0,47
CUST-09700,2023-01-23,M,Medellín,social_media,0,20
CUST-09701,2024-07-15,M,Bucaramanga,presencial,0,32
CUST-09702,2024-02-06,M,Cartagena,presencial,0,39
CUST-09703,2023-12-12,F,Barranquilla,social_media,1,40
CUST-09704,2024-03-08,F,Barranquilla,social_media,1,35
CUST-09705,2024-04-29,F,Manizales,presencial,0,40
CUST-09706,2023-12-23,F,Cúcuta,presencial,1,26
CUST-09707,2024-02-05,F,Cali,presencial,0,50
CUST-09708,2024-02-05,F,Bogotá,online,0,44
CUST-09709,2023-03-15,F,Cartagena,presencial,0,21
CUST-09710,2024-06-24,F,Manizales,social_media,1,24
CUST-09711,2023-10-17,F,Cali,presencial,0,24
CUST-09712,2023-10-17,M,Medellín,social_media,1,41
CUST-09713,2023-07-19,M,Bogotá,social_media,0,22
CUST-09714,2024-07-15,F,Barranquilla,social_media,1,31
CUST-09715,2024-02-08,F,Medellín,presencial,0,39
CUST-09716,2023-04-10,M,Manizales,presencial,1,34
CUST-09717,2023-05-15,M,Cúcuta,presencial,1,37
CUST-09718,2023-11-28,M,Santa Marta,presencial,1,24
CUST-09719,2024-08-17,F,Cúcuta,presencial,1,40
CUST-09720,2023-02-25,M,Bogotá,online,0,28
CUST-09721,2023-11-08,M,Medellín,presencial,0,31
CUST-09722,2024-04-13,M,Bucaramanga,online,1,37
CUST-09723,2023-06-17,F,Cúcuta,social_media,0,36
CUST-09724,2024-08-14,M,Pereira,social_media,1,35
CUST-09725,2023-05-21,F,Medellín,social_media,0,27
CUST-09726,2024-03-28,M,Manizales,social_media,0,32
CUST-09727,2024-05-09,M,Cúcuta,online,0,35
CUST-09728,2023-10-26,F,Santa Marta,online,0,21
CUST-09729,2023-05-29,M,Manizales,social_media,0,30
CUST-09730,2023-08-03,M,Santa Marta,presencial,0,38
CUST-09731,2023-08-12,M,Bucaramanga,social_media,0,22
CUST-09732,2023-07-20,F,Pereira,social_media,1,46
CUST-09733,2023-01-10,F,Bucaramanga,online,0,47
CUST-09734,2024-01-06,F,Pereira,social_media,1,22
CUST-09735,2024-08-12,M,Cali,online,0,48
CUST-09736,2023-04-15,F,Barranquilla,online,1,33
CUST-09737,2023-06-01,M,Santa Marta,social_media,0,39
CUST-09738,2024-01-21,M,Cali,presencial,0,30
CUST-09739,2024-03-13,M,Medellín,online,0,44
CUST-09740,2023-06-22,M,Pereira,online,0,39
CUST-09741,2023-02-27,M,Bucaramanga,online,1,26
CUST-09742,2023-04-09,M,Cali,social_media,1,23
CUST-09743,2023-12-31,M,Bucaramanga,social_media,0,20
CUST-09744,2024-04-30,M,Pereira,online,1,36
CUST-09745,2023-07-03,F,Bucaramanga,presencial,0,40
CUST-09746,2023-02-23,F,Bogotá,social_media,1,41
CUST-09747,2023-05-01,M,Bogotá,presencial,0,33
CUST-09748,2024-06-11,F,Santa Marta,presencial,0,23
CUST-09749,2023-12-13,F,Bucaramanga,social_media,0,28
CUST-09750,2024-08-30,F,Medellín,online,1,46
CUST-09751,2024-03-20,M,Bogotá,presencial,0,30
CUST-09752,2023-06-02,F,Medellín,online,0,36
CUST-09753,2024-02-18,M,Manizales,presencial,0,24
CUST-09754,2023-09-08,F,Cartagena,online,0,38
CUST-09755,2023-02-04,F,Pereira,social_media,0,30
CUST-09756,2023-05-02,F,Pereira,presencial,0,45
CUST-09757,2023-09-04,M,Medellín,presencial,1,42
CUST-09758,2024-02-11,M,Barranquilla,presencial,1,30
CUST-09759,2024-05-15,M,Medellín,online,1,33
CUST-09760,2023-11-06,M,Pereira,presencial,0,29
CUST-09761,2023-06-26,M,Cartagena,presencial,0,20
CUST-09762,2024-01-20,M,Bogotá,online,0,26
CUST-09763,2023-04-02,M,Medellín,online,0,36
CUST-09764,2024-04-19,M,Bucaramanga,social_media,1,38
CUST-09765,2024-01-27,M,Barranquilla,online,1,36
CUST-09766,2023-10-09,F,Pereira,presencial,0,31
CUST-09767,2024-03-31,F,Medellín,presencial,1,44
CUST-09768,2024-01-12,M,Medellín,social_media,1,35
CUST-09769,2023-01-12,F,Bucaramanga,social_media,1,42
CUST-09770,2023-05-03,F,Manizales,presencial,0,18
CUST-09771,2023-04-30,M,Bogotá,online,0,18
CUST-09772,2023-03-26,M,Cartagena,presencial,0,37
CUST-09773,2023-05-05,F,Bogotá,social_media,1,20
CUST-09774,2024-05-15,M,Bucaramanga,presencial,1,32
CUST-09775,2024-06-05,F,Pereira,presencial,0,31
CUST-09776,2023-08-19,M,Bucaramanga,presencial,0,50
CUST-09777,2023-01-24,F,Santa Marta,social_media,1,38
CUST-09778,2024-08-23,M,Cali,social_media,0,36
CUST-09779,2024-08-09,F,Manizales,social_media,0,43
CUST-09780,2024-08-09,F,Cali,online,0,38
CUST-09781,2024-05-06,F,Pereira,social_media,0,30
CUST-09782,2023-10-08,F,Cartagena,online,0,45
CUST-09783,2023-04-07,M,Bogotá,online,0,23
CUST-09784,2024-08-30,F,Barranquilla,social_media,1,38
CUST-09785,2023-07-05,M,Santa Marta,online,0,19
CUST-09786,2024-01-29,F,Manizales,online,1,37
CUST-09787,2024-05-10,M,Cali,presencial,0,36
CUST-09788,2024-03-20,F,Medellín,online,1,51
CUST-09789,2023-11-02,M,Santa Marta,online,0,19
CUST-09790,2024-08-08,F,Bogotá,social_media,0,28
CUST-09791,2023-05-09,F,Santa Marta,presencial,0,43
CUST-09792,2023-04-12,M,Pereira,online,0,38
CUST-09793,2023-11-30,F,Medellín,online,0,36
CUST-09794,2023-03-07,F,Cartagena,online,0,25
CUST-09795,2024-07-04,F,Medellín,social_media,0,29
CUST-09796,2023-07-09,F,Cartagena,social_media,0,47
CUST-09797,2024-02-20,M,Pereira,presencial,1,34
CUST-09798,2023-01-21,F,Cartagena,online,0,38
CUST-09799,2024-02-08,M,Medellín,presencial,0,33
CUST-09800,2024-07-23,M,Cartagena,social_media,0,23
CUST-09801,2024-07-03,M,Cúcuta,online,1,44
CUST-09802,2024-06-26,M,Bucaramanga,online,1,40
CUST-09803,2024-05-15,F,Cartagena,presencial,0,58
CUST-09804,2023-03-07,F,Medellín,online,0,24
CUST-09805,2024-06-15,M,Bucaramanga,social_media,1,43
CUST-09806,2024-08-21,F,Bucaramanga,presencial,1,21
CUST-09807,2024-07-05,F,Medellín,presencial,0,36
CUST-09808,2023-05-08,M,Barranquilla,online,0,44
CUST-09809,2023-08-01,M,Pereira,social_media,1,18
CUST-09810,2023-05-01,M,Bogotá,online,0,32
CUST-09811,2023-07-05,F,Bogotá,presencial,1,29
CUST-09812,2023-07-04,M,Bucaramanga,presencial,0,27
CUST-09813,2023-01-06,M,Pereira,social_media,0,38
CUST-09814,2024-07-22,F,Cartagena,presencial,0,46
CUST-09815,2024-04-02,F,Cúcuta,social_media,0,33
CUST-09816,2023-11-18,F,Manizales,online,0,37
CUST-09817,2023-05-06,F,Barranquilla,social_media,1,36
CUST-09818,2023-02-10,F,Cali,online,0,35
CUST-09819,2023-05-12,F,Pereira,online,0,24
CUST-09820,2024-08-11,F,Barranquilla,presencial,0,46
CUST-09821,2023-07-31,F,Bogotá,online,0,37
CUST-09822,2023-06-15,M,Manizales,presencial,0,38
CUST-09823,2023-03-31,F,Cartagena,social_media,1,26
CUST-09824,2024-07-29,M,Manizales,social_media,1,30
CUST-09825,2023-09-20,F,Manizales,online,0,33
CUST-09826,2023-02-05,F,Cartagena,social_media,0,19
CUST-09827,2023-03-28,M,Manizales,online,0,18
CUST-09828,2023-05-08,F,Pereira,social_media,0,28
CUST-09829,2024-06-02,M,Cali,online,0,40
CUST-09830,2023-11-02,F,Barranquilla,online,0,28
CUST-09831,2024-01-08,M,Pereira,social_media,0,24
CUST-09832,2024-07-11,M,Barranquilla,social_media,0,26
CUST-09833,2023-06-25,F,Bucaramanga,social_media,0,30
CUST-09834,2024-03-09,M,Medellín,social_media,0,31
CUST-09835,2023-01-01,M,Medellín,online,0,56
CUST-09836,2023-09-12,F,Cali,online,0,45
CUST-09837,2023-11-04,F,Cúcuta,social_media,0,45
CUST-09838,2023-02-17,M,Pereira,social_media,0,46
CUST-09839,2024-06-15,F,Cali,presencial,0,25
CUST-09840,2023-10-28,M,Cali,online,0,22
CUST-09841,2024-06-30,M,Barranquilla,online,0,23
CUST-09842,2024-03-31,M,Cúcuta,social_media,1,48
CUST-09843,2023-05-24,F,Bucaramanga,presencial,1,29
CUST-09844,2024-08-13,F,Bogotá,social_media,1,22
CUST-09845,2024-05-17,M,Bucaramanga,online,0,30
CUST-09846,2023-11-17,M,Manizales,online,1,32
CUST-09847,2024-06-19,M,Manizales,presencial,1,37
CUST-09848,2023-12-27,F,Bucaramanga,social_media,0,37
CUST-09849,2024-07-05,M,Bucaramanga,presencial,0,26
CUST-09850,2024-06-06,F,Cali,social_media,0,41
CUST-09851,2023-08-03,M,Medellín,presencial,0,28
CUST-09852,2023-04-12,M,Pereira,social_media,1,33
CUST-09853,2023-02-15,M,Manizales,social_media,0,41
CUST-09854,2023-08-31,M,Cúcuta,social_media,1,28
CUST-09855,2023-02-07,F,Bucaramanga,online,0,29
CUST-09856,2023-07-12,F,Cartagena,social_media,1,40
CUST-09857,2023-05-26,F,Barranquilla,online,0,26
CUST-09858,2023-11-03,F,Bogotá,presencial,1,31
CUST-09859,2023-08-09,F,Santa Marta,social_media,0,40
CUST-09860,2023-05-18,M,Cúcuta,online,0,55
CUST-09861,2024-07-19,F,Barranquilla,presencial,0,41
CUST-09862,2023-08-10,F,Medellín,social_media,0,39
CUST-09863,2024-08-28,F,Barranquilla,presencial,1,40
CUST-09864,2024-01-03,F,Cartagena,online,0,24
CUST-09865,2023-10-12,M,Medellín,online,0,36
CUST-09866,2023-05-12,M,Pereira,social_media,0,34
CUST-09867,2024-03-08,M,Cali,online,0,38
CUST-09868,2023-03-18,F,Manizales,online,0,36
CUST-09869,2024-07-17,M,Barranquilla,presencial,0,38
CUST-09870,2023-09-19,M,Cartagena,social_media,1,31
CUST-09871,2023-09-24,F,Cali,social_media,1,35
CUST-09872,2024-01-26,F,Cartagena,social_media,1,22
CUST-09873,2023-06-17,F,Santa Marta,presencial,0,31
CUST-09874,2024-02-14,M,Medellín,online,0,48
CUST-09875,2024-04-12,F,Pereira,social_media,0,38
CUST-09876,2023-03-27,M,Cúcuta,social_media,0,34
CUST-09877,2023-09-18,M,Manizales,presencial,0,53
CUST-09878,2024-03-11,M,Cali,presencial,0,21
CUST-09879,2023-05-27,M,Barranquilla,social_media,1,23
CUST-09880,2024-07-02,M,Cúcuta,social_media,1,52
CUST-09881,2023-07-28,F,Medellín,presencial,1,35
CUST-09882,2023-03-14,M,Cúcuta,presencial,0,32
CUST-09883,2023-10-03,M,Santa Marta,presencial,0,23
CUST-09884,2023-07-17,M,Cali,presencial,1,39
CUST-09885,2024-01-17,M,Santa Marta,online,0,40
CUST-09886,2024-07-31,M,Pereira,online,0,24
CUST-09887,2024-06-07,F,Bucaramanga,social_media,1,33
CUST-09888,2023-06-17,M,Cali,online,0,31
CUST-09889,2024-03-05,M,Pereira,presencial,1,37
CUST-09890,2023-06-07,M,Cali,social_media,0,23
CUST-09891,2023-11-20,M,Bucaramanga,presencial,1,47
CUST-09892,2024-03-20,F,Manizales,online,0,44
CUST-09893,2024-01-24,M,Cartagena,presencial,0,31
CUST-09894,2023-01-27,M,Cali,social_media,0,32
CUST-09895,2023-09-11,M,Bucaramanga,online,0,33
CUST-09896,2023-03-21,M,Manizales,social_media,0,27
CUST-09897,2023-10-04,F,Cúcuta,online,1,30
CUST-09898,2023-05-08,F,Cali,presencial,1,32
CUST-09899,2024-06-28,F,Cartagena,social_media,0,51
CUST-09900,2023-04-23,M,Santa Marta,online,0,44
CUST-09901,2024-07-15,F,Cúcuta,online,0,44
CUST-09902,2024-02-21,F,Cúcuta,online,0,38
CUST-09903,2023-03-09,F,Cali,online,1,23
CUST-09904,2023-12-04,F,Medellín,presencial,0,34
CUST-09905,2023-04-02,F,Manizales,presencial,1,44
CUST-09906,2024-01-07,M,Pereira,online,0,22
CUST-09907,2023-12-08,F,Santa Marta,presencial,0,41
CUST-09908,2023-10-07,F,Barranquilla,presencial,1,58
CUST-09909,2023-05-30,F,Cali,online,0,45
CUST-09910,2023-08-20,M,Cúcuta,presencial,0,49
CUST-09911,2023-10-08,M,Cartagena,social_media,0,37
CUST-09912,2023-01-11,F,Bogotá,social_media,0,44
CUST-09913,2023-04-11,M,Cartagena,presencial,0,27
CUST-09914,2024-01-22,M,Cali,online,0,42
CUST-09915,2023-08-16,F,Bogotá,social_media,0,41
CUST-09916,2024-01-23,M,Cali,presencial,0,37
CUST-09917,2023-04-18,F,Cartagena,presencial,0,48
CUST-09918,2023-05-07,F,Cartagena,online,1,29
CUST-09919,2023-06-29,F,Cúcuta,online,0,33
CUST-09920,2024-06-23,M,Manizales,presencial,0,35
CUST-09921,2023-11-10,F,Bogotá,online,0,24
CUST-09922,2024-08-25,F,Pereira,social_media,0,37
CUST-09923,2024-05-16,M,Cartagena,social_media,0,18
CUST-09924,2023-04-08,F,Cali,presencial,1,45
CUST-09925,2024-06-25,M,Barranquilla,presencial,0,35
CUST-09926,2023-12-24,M,Cali,online,0,29
CUST-09927,2024-08-08,F,Manizales,social_media,0,26
CUST-09928,2023-10-16,M,Barranquilla,online,0,32
CUST-09929,2024-07-18,F,Cali,presencial,0,41
CUST-09930,2023-10-05,M,Medellín,presencial,0,40
CUST-09931,2023-04-12,M,Cali,presencial,1,27
CUST-09932,2023-02-19,M,Pereira,presencial,0,26
CUST-09933,2023-06-24,M,Bucaramanga,presencial,0,41
CUST-09934,2023-11-22,F,Cúcuta,presencial,1,27
CUST-09935,2024-02-03,F,Cartagena,online,1,35
CUST-09936,2023-07-05,M,Manizales,online,0,36
CUST-09937,2023-12-20,F,Bogotá,online,1,38
CUST-09938,2024-06-28,F,Cali,social_media,1,43
CUST-09939,2024-07-18,F,Medellín,online,0,22
CUST-09940,2024-08-31,F,Medellín,presencial,0,18
CUST-09941,2024-02-17,F,Bogotá,online,0,29
CUST-09942,2024-05-03,F,Cartagena,online,0,53
CUST-09943,2024-08-29,F,Cartagena,social_media,0,55
CUST-09944,2023-05-11,M,Cali,presencial,1,53
CUST-09945,2023-09-23,F,Santa Marta,social_media,0,33
CUST-09946,2023-01-10,M,Bucaramanga,social_media,1,18
CUST-09947,2024-06-09,M,Cúcuta,social_media,1,18
CUST-09948,2023-06-09,M,Bucaramanga,online,0,28
CUST-09949,2023-05-10,F,Cúcuta,presencial,1,33
CUST-09950,2023-05-27,F,Bucaramanga,presencial,1,48
CUST-09951,2024-01-23,M,Medellín,social_media,0,43
CUST-09952,2024-08-04,M,Cúcuta,presencial,1,37
CUST-09953,2023-10-01,F,Cúcuta,presencial,0,26
CUST-09954,2023-02-24,F,Manizales,social_media,0,25
CUST-09955,2024-01-15,F,Bucaramanga,online,0,37
CUST-09956,2023-09-13,M,Cali,social_media,1,41
CUST-09957,2024-03-04,M,Cúcuta,social_media,1,38
CUST-09958,2024-04-13,F,Santa Marta,online,0,24
CUST-09959,2023-07-07,F,Medellín,online,0,41
CUST-09960,2024-03-25,M,Pereira,online,0,39
CUST-09961,2023-12-29,F,Cali,online,0,24
CUST-09962,2024-04-24,F,Bucaramanga,social_media,0,27
CUST-09963,2024-05-29,M,Cartagena,online,1,41
CUST-09964,2023-10-21,M,Bucaramanga,presencial,1,32
CUST-09965,2023-10-10,M,Manizales,social_media,0,50
CUST-09966,2024-03-14,M,Cali,social_media,0,40
CUST-09967,2024-06-17,F,Medellín,online,1,30
CUST-09968,2023-08-23,M,Manizales,online,1,34
CUST-09969,2023-11-09,F,Bogotá,presencial,0,35
CUST-09970,2023-03-31,F,Medellín,online,0,27
CUST-09971,2023-11-09,F,Cúcuta,social_media,1,25
CUST-09972,2024-02-21,M,Bogotá,online,0,42
CUST-09973,2023-11-17,M,Cartagena,presencial,1,43
CUST-09974,2023-04-03,F,Manizales,social_media,1,41
CUST-09975,2023-03-23,F,Medellín,social_media,0,50
CUST-09976,2023-03-20,M,Barranquilla,online,1,29
CUST-09977,2023-09-03,F,Barranquilla,presencial,0,51
CUST-09978,2023-04-06,F,Pereira,presencial,0,25
CUST-09979,2023-06-19,F,Bogotá,online,0,24
CUST-09980,2024-08-12,F,Santa Marta,social_media,0,18
CUST-09981,2023-02-28,F,Cali,social_media,0,30
CUST-09982,2023-03-28,F,Bucaramanga,social_media,0,29
CUST-09983,2023-10-20,F,Cúcuta,online,0,40
CUST-09984,2024-07-21,F,Cartagena,social_media,0,37
CUST-09985,2024-05-19,M,Barranquilla,social_media,1,23
CUST-09986,2023-01-11,M,Santa Marta,online,0,31
CUST-09987,2024-03-10,F,Santa Marta,social_media,1,31
CUST-09988,2024-06-04,F,Bogotá,online,0,18
CUST-09989,2023-05-20,M,Pereira,presencial,0,25
CUST-09990,2024-05-06,M,Cúcuta,presencial,0,27
CUST-09991,2024-05-24,M,Santa Marta,online,0,49
CUST-09992,2024-06-11,F,Cartagena,online,0,36
CUST-09993,2024-06-29,M,Bogotá,online,0,41
CUST-09994,2023-05-08,M,Manizales,social_media,0,20
CUST-09995,2024-02-20,F,Cartagena,social_media,0,46
CUST-09996,2023-01-15,M,Bucaramanga,online,0,48
CUST-09997,2023-07-14,F,Pereira,online,1,18
CUST-09998,2023-01-08,M,Cúcuta,social_media,0,27
CUST-09999,2024-03-11,M,Pereira,social_media,0,39
CUST-10000,2024-07-01,M,Pereira,online,0,41
